"English sentence","Swahili Translation"
"CAPULET My sword, I say!--Old Montague is come,","CAPULET upanga wangu, nasema - Montague Old kuja,"
"Mary even thought she saw him wink his eyes as if to wink tears away.","Mary hata mawazo yake aliona wink macho yake kama ikiwa kwa wink machozi mbali."
"Do not join in it.","Wala kujiunga katika hilo."
"O'er-cover'd quite with dead men's rattling bones, With reeky shanks and yellow chapless skulls;","O'er-cover'd kabisa na mifupa ya wafu rattling, Kwa Shanks reeky na njano skulls chapless;"
"""I didn't try to give you the slip,"" said Marvel, in a voice that was not far remote from tears.","""Mimi si kujaribu kutoa kuingizwa,"" alisema Usistaajabu, kwa sauti ambayo haikuwa mbali mbali na machozi."
"Went in that there door.","Walikwenda katika mlango huko."
"""I'll tell you something,"" said Fearenside, mysteriously.","""Nitakuambia kitu,"" alisema Fearenside, mysteriously."
"He seemed quite familiar and not the least afraid.","Alionekana kabisa familiar na si angalau hofu."
"As Paris hath.","Kama ana Paris."
"But then Mr. and Mrs. Samsa climbed very quickly out of bed, one on either side.","Lakini basi Bw na Bi Samsa akapanda haraka sana nje ya kitanda, mmoja upande."
"Fain would I dwell on form,fain, fain deny What I have spoke; but farewell compliment!","Wanatafuta ingekuwa mimi kukaa juu ya fomu, Wanatafuta, Wanatafuta kukana Niliyoandika kuongea lakini pongezi kwaherini!"
"Or my true heart with treacherous revolt Turn to another, this shall slay them both:","Au moyo wangu wa kweli na Turn wasaliti uasi na mwingine, huu nao utawaua wote:"
"I'll treat you like a queen.","Mimi itabidi kutibu wewe kama malkia."
"Be more positive.","Kuwa chanya zaidi."
"At the moment, however, this money was not nearly sufficient to permit the family to live on the interest payments.","Wakati huu, hata hivyo, fedha hii haikuwa karibu kutosha kuruhusu familia wanaishi kwa malipo ya riba."
"I'm so pissed.","Mimi am pissed."
"In this software, we access about 500 variables from all the countries quite easily.","Katika programu hii ya kompyuta, tunaweza kupata karibu alama 500 kutoka katika nchi zote kwa urahisi."
"It lay between that and her bedroom, and I was determined to see which.","Ni kuweka kati ya kuwa na chumbani kwake, na mimi amua kuona ambayo."
"After all, I thought, we are not injuring her.","Baada ya yote, mimi mawazo, sisi si kuwajeruhi yake."
"This is the peace and quiet of my old age.""","Hii ni amani na utulivu wa uzee wangu. """
"They saw the dog's teeth had slipped the hand, heard a kick, saw the dog execute a flanking jump and get home on the stranger's leg, and heard the rip of his trousering.","Waliona meno ya mbwa alikuwa amekwisha mkono, alisikia kick, aliona mbwa kutekeleza flanking kuruka na kupata nyumbani kwenye mguu mgeni, na kusikia mpasuko wa wake trousering."
"As soon as she felt assured of this, she aroused the Rev. Mr. Bunting as quietly as possible.","Haraka kama yeye alihisi uhakika wa hii, ilipingwa kwa yeye Ufunuo Mheshimiwa Bunting kama kimya kimya kama iwezekanavyo."
"""I was looking,"" he stammered.","""Nilikuwa kuangalia,"" alisema stammered."
"Anyway, I envy you.","Anyway, mimi husuda."
"""You see,"" remarked Holmes, as we paced to and fro in front of the house, ""this marriage rather simplifies matters. The photograph becomes a double-edged weapon now.","""Unaweza kuona,"" alisema Holmes, kama sisi paced na huko na huko mbele ya nyumba, ""hii ndoa badala simplifies mambo. picha inakuwa mbili-edged silaha sasa."
"Why should I?","Nini nifanye?"
"""I'm keepin' secrets all th' time,"" he said.","""Mimi keepin 'siri zote th' wakati,"" alisema."
"Be patient, for the world is broad and wide.","Kuwa na subira, kwa ajili ya dunia ni pana na kubwa."
"ROMEO Stay, fellow; I can read. [Reads.]","Romeo Kaa, wenzangu, mimi unaweza kusoma."
"I will not budge for no man's pleasure, I.","Mimi si Budge kwa radhi mtu yeyote, I."
"Feels good, doesn't it?","Anahisi nzuri, siyo hivyo? ni kuwa wakati... pamoja."
"All that information we saw changing in the world does not include publicly-funded statistics.","Taarifa zote tunazoziona zikibadilika duniani hazihusishi takwimu zinazogharimiwa na umma."
"It is stated by an anonymous bystander that his trousers and gloves had been changed.","Ni alisema kwa bystander suruali yake bila kuwa na kinga alikuwa iliyopita."
"'Serpent, I say again!' repeated the Pigeon, but in a more subdued tone, and added with a kind of sob, 'I've tried every way, and nothing seems to suit them!'","'Nyoka, nasema tena!' Mara kwa mara Pigeon, lakini kwa sauti ya zaidi ya hawa, na aliongeza na aina ya sob, 'Nimekuwa walijaribu kila njia, na hakuna inaonekana suti wao!'"
"- Hullo, hullo!","- Hullo, hullo!"
"""I shall keep my hand on your shoulder,"" said the Voice, ""all through the village.","""Mimi mtaishika mkono wangu juu ya bega lako,"" alisema Sauti, ""wote kwa njia ya kijiji."
"""Steady, sir."" ""Mast-head ahoy!","""Thabiti, Mheshimiwa."" ""Mlingoti-kichwa ahoy!"
"That was pretty long huh?","Hiyo ilikuwa pretty muda mrefu huh?"
"Gazetteer.""","Gazetteer. """
"BALTHASAR","Balthasar"
"Up-spouted by a whale in air, To express unwieldy joy.""","Up-spouted na nyangumi katika hewa, kwa kueleza furaha unwieldy. """
"""What does that mean?"" asked Mary seriously.","""Ni nini maana gani?"" Aliuliza Mary umakini."
"That one short minute gives me in her sight:","Kwamba dakika moja short anitiaye mbele yake:"
"before we were using a kerosene lamp and the big torches","mwanzo tulikuwa tuna tumia chemli taa ya mafuta ya taa na zile zinazo tumia betri"
"Our visitor bore every mark of being an average commonplace British tradesman, obese, pompous, and slow.","Mgeni wetu alichukua kila alama ya kuwa wastani wa kawaida wa Uingereza mtenzi, feta, lodi, na polepole."
"You're a fool and all that, but you'll do-- ""","Wewe ni mjinga na yote hayo, lakini wewe kufanya - """
"She had never thought there could be so many in any house.","Alikuwa na kamwe mawazo kuna inaweza kuwa wengi katika nyumba yoyote."
"It was so uncanny to Henfrey that for a minute they remained staring blankly at one another.","Ilikuwa ni uncanny kwa Henfrey kwamba kwa dakika walikaa staring blankly katika moja mwingine."
"The boy gives warning something doth approach.","Kijana anatoa onyo kitu anajua mbinu."
"""I am Mr. Holmes,"" answered my companion, looking at her with a questioning and rather startled gaze.","""Mimi ni Bw Holmes,"" alijibu rafiki yangu, kuangalia saa yake na kuuliza maswali, na badala startled macho."
"She pulled open the door of the bedroom and yelled in a loud voice into the darkness,","Yeye vunjwa kufungua mlango wa chumba cha kulala na yelled kwa sauti kubwa katika giza,"
"Immediately a second one flew after it.","Mara moja baada ya pili akaruka."
"But Mozilla has not wanted to do that blindfolded.","Lakini Mozilla bado alitaka kufanya hivyo blindfolded."
"Earlier this consideration had been something he was proud of.","Mapema maanani hii ilikuwa kitu alikuwa kujivunia."
"Our reserve of bullion is much larger at present than is usually kept in a single branch office, and the directors have had misgivings upon the subject.""","Akiba yetu ya bullion ni kubwa sasa kuliko kawaida ni agizo katika moja tawi la ofisi, na wakurugenzi wa kuwa na wasi juu ya somo hilo. """
"Sin not; but if you do, take heed to repent of it like Jonah.""","Dhambi, lakini kama wewe, jihadharini kutubu ni kama Yona. """
"Snapping away with a camera when he ought to be improving his mind, and then diving down into the cellar like a rabbit into its hole to develop his pictures.","Snapping mbali na kamera wakati inabidi kuboresha akili yake, na kisha mbizi chini kwa chini ya pishi kama sungura ndani ya shimo zake za kuendeleza picha yake."
"While we drink and search for love, we forget about the truth~","Wakati sisi kunywa na kutafuta upendo, sisi kusahau kuhusu ukweli ~"
"""No illustrations throwing light--"" ""See for yourself,"" said Mr. Cuss.","""Hakuna mifano kutupa mwanga -"" ""Angalia kwa mwenyewe,"" alisema Bw mzaha."
"--MONTGOMERY'S WORLD BEFORE THE FLOOD.","- MONTGOMERY 'S DUNIANI kabla ya gharika."
"I will just try these three sentences of","Mimi tu kujaribu hukumu hizi tatu ya"
"JULlET Feeling so the loss,","Juliet Feeling hivyo hasara,"
"'You might just as well say,' added the March Hare, 'that ""I like what I get"" is the same thing as ""I get what I like""!'","'Unaweza tu pamoja na kusema,' aliongeza Hare Machi, 'kwamba ""mimi kama nini mimi kupata"" ni kitu sawa kama ""mimi kupata nini mimi kama""! '"
"I don't care!","Mimi sijali!"
"It's none bare.","Ni wazi hakuna."
"Globally, Internet Explorer is still the largest, although their share slowly decreases.","Kimataifa, Internet Explorer bado ni kubwa, ingawa sehemu yao polepole itapungua."
"Meanwhile in the next room it had become really quiet.","Wakati huo huo katika chumba cha pili ni kweli alikuwa na kuwa kimya."
"Morning exercise?","Morning zoezi?"
"They haven't noticed--""","Wao si niliona - """
"To be sure, it might be nothing but a good coat of tropical tanning; but I never heard of a hot sun's tanning a white man into a purplish yellow one.","Ili kuwa na uhakika, inaweza kuwa kitu lakini kanzu nzuri ya tanning kitropiki, lakini mimi kamwe kusikia ya jua kali la tanning mtu purplish nyeupe katika moja ya njano."
"Our Sun has been living for about 4.6 billion years.","Jua letu limekuwa likiishi kwa miaka bilioni 4.6."
"You're going to add-- and there's actually two ways to think about it.","Utajumulisha na kwa hakika kunazo njia mbili za kuifikiria"
"Alright, I'll take care of it.","Alright, mimi itabidi kuchukua huduma yake."
"My brother, he is a scumbag.","Ndugu yangu, yeye ni scumbag."
"""He's quicker at climbing down holes than I am.","""Ni wepesi katika kupanda chini mashimo kuliko mimi."
"I'm just joking.","Mimi tu utani."
"Tha' hasn't.""","Tha 'siyo. """
"Away to heaven respective lenity, And fire-ey'd fury be my conduct now!--","Mbali mbinguni lenity husika, Na moto-ey'd hasira kuwa tabia yangu sasa! -"
"Gregor wanted to answer in detail and explain everything, but in these circumstances he confined himself to saying, ""Yes, yes, thank you mother.","Gregor alitaka kujibu kwa kina na kueleza kila kitu, lakini katika hizi hali yeye mwenyewe kufungiwa kwa kusema, ""Ndiyo, ndiyo, asante mama."
"Concord Fight!","Concord Kupambana!"
"And more inconstant than the wind, who wooes Even now the frozen bosom of the north,","Na zaidi ya upepo kigeugeu, ambaye wooes Hata sasa kifua waliohifadhiwa ya kaskazini,"
"Bottles--chemicals--everywhere.","Mizani, mtihani-zilizopo katika limesimama, na harufu ya - Primrose jioni."
"PRlNCE Search, seek, and know how this foul murder comes.","PRINCE Search, kutafuta, na kujua jinsi hii mauaji mchafu huja."
"After me!","Baada ya mimi!"
"Meanwhile it had become much brighter.","Wakati huo huo alikuwa na kuwa mkali sana."
"I feel like I want to run.","Najisikia kama mimi unataka kukimbia."
"At that he returned to his bedroom, armed himself with the most obvious weapon, the poker, and descended the staircase as noiselessly as possible.","Wakati alirudi chumbani mwake, silaha yake na silaha wazi zaidi, poker, na alishuka staircase kama noiselessly iwezekanavyo."
"So where is this russian friend of yours anyway?","Kwa hiyo ambapo ni rafiki hii russian yenu anyway?"
"Gregor had not heard anything of her approach.","Gregor walikuwa hawajasikia lolote katika mtazamo wake."
"So far Mozilla has had no problem waiting.","Hadi sasa Mozilla imekuwa na hakuna kusubiri tatizo."
"Respectfully--but it is so--"" ""If you don't shut up I shall twist your wrist again,"" said the Invisible Man.","Heshima - lakini ni hivyo - "" Kama si kufunga mimi twist yako wrist tena, ""alisema Invisible Man."
"'I don't know of any that do,' Alice said very politely, feeling quite pleased to have got into a conversation.","'Sijui ya yoyote kwamba kufanya,' Alice alisema politely sana, hisia kabisa radhi kwa got katika mazungumzo."
"SAMPSON Gregory, o' my word, we'll not carry coals.","Sampson Gregory, neno o 'yangu, tutaweza si kubeba makaa."
"He was an undergraduate.","Alikuwa shahada ya kwanza."
"I'm actually trying to lower the bar.","Ninajaribu kushusha matumaini."
"She went away in high spirits as soon as she had given Mary her breakfast.","Yeye alikwenda zake katika roho ya juu kwa haraka kama yeye alikuwa amewapa Mary kifungua kinywa yake."
"And they're catching up very dramatically.","Na wanatukaribia kwa haraka sana."
"Coburg Square, and the ominous words with which he had parted from me.","Coburg Square, na maneno ominous na ambayo alikuwa wakagawana kutoka kwangu."
"""I never,"" she whispered.","""Mimi kamwe,"" alisema alimtia wasiwasi."
"Tempering extremities with extreme sweet.","Matiko extremities na tamu sana."
"""I'm sorry to handle you so roughly,"" said the Voice, ""but it's unavoidable.""","""Samahani kushughulikia wewe hivyo karibu,"" alisema sauti, ""lakini ni kuepukika."""
"Villain am I none; Therefore farewell; I see thou know'st me not.","Villain ni mimi hakuna; hiyo ya kuagana; Mimi naona wewe know'st mimi si."
"Two such opposed kings encamp them still","Mbili vile kinyume wafalme kambi yao bado"
"CAPULET And too soon marr'd are those so early made. The earth hath swallowed all my hopes but she,-- She is the hopeful lady of my earth:","CAPULET Na mapema mno marr'd ni wale alifanya hivyo mapema. duniani ana matumaini na kukata tamaa yangu yote lakini yeye, - She ni mwanamke matumaini ya dunia yangu"
"Besides, by then someone from the office will arrive to inquire about me, because the office will open before seven o'clock.""","Mbali na hilo, kwa wakati huo mtu kutoka ofisi ya kufika kwa kuuliza kuhusu mimi, kwa sababu ofisi ya wazi kabla ya saa saba. """
"But, besides being a black woman, I am different from most of you in some other ways.","Lakini, pamoja na kuwa mwanamke mweusi, niko tofauti na wengi wenu katika njia nyingine."
"THE PROLOGUE [Enter Chorus.]","Dibaji [Enter Chorus.]"
"She was not very clever at it, but she liked it so much that she did not want to stop.","Alikuwa si wajanja sana katika hilo, lakini yeye walipenda ni kiasi kwamba yeye hakutaka kuacha."
"If they found out, the whole school will know.","Kama walichokiona shule nzima kujua."
"What unaccustom'd cause procures her hither?","Nini unaccustom'd kusababisha procures hapa yake?"
"Back he comes with a knife in uz hand and a loaf; stood just as if he was staring.","Back yeye kuja na kisu katika Usi mkono na mkate; alisimama tu kama kama alikuwa staring."
"In th' flower gardens out there things will be stirrin' down below in th' dark.","Katika th 'bustani ya maua nje kuna mambo yatakuwa stirrin' chini chini katika giza th '."
"Here the Dormouse shook itself, and began singing in its sleep 'Twinkle, twinkle, twinkle, twinkle--' and went on so long that they had to pinch it to make it stop.","Hapa Dormouse shook yenyewe, na alianza kuimba katika Twinkle kulala kwake, meremeta, meremeta, memetuka - 'na akaenda kwa muda mrefu kwamba walikuwa kwa Bana ni kufanya ni kuacha."
"Chrome is constantly updating its browser and during the last couple of years, Microsoft has focused on Explorer updates and has a version 9 coming out soon.","Chrome daima uppdatering browser yake na wakati wa miaka michache iliyopita, Microsoft umelenga Explorer updates na ina version 9 kuja nje hivi karibuni."
"""Says he wi' nart,"" said Hall.","""Anasema yeye nart wi ',"" alisema Hall."
"Throw your mistemper'd weapons to the ground And hear the sentence of your moved prince.--","Kutupa silaha yako mistemper'd chini na kusikia hukumu ya mkuu wako wakiongozwa .--"
"ROMEO Meaning, to court'sy.","Romeo Maana, kwa court'sy."
"But you're my senior in life since you're married.","Lakini Wewe ni mwandamizi wangu katika maisha tangu Wewe ni kuolewa."
"Mrs. Hall saying his dog didn't have no business to bite her guests; there was","Bi Hall akisema mbwa wake hawakuwa na hakuna biashara kwa bite wageni wake, kuna"
"ROMEO I'll tell thee ere thou ask it me again.","Romeo Nitakuambia yako kabla ya kuwafikia wewe kuuliza ni mimi tena."
"There is a wonderful sympathy and freemasonry among horsey men.","Kuna huruma ya ajabu na freemasonry miongoni mwa watu Horsey."
"And if we obey God, we must disobey ourselves; and it is in this disobeying ourselves, wherein the hardness of obeying God consists.","Na kama sisi kumtii Mungu, lazima tumekataa sisi wenyewe, na ni ya kutomtii hii wenyewe, ambayo ugumu wa Mungu lina kutii."
"[Enter, at the other end of the Churchyard, Friar Lawrence, with a lantern, crow, and spade.]","[Enter, mwisho wake Churchyard, Friar Lawrence, na taa, jogoo, na jembe.]"
"But, as it seems, did violence on herself.","Lakini, kama inaonekana, alifanya vurugu juu yake."
"It is now filled with the smooth sumach (Rhus glabra), and one of the earliest species of goldenrod (Solidago stricta) grows there luxuriantly.","Kwa sasa ni kujazwa na sumach laini (Rhus glabra), na mmoja wa mwanzo aina ya goldenrod (Solidago stricta) kukua huko luxuriantly."
"Swish, rustle.","Swish, chakacha."
"Fill to THlS mark, and your charge is but a penny; to THlS a penny more; and so on to the full glass--the Cape Horn measure, which you may gulp down for a shilling.","Kujaza na alama hii, na ulinzi wako lakini senti; kwa THIS senti zaidi, na kadhalika kwa kioo kamili - Cape Pembe kipimo, ambayo unaweza gugumia chini kwa shilingi."
"It is a perfectly overpowering impulse, and","Ni msukumo overpowering kikamilifu, na"
"--EDMUND BURKE'S REFERENCE IN PARLlAMENT TO THE NANTUCKET WHALE-FlSHERY.","Reference Edmund Burke katika Bunge YA NANTUCKET nyangumi-Uvuvi -."
"""There will call upon you to-night, at a quarter to eight o'clock,"" it said, ""a gentleman who desires to consult you upon a matter of the very deepest moment.","""Kutakuwa na wito kwa wewe na-usiku, saa 7:45 usiku,"" ilisema, "" muungwana anaye taka ushauri wewe juu ya suala la muda sana ndani kabisa."
"[applause and cheering]","[upigaji makofi na ukelele wa kufurahia]"
"""Yes,"" said Mr. Bunting, and the doctor repeated it.","""Ndiyo,"" alisema Bw Bunting, na daktari mara kwa mara yake."
"Day 6:","Siku ya sita:"
"""But they take long enough to get well, don't they? ...","""Lakini wao kuchukua muda wa kutosha kwa kupata vizuri, wala wao? ..."
"What if Sangmin's parents and your's find out about this?","Nini kama Sangmin wa wazazi na yenu kujua kuhusu hili?"
"That's good.","Hiyo ni nzuri."
"Displant a town, reverse a prince's doom, It helps not, it prevails not,--talk no more.","Displant mji, reverse adhabu mkuu, Inasaidia, si ipo si, - majadiliano hakuna zaidi."
"""Quite so,"" he answered, lighting a cigarette, and throwing himself down into an armchair.","""Ni hivyo,"" yeye akajibu, taa sigara, na kutupa mwenyewe chini katika armchair."
"Everything was ruddy, shadowy, and indistinct to her, the more so since she had just been lighting the bar lamp, and her eyes were dazzled.","Kila kitu kilikuwa wekundu, shadowy, na indistinct yake, zaidi kwa vile yeye alikuwa tu kuwa taa na bar, na macho yake yalikuwa dazzled."
"LADY CAPULET What say you? can you love the gentleman?","LADY CAPULET kusema nini wewe? unaweza upendo muungwana?"
"'Hold your tongue!' said the Queen, turning purple.","Alisema Malkia, na kugeuka rangi ya zambarau."
"Thank you very much.","Asante Sana."
"Find him!","Kumpata!"
"[Enter Romeo.]","[Enter Romeo.]"
"'You should learn not to make personal remarks,' Alice said with some severity;","'Unapaswa kujifunza kufanya hotuba ya binafsi,' Alice alisema kwa ukali baadhi;"
"""What did he do that for?"" asked Mary.","""Ni nini yeye kufanya hivyo kwa?"" Aliuliza Maria."
"He coughed, put on his glasses, arranged them fastidiously, coughed again, and wished something would happen to avert the seemingly inevitable exposure.","Yeye coughed, kuvaa miwani yake, mpangilio wao fastidiously, coughed tena, na taka kitu kinachoweza kutokea kwa kuzuia mfiduo inaonekana lazima."
"He hopped about and pecked the earth briskly, looking for seeds and insects.","Yeye hopped kuhusu dunia na pecked briskly, kutafuta mbegu na wadudu."
"""I say!"" said Jaffers, brought up short by a dim realization of the incongruity of the whole business, ""Darn it!","""Mimi kusema!"" Alisema Jaffers, alileta hadi short na kutambua dim ya tafauti yoyote ya nzima ya biashara, ""darn it!"
"This is as't should be.--Let me see the county; Ay, marry, go, I say, and fetch him hither.--","Hii ni lazima as't .-- Napenda kuona kata, Ay, kuoa, kwenda, nasema, na kumchukua hapa .--"
"What a great excuse!","Nini udhuru kubwa!"
"- I'll be at our seats.","- Nitakuwa kwenye viti yetu."
"His fingers trembled while doing so.","Vidole vyake kutetemeka wakati akifanya hivyo."
"I fear it is: and yet methinks it should not, For he hath still been tried a holy man:--","Mimi hofu ni: na bado methinks ni lazima, kwa kuwa yeye bado amehukumiwa mtu mtakatifu: -"
"Have fun.","Kuwa na furaha."
"How queer everything is to-day!","Jinsi Queer kila kitu ni kwa siku!"
"yeah she was born, was born in what year? i was born in 1965","yeah amezaliwa, mwaka gani umesema umezaliwa? mi nimezaliwa 1965"
"Everything's great, thanks to you.","Kila kitu mkuu, shukrani kwa wewe."
"If I had never dropped out, I would have never dropped in on this calligraphy class, and personal computers might not have the wonderful typography that they do.","Nisipongeliachana na masomo singalipitia darasa lile la utaalamu wa maandiko. matokeo yake tarakilishi ya kibinafsi hazingekuwa na vivutio kiasi zinazokuwa nazo."
"""All right,"" said Jones with a stare and a snigger.","""Sawa,"" alisema Jones na staré na snigger."
"Then he was struck violently in the chest, hurled back, and the door slammed in his face and locked.","Kisha alipigwa kwa ukali katika kifua, hurled nyuma, na mlango slammed katika wake uso na imefungwa."
"She went and stood beside him and watched him a few moments in her cold little way.","Yeye akaenda, akasimama karibu naye na watched naye dakika chache katika njia yake baridi kidogo."
"I became extremely buoyant.","Nimeishi sana buoyant."
"'Come, that finished the guinea-pigs!' thought Alice.","'Haya, kwamba kumaliza Guinea-nguruwe!' Walidhani Alice."
"Gregor was now shut off from his mother, who was perhaps near death, thanks to him.","Gregor sasa ilikuwa imefungwa mbali na mama yake, ambaye alikuwa labda karibu kufa, kumshukuru huyo."
"PETER I will then give it you soundly.","PETER mimi kisha kuwapa ninyi soundly."
"I pursued with a paddle and he dived, but when he came up I was nearer than before.","Mimi walifuata kwa paddle na yeye dived, lakini Alipofika juu nilikuwa karibu zaidi kuliko kabla."
"I don't like what you guys do, but I'm not gonna mix in this and not gonna tell you what to do.","Sijui kama nini guys kufanya, lakini nina gonna mchanganyiko katika hili na si gonna kuwaambia nini kufanya."
"When people had the cholera it seemed that they remembered nothing but themselves.","Wakati watu alikuwa na kipindupindu ilionekana kuwa wakayakumbuka chochote lakini wao wenyewe."
"Its mother had been killed nearby an' th' hole was swum out an' th' rest o' th' litter was dead.","Mama yake walikuwa wameuawa karibu 'th' shimo alikuwa swum nje kupumzika 'th' 'th' o takataka alikuwa amekufa."
"There are no fours here!","Hakuna nambari nne yoyote hapa!"
"'Nowt o' th' soart' means 'nothin'-of-the- sort,'"" slowly and carefully, ""but it takes so long to say it.","'Nowt o' th 'soart' maana yake 'nothin'-ya-aina-,' ""polepole na kwa makini,"" lakini inachukua muda mrefu ya kusema hivyo."
"They call themselves the ""elder brothers"" and they say we, who are the younger brothers, are the ones responsible for destroying the world.","Wanajiita kaka wakubwa na wanasema sisi, ambao ni kaka wadogo, tunaohusika na kuiharibu dunia,"
"Bondage is hoarse and may not speak aloud;","Utumwa ni hoarse na wala kusema kwa sauti;"
"I end now with the world.","Ninamalizia sasa na dunia."
"Sangmin, what are you doing?","Sangmin, unafanya nini?"
"Weston woods.","Weston Woods."
"Professor Katey Walter from the University of Alaska went out with another team to another shallow lake last winter.","Profesa Katey Walter kutoka Chuo Kikuu cha Alaska alienda pamoja na timu nyingine kwenye ziwa jingine fupi wakati wa masika iliyopita."
"It is super fast and the sync function is exciting to play with.","Ni super haraka na kazi Sync ni ya kusisimua na kucheza na."
"- Yeah...","- Yeah..."
"When the procession came opposite to Alice, they all stopped and looked at her, and the","Wakati maandamano alikuja kinyume na Alice, wote kusimamishwa na kuangalia saa yake, na"
"Hello?","Hello?"
"I've got my boots in this country ten years or more.","Mimi nimepata buti wangu katika nchi hii miaka kumi au zaidi."
"I'll show you.","Mimi nitakuonyeshea."
"I don't have anybody else I can come on.","Sina mtu mwingine naweza kuja juu."
"Contralto--hum!","Contralto - hum!"
"[Re-enter Juliet, above.]","[Re-kuingia Juliet, hapo juu.]"
"[Drawing his sword.]","[Kuchora upanga wake.]"
"Think of the servants running away and leaving her all alone in that deserted bungalow.","Fikiria ya watumishi wa kukimbia na kuacha wake wote kuwa peke yake katika faragha bungalow."
"ROMEO I would I were thy bird.","Romeo napenda ningekuwa ndege yako."
"I don't know where he is.","Sijui alipo."
"Hey, mom!","Hey, mama!"
"LADY CAPULET What noise is here?","LADY CAPULET kelele ni nini hapa?"
"Suddenly he became aware of a strange feeling at the nape of his neck.","Ghafla akawa na ufahamu wa ajabu hisia katika kikosi chake."
"FRlAR Bliss be upon you!","FRIAR neema iwe juu yenu!"
"I drew to part them: in the instant came The fiery Tybalt, with his sword prepar'd;","Nilitoa kwa sehemu yao papo hapo alikuja Tybalt moto, na upanga wake prepar'd;"
"I did not gain very much, however, by my inspection.","Sikuweza kupata sana, hata hivyo, na yangu ukaguzi."
"That was why the place was so quiet.","Na ndiyo mahali ilikuwa ya utulivu."
"The bearded man's revolver cracked and the looking-glass at the back of the parlour starred and came smashing and tinkling down.","Bearded mtu bastola ya kupasuka na kuangalia-kioo nyuma ya chumba hoja na kuja smashing na zikilia chini."
"Prizes!'","Zawadi! '"
"She quite hated Mrs. Medlock at the moment, but she hated her more the next.","Yeye kuchukiwa kabisa Bi Medlock kwa sasa, lakini yeye kuchukiwa yake zaidi ijayo."
"'Oh, PLEASE mind what you're doing!' cried Alice, jumping up and down in an agony of terror.","'Oh, PLEASE akili nini wewe kufanya!' Kelele Alice, kuruka juu na chini katika uchungu wa ugaidi."
"Obviously they have been caused by someone who has very carelessly scraped round the edges of the sole in order to remove crusted mud from it.","Wazi wao kuwa unasababishwa na mtu ambaye ana ovyo sana scraped raundi ya edges wa pekee ili kuondoa crusted matope kutoka humo."
"Go, get thee to thy love, as was decreed,","Nenda, wewe kupata upendo wako, kama ilivyokuwa hukumu,"
"Good, I like that.","Nzuri, mimi kama hiyo."
"Piteous predicament!","Piteous tatizo!"
"He saw the village flags and festivities beyond, and a face or so turned towards him.","Aliona bendera kijiji na sikukuu ya nje, na uso au hivyo waleta yake."
"I mean, we know that the brain changes throughout life based on experiences.","Twafahamu kuwa ubongo unabadilia kulingana na uzoefu wa maisha"
"FRlAR JOHN I could not send it,--here it is again,--","FRIAR JOHN sikuweza kutuma, - hapa ni tena, -"
"Mary, a new idea taking possession of her.","Maria, wazo mpya kuchukua mali yake."
"It's true--I assure you; as true as I'm sitting here talking about him in vain.","Ni kweli - mimi kuwahakikishia, kama kweli kama mimi nina ameketi hapa kuzungumza juu yake bure."
"She had a little thin face and a little thin body, thin light hair and a sour expression.","Alikuwa na uso mwembamba kidogo na kidogo nyembamba mwili, nywele nyembamba mwanga na siki kujieleza."
"I was ten years old.","Nilikuwa na umri wa miaka kumi."
"That's one one, plus another one, plus another one.","Hiyo ni moja uongeze moja kasha uongeze moja nyingine ya tatu."
"Stop!"" The hand gripped his arm.","Stop! ""Mkono umeandama mkono wake."
"There was a low rumbling of heavy sea-boots among the benches, and a still slighter shuffling of women's shoes, and all was quiet again, and every eye on the preacher.","""Kulikuwa na buti za ngurumo ya bahari-zito kati ya madawati, na bado slighter shuffling ya viatu ya wanawake, na yote utulivu tena, na kila jicho juu ya mhubiri."
"Have at thee, coward!","Je, katika wewe, mwoga!"
"And then in a twinkling I heard on the roof, The prancing and pawing of each little hoof.","Na kisha kufumba nikasikia juu ya paa, tambo na para ya kwato kila kidogo."
"None of us want that, and we all have that in common.","Wote hatutaki hivyo, na wote tuna jambo linalofanana."
"Aye, I can keep secrets.""","Aye, siwezi kuweka siri. """
"hi you lose people want to really up that that you better come into my frame of reference now","hi wewe kupoteza watu wanataka kweli juu kwamba wewe bora kuja katika sura yangu ya rejea sasa"
"Chris Anderson:","Chris Anderson:"
"But I will write again to Mantua, And keep her at my cell till Romeo come;--","Lakini mimi kuandika tena kwa Mantua, Na kuweka yake katika kiini wangu mpaka Romeo kuja, -"
"When I'm goin' home to her on my day out I just jump for joy when I'm crossin' the moor.""","Wakati mimi nina goin 'nyumbani kwake siku yangu nje mimi tu kuruka kwa furaha wakati mimi nina crossin'"
"Open the...","Fungua..."
"We share what we love and it reminds us what we all have in common.","Tunashirikiana kile tukipendacho na kinatukumbusha kile tulichonacho kwa pamoja."
"I know.","Najua."
"THE ADVENTURES OF SHERLOCK HOLMES by","YA ADVENTURES ZA Holmes Sherlock na"
"We'll be painting until dawn.","Tutaweza kuwa uchoraji mpaka alfajiri."
"I am sure you could never guess how I employed my morning, or what I ended by doing.""","Nina uhakika kamwe nadhani jinsi mimi walioajiriwa asubuhi yangu, au kile kumalizika kwa kufanya. """
"Beau--ootiful Soo--oop!","Beau - ootiful Soo - oop!"
"She lives quietly, sings at concerts, drives out at five every day, and returns at seven sharp for dinner.","Anaishi kimya kimya, kuimba katika matamasha, anatoa nje saa tano kila siku, na anarudi saa saba makali kwa ajili ya chakula cha jioni."
"She did not want to stay.","Hakutaka kukaa."
"Then I made inquiries as to this mysterious assistant and found that I had to deal with one of the coolest and most daring criminals in London.","Kisha mimi alifanya maswali kama hii msaidizi wa ajabu na kugundua kwamba mimi alikuwa na kukabiliana na mmoja wa wahalifu coolest na wengi daring katika London."
"Don't get me involved in this crap.","Hawapati mimi kushiriki katika crap hii."
"Queequeg, look here--you sabbee me, I sabbee--you this man sleepe you--you sabbee?""","Queequeg, angalia hapa - wewe sabbee mimi, mimi sabbee - wewe mtu huyu sleepe wewe - wewe sabbee? """
"Gather'd in shoals immense, like floating islands,","Gather'd katika shoals kubwa, kama visiwa floating,"
"""But how can I sleep?","""Lakini jinsi gani mimi usingizi?"
"Not a word was spoken until the last echoes of the slam had died away.","Hakuna neno lililonenwa iliyopewa kichwa mpaka mwisho ya slam alikufa mbali."
"Rumor said that he had been a soldier at Waterloo.","Uvumi alisema kwamba alikuwa askari katika Waterloo."
"Somebody went sheepishly and called for Mrs. Hall.","Mtu akaenda sheepishly na kutoa wito kwa Bi Hall."
"Did he say anything to you?","Je, wanasema chochote wewe?"
"I like Jungwoo too!","Mimi kama Jungwoo pia!"
"He no longer trusted himself to decide any more.","Yeye tena kuaminiwa mwenyewe kuamua tena."
"Quickly and with his eyes watering with satisfaction, he ate one after the other the cheese, the vegetables, and the sauce. The fresh food, by contrast, didn't taste good to him.","Haraka na kwa macho yake ya kumwagilia na kuridhika, akala mmoja baada ya mwingine jibini, mboga mboga, na mchuzi. chakula safi, kwa upande wake, hakuwa na ladha nzuri kwake."
"Ere he that should be husband comes to woo.","Kabla ya kuwafikia yeye kwamba lazima mume anakuja woo."
"He looked at the Gryphon as if he thought it had some kind of authority over Alice.","Alipomwona Gryphon kama alidhani alikuwa na aina fulani ya mamlaka juu ya Alice."
"But even this wears off in time.","Lakini hata hili wears mbali kwa wakati."
"Well then, what if he reported in sick?","Vizuri basi, ni nini kama ilivyoripotiwa katika ugonjwa?"
"APOTHECARY Such mortal drugs I have; but Mantua's law Is death to any he that utters them.","APOTHECARY kama dawa ya kufa mimi, lakini sheria Mantua ni kifo kwa mtu yeyote yule aliyemsingizia yao."
"Marriage, accept it with grace.","Ndoa, kukubali kwa neema."
"I will go call the watch.","Nitakwenda kupiga kuangalia."
"""If there was a grand Missus at","""Kama kulikuwa na Missus grand katika"
"That's not th' way for a young lady to talk.","Hiyo si th 'njia kwa ajili ya mwanamke kijana wa kuzungumza."
"She is the fairies' midwife; and she comes In shape no bigger than an agate-stone","Yeye ni mkunga fairies '; na yeye huja Katika sura hakuna kubwa kuliko jiwe akiki nyekundu-"
"Duchess, 'as pigs have to fly; and the m--'","Duchess, 'kama nguruwe na kuruka, na m -'"
"- Goodness...","- Fadhili..."
"She walked away, slowly thinking.","Alitembea mbali, polepole kufikiri."
"Both gentlemen started violently, looked round, and were relieved to see a sporadically rosy face beneath a furry silk hat.","Wote waungwana kuanza kwa ukali, akatazama pande zote, na walikuwa na kuondoka kuona sporadically rosy uso chini ya kofia furry hariri."
"- Let's just do it.","- Hebu tu kufanya hivyo."
"Did they encourage you to select English?","Je, moyo kuchagua Kiingereza?"
"Oh, you're here!","Oh, Wewe ni hapa!"
"at night we have our procedure 11:30 it has to be off so if your the last to get in you turn it off or even if is not eleven if we are all in we switch it off","na usiku tumejiekea sistimu saa tano tuna zima kwahiyo mtu wa mwisho kuingia anazima au kama kabla ya saa tano kama wote msha ingia mnazima"
"""Thanks,"" he said concisely, as she put them down, and turned his shoulder upon her and stared out of the window again.","""Asante,"" alisema concisely, kama yeye kuweka yao chini, na akageuka bega lake juu yake na stared nje ya dirisha tena."
"- Sir, you must be seated.","- Mheshimiwa, wewe lazima amekaa."
"PETER Musicians, O, musicians, 'Heart's ease,' 'Heart's ease':","PETER wanamuziki, O, wanamuziki, 'Moyo wa urahisi,' 'Moyo wa kupunguza':"
"LADY CAPULET That same villain Romeo.","LADY CAPULET hiyohiyo Romeo villain."
"NURSE My fan, Peter.","Muuguzi mashabiki wangu, Peter."
"That's better! Right? See?","Haya, tuko tayari."
"Ah, poor my lord, what tongue shall smooth thy name, When I, thy three-hours' wife, have mangled it?--","Ah, maskini bwana wangu, nini itakuwa ulimi laini jina lako, Wakati mimi, wako tatu masaa mke, na mangled hivyo? -"
"All of you that are veterans, raise your hands so we can give you a round of applause and say","Maveteran wote inueni mikono tuwaone ndio tuwashangilie na tuwape"
"It was beautiful, historical, artistically subtle in a way that science can't capture, and I found it fascinating.","Kujifunza huko kulikuwa kuzuri, kwenye usanaa usio na kujivuna mbali na mazingira ya kisayansi, kwangu mimi nilivutiwa kupindukia."
"BENVOLlO An if he hear thee, thou wilt anger him.","BENVOLIO kusikia kama wewe, utaona hasira yake."
"New Orleans has a parade. (Laughter)","New Orleans kuna gwaride.(Vicheko)"
"We have the capacity to do it.","Tuna uwezo wa kutenda."
"And here poor Alice began to cry again, for she felt very lonely and low-spirited.","Na hapa maskini Alice akaanza kulia tena, kwa alihisi upweke sana na chini spirited."
"The kind of neuroscience that I do and my colleagues do is almost like the weatherman.","Hii sayansi ya ubongo ninayofanya na wenzangu ni kama mtabiri wa hali ya hewa."
"35) and forty-five (tsh.","35) na arobaini na tano(tsh."
"The Frog-Footman repeated, in the same solemn tone, only changing the order of the words a little, 'From the Queen. An invitation for the Duchess to play croquet.'","Frog-Footman mara kwa mara, katika tone moja kabisa, tu kubadilisha utaratibu wa maneno kidogo, 'From Queen. mwaliko kwa Duchess kucheza croquet. '"
"Medlock was shaking her.","Medlock alikuwa kutetereka yake."
"""And circumstances certainly point--"" ""Stuff and nonsense!"" said the Invisible","""Na hali ya shaka uhakika -""! ""Natumaini hivyo, sir, lakini Mimi nimepata yangu maelekezo. """
"Then we'll see.","Basi tutaweza kuona."
"When I opened my door in the evening, off they would go with a squeak and a bounce.","Wakati mimi alifungua mlango wangu jioni, mbali wangeweza kwenda na squeak na Bounce."
"I keep it only to safeguard myself, and to preserve a weapon which will always secure me from any steps which he might take in the future.","Mimi kushika ni kulinda tu mwenyewe, na kuhifadhi silaha ambayo daima salama mimi kutoka hatua yoyote ambayo inaweza kuchukua katika siku zijazo."
"He was a remarkably handsome man, dark, aquiline, and moustached--evidently the man of whom I had heard.","Yeye ni mtu inashangaza mzuri, giza, aquiline, na moustached - dhahiri ya mtu ambaye mimi nilikuwa habari."
"Meow~","Meow ~"
"I'm a man, ain't I?","Mimi ni mtu, si mimi?"
"'How the devil,' said I, 'can you move an empty sleeve like that?'","'Jinsi shetani,' alisema mimi, unaweza hoja sleeve tupu kama haya?"
"If you still don't know.","Kama bado hawajui."
"Suddenly the dog began growling again.","Ghafla mbwa wakaanza guno tena."
"A Frenchman or Russian could not have written that.","A Mfaransa au Kirusi hakuweza kuwa Imeandikwa hiyo."
"He managed to do this easily, and in spite of its width and weight his body mass at last slowly followed the turning of his head.","Aliweza kufanya hivyo kwa urahisi, na licha ya upana wake na uzito wa mwili wake molekuli katika polepole mwisho ikifuatiwa kugeuka ya kichwa chake."
"That you shall all repent the loss of mine: I will be deaf to pleading and excuses;","Ndipo wote kutubu hasara yangu: mimi kuwa viziwi maombi na udhuru;"
"He will be good enough to forgive the mess in your room.""","Yeye itakuwa nzuri ya kutosha kusamehe fujo katika chumba yako ""."
"I mark its still tender, civil, cheerful lilac colors.","Mimi alama, bado yake zabuni ya kiraia, furaha rangi lilac."
"Put it down; turned his head.","Kuiweka chini; akageuka kichwa chake."
"He felt a slight itching on the top of his abdomen.","Alijisikia kuwasha kidogo juu ya tumbo lake."
"It is an old trick.""","Ni hila za zamani. """
"I'm just gonna.. just do your business I'm not gonna do this.","Mimi tu gonna .. tu kufanya biashara yako Mimi si gonna kufanya hivyo."
"Too large for easy concealment about a woman's dress.","Kubwa mno kwa stara rahisi kuhusu kanzu."
"Instead of these, however, he had only many small limbs which were incessantly moving with very different motions and which, in addition, he was unable to control.","Badala ya haya, hata hivyo, alikuwa na viungo wengi tu ndogo ambayo walikuwa incessantly kusonga kwa mwendo tofauti sana na ambazo, pamoja, hakuweza kudhibiti."
"I am doing more.","Mimi ni kufanya zaidi."
"And all they bottles--more'n it's right for any one to have.","Na wote chupa wao - more'n ni haki kwa mtu yeyote kuwa."
"His hands would go ever and again to his various pockets with a curious nervous fumbling.","Mikono yake aliamua kwenda milele na tena kwa mifuko yake mbalimbali na neva curious fumbling."
"JULlET My only love sprung from my only hate!","Juliet upendo wangu tu imeibuka na chuki yangu tu!"
"The adventures first,' said the Gryphon in an impatient tone: 'explanations take such a dreadful time.'","Adventures kwanza, 'alisema kwa sauti ya Gryphon papara: maelezo ya kuchukua vile wakati Kubwa."
"In addition to my work, an accident--""","Mbali na kazi yangu, ajali - """
"Where is she?","Yuko wapi?"
"""No."" ""Tha' doesn't know how good it is.","""Hapana"" ""Tha 'hajui jinsi nzuri ni."
"ROMEO But that a joy past joy calls out on me,","Romeo Lakini zamani furaha furaha wito nje juu yangu,"
"Where is he.","Yuko wapi."
"Sir, this is the new intern Park Sangmin.","Mheshimiwa, hii ni mpya Intern Park Sangmin."
"- No!","- No!"
"Alice was very glad to find her in such a pleasant temper, and thought to herself that perhaps it was only the pepper that had made her so savage when they met in the kitchen.","Alice alifurahi sana kupata wake katika hasira mizuri kama hii, na walidhani yeye mwenyewe kwamba labda ni pilipili tu kwamba alifanya yake ili savage walipokutana katika jikoni."
"By Heaven!","By mbinguni!"
"I told everyone: the police, my neighbors, my friends and family, total strangers, and I'm here today because you all helped me.","Nikawaeleza watu wote: polisi, jirani zangu, marafiki zangu na familia, wageni, na niko hapa leo kwa sababu nyote mlinisaidia."
"She had quite forgotten the Duchess by this time, and was a little startled when she heard her voice close to her ear.","Alikuwa na wamesahau kabisa Duchess kwa wakati huu, na alikuwa kidogo startled wakati yeye kusikia sauti yake karibu na sikio lake."
"--OBED MACY'S HlSTORY OF NANTUCKET.","HISTORIA Obed Macy YA NANTUCKET -."
"My grandson was still asleep when we were being evicted.","Mjukuu wangu alikuwa bado amelala tulipokuwa tukitolewa kwenye nyumba zetu."
"""But if you wanted to make a flower garden,"" persisted Mary, ""what would you plant?"" ""Bulbs an' sweet-smellin' things--but mostly roses.""","""Lakini kama alitaka kufanya bustani ya maua,"" wakawa Maria, ""ungefanya ? kupanda "" Bulbs mambo 'tamu-smellin' - lakini roses zaidi. """
"In fact, she perceived the dirt as much as he did, but she had decided just to let it stay.","Kwa kweli, yeye alijua uchafu kama vile alifanya hivyo, lakini yeye aliamua tu basi ni kukaa."
"And yet his sister was playing so beautifully.","Na hata hivyo dada yake kucheza hivyo uzuri."
"ROMEO Nay, that's not so.","Romeo Bali, siyo hivyo."
"So she began again: 'Ou est ma chatte?' which was the first sentence in her French lesson-book.","'Ou est ma chatte?' Ambayo ni hukumu ya kwanza kwa Kifaransa yake somo-kitabu."
"""Let me see,"" said Holmes, standing at the corner and glancing along the line, ""I should like just to remember the order of the houses here.","""Napenda kuona,"" alisema Holmes, wamesimama katika kona na glancing kwenye mstari, ""Mimi lazima kama tu kukumbuka amri ya nyumba hapa."
"The reason? Today's current ""modern"" medicine is a 60-year-old technique.","Sababu?mfumo wetu wa utabibu na dawa una umri wa miaka karibu 60 sasa."
"""And what do you mean with Western world?"" I said.","""Na una maana gani kwa kusema dunia ya magharibi?"" Niliuliza."
"'YOU'D better not talk!' said Five.","'YOU d bora si majadiliano!' Alisema tano."
"Tom, LA.","Tom, LA."
"Is she not down so late, or up so early?","Je, yeye si chini ili marehemu, au up hivyo mapema?"
"Cooking was then, for the most part, no longer a poetic, but merely a chemic process.","Cooking alikuwa basi, kwa sehemu kubwa, tena mashairi, lakini tu chemic mchakato."
"See how she leans her cheek upon her hand!","Kuona jinsi yeye leans shavu wake mkononi mwake!"
"And since that time it is eleven years; For then she could stand alone; nay, by the rood","Na tangu wakati huo ni miaka kumi na moja, Kwa maana basi yeye anaweza kusimama peke yake, bali kwa rood"
"Nor bide th' encounter of assailing eyes, Nor ope her lap to saint-seducing gold:","Wala bide kukutana th 'ya macho assailing, Wala ope Lap yake kwa dhahabu saint-zidanganyazo:"
"Maybe if you don't understand that, well, I do.","Labda kama si kuelewa kwamba, vizuri, sijui."
"But though comparatively disregarded now, when his day comes, laws unsuspected by most will take effect, and masters of families and rulers will come to him for advice.","Lakini, hata kama comparatively kutupilia sasa, wakati siku yake inakuja, sheria unsuspected na itachukua zaidi athari, na wakuu wa familia na watawala tutakuja kwake kwa ushauri."
"You are already naked.","Umeshaonekana bayana mtupu."
"Methinks I see thee, now thou art below,","Methinks mimi nakuona wewe, sasa wewe ni chini,"
"And when he speaks of Irene Adler, or when he refers to her photograph, it is always under the honourable title of the woman. &gt;","Na hapo inazungumzia Irene Adler, au wakati inahusu picha yake, ni daima chini ya kichwa heshima ya mwanamke. &gt;"
"""Touching that monstrous bulk of the whale or ork we have received nothing certain.","""Kugusa kwamba wingi kuchusha mno ya nyangumi au ork tumepata kitu fulani."
"Is not good.","Siyo nzuri."
"She heard neither voices nor footsteps, and wondered if everybody had got well of the cholera and all the trouble was over.","Aliposikia sauti wala nyayo, na kujiuliza kama kila mtu alikuwa got vizuri ya kipindupindu na matatizo yote juu ya."
"""Once he gets the things off--""","""Mara baada ya yeye anapata mambo mbali -"""
"""Wait till th' spring gets at 'em--wait till th' sun shines on th' rain and th' rain falls on th' sunshine an' then tha'll find out.""","""Subiri mpaka th 'spring anapata kwa' em - kusubiri mpaka th 'jua huangaza tarehe' mvua na th ' mvua iko juu ya 'jua' th basi tha'll kujua. """
"""No. I'm bachelder an' lodge with Martin at th' gate.""","""Hapana Mimi nina bachelder 'nyumba ya kulala wageni na Martin katika th' mlango. """
"I'll do as I wish with my wife.","Nitafanya kama napenda na mke wangu."
"'Of the mushroom,' said the Caterpillar, just as if she had asked it aloud; and in another moment it was out of sight.","'Of uyoga,' alisema Caterpillar, kama kama alikuwa aliuliza kwa sauti, na katika wakati mwingine ilikuwa mbele ya macho."
"""Doesn't tha' know?","""Je, tha 'kujua?"
"""Before I die, I want to be tried for piracy."" (Laughter) ""Before I die, I want to straddle the International Dateline.""","""Kabla ya kufa,ningependa nishitakiwe kwa uharamia.""(Vicheko) .""Kabla ya kufa,nataka kusafiri kuufuata mstari wa kimataifa wa tarehe"""
"Miss Mary is going to tell me a lot more so that on my next day out you can hear about elephants and camels and gentlemen going hunting lions and tigers.","Miss Maria ni kwenda kuwaambia yangu mengi zaidi ili siku inayofuata ya nje unaweza kusikia kuhusu tembo na ngamia na mabwana kwenda kuwinda simba na Tigers."
"When he had been sitting for the best part of an hour, however, an elderly mariner, carrying a newspaper, came out of the inn and sat down beside him.","Wakati alikuwa amekaa kwa sehemu bora ya saa, hata hivyo, Mariner wazee, kufanya gazeti, akatoka nje ya nyumba ya wageni na akaketi karibu naye."
"'Is that the reason so many tea-things are put out here?' she asked.","'Je, hiyo ni sababu wengi chai-mambo ni kuweka nje ya hapa? ""aliuliza."
"It grew to a climax, diminished again, and died away in the distance, going as it seemed to him in the direction of Adderdean.","Ilikua kwa kilele, kupungua tena, na alikufa kwa mbali mbali, kwenda kama alionekana kwake katika mwelekeo wa Adderdean."
"Yeah. Come on dude.","Haya dude."
"""Mr. Samsa,"" the manager was now shouting, his voice raised, ""what's the matter?","""Mheshimiwa Samsa, ""meneja alikuwa sasa kelele, sauti yake alimfufua, ""kuna nini"
"Tell us all about it!'","Kutuambia wote kuhusu hilo! '"
"--ECKERMANN'S CONVERSATlONS WlTH GOETHE.","ECKERMANN 'S mazungumzo na Goethe."
"This is when i need you most. I ned you now.","Hii ni wakati i haja wewe zaidi."
"You are a good friend Sergei.","Wewe ni mzuri rafiki Sergei."
"When we learn of foreign languages, we should also learn about... that country's culture...","Wakati sisi kujifunza lugha za kigeni, tunapaswa pia kujifunza kuhusu... Nchini humo utamaduni..."
"He fell silent and looked directly in front of him, as if he was waiting for something.","Yeye kimya na kuangalia moja kwa moja mbele yake, kama kwamba alikuwa akitazamia kwa kitu fulani."
"There is as much secrecy about the cooking as if he had a design to poison you.","Kuna ni kama siri juu ya kupikia kama kwamba alikuwa kubuni na sumu wewe."
"LADY CAPULET This is the matter,--Nurse, give leave awhile,","LADY CAPULET Hili ni jambo, - Muuguzi, kutoa idhini ya muda,"
"Are you disappointed that she didn't fall?","Je tamaa kwamba yeye hakuwa na kuanguka?"
"live Yankees have often scared the natives.","Yankees kuishi na mara nyingi hofu wenyeji."
"""To Clotilde Lothman von Saxe-Meningen, second daughter of the King of Scandinavia.","""Kwa Clotilde Lothman von Saxe-Meningen, pili binti wa Mfalme wa Scandinavia."
"CHAPTER ill.","Sura ya Tatu."
"Uncomfortable time, why cam'st thou now To murder, murder our solemnity?--","Wakati wasiwasi, kwa nini wewe sasa cam'st Ili mauaji, mauaji ya maadhimisho yetu? -"
"Delight is to him--a far, far upward, and inward delight--who against the proud gods and commodores of this earth, ever stands forth his own inexorable self.","Ni furaha kwake - kwa mbali, mbali zaidi, na furaha ndani - ambao juu ya miungu kiburi na commodores ya dunia hii, milele simama inexorable yake binafsi."
"'E's not in uz room, 'e en't.","'E si katika chumba Usi,' e en't."
"""Perhaps it has been buried for ten years,"" she said in a whisper.","""Pengine imekuwa kuzikwa kwa miaka kumi,"" alisema katika mchakato."
"The rich become richer, and the poor become poorer.","Matajiri wanazidi kuwa matajiri, na maskini wanazidi kuwa maskini."
"Her listeners were perfectly quiet till she got to the part about her repeating 'YOU","Wasikilizaji wake walikuwa kikamilifu utulivu hata yeye got kwa sehemu juu yake kurudia 'YOU"
"'--change lobsters, and retire in same order,' continued the Gryphon.","'- Kamba mabadiliko, na kustaafu ili huo huo,' kuendelea Gryphon."
"She was certain, with a marked coldness.","Alikuwa fulani, na ubaridi alama."
"Would you like something?","Je, wewe kama kitu?"
"During the next five years, I started a company named NeXT, another company named Pixar, and fell in love with an amazing woman who would become my wife.","Katika miaka mitano iliyofuata nilianzisha kampuni jina lake, NeXT, nyingine jina lake Pixar, nikampenda kwa dhati mwanamke wa aina yake akawa mke wangu."
"One black chicken which the administrator could not catch, black as night and as silent, not even croaking, awaiting Reynard, still went to roost in the next apartment.","Moja nyeusi kuku ambayo msimamizi hakuweza kukamata, mweusi kama usiku na kama kimya, hata croaking, wanasubiri Reynard, bado walikwenda roost katika ijayo ghorofa."
"""What garden?"" grunted Weatherstaff, becoming surly again.","""Ni bustani?"" Grunted Weatherstaff, kuwa runda tena."
"Much more so than Chrome.","Zaidi kuliko Chrome."
"Then he stood before the fire and looked me over in his singular introspective fashion.","Kisha yeye alisimama mbele ya moto na anaonekana mimi juu kwa mtindo wake wa umoja introspective."
"Most of them are ordinary digital camera photos, but this one, for example, is a scan from the Library of Congress, and it's in the 300 megapixel range.","Nyingi kati yake ni picha za kawaida zilizopigwa na kamera za dijito, hii hapa, kwa mfano, ni kivuli cha picha kutoka Maktaba ya Bunge, na iko katika kipimo cha vipandepicha 300."
"""Over the other side, my man,"" said Mr.","""Zaidi ya upande wa pili, mtu wangu,"" alisema Mheshimiwa"
"Why didn't I walk out?","Kwa nini sikuondoka?"
"I was able to end my own crazy love story by breaking the silence.","Niliweza kumaliza hadithi yangu wazimu ya mapenzi kwa kuvunja ukimya."
"Alice did not like the look of the thing at all.","Alice hakutaka kuangalia kitu wakati wote."
"The mariner stared, paper in hand.","Mariner stared, karatasi kwa mkono."
"five hundred and eighty-three","mia tano na themanini na tatu"
"Sweet, sweet, sweet nurse, tell me, what says my love?","Tamu, tamu, muuguzi tamu, niambie, nini anasema upendo wangu?"
"I'll send to one in Mantua,--","Mimi itabidi kutuma kwa moja katika Mantua, -"
"It was an isolated incident, and he was never going to hurt me again.","Halikuwa jambo la kawaida na asingeniumiza tena."
"- Sangmin!","- Sangmin!"
"BENVOLlO Strike, drum.","BENVOLIO Strike, ngoma."
"[Knocking within.]","[Kugonga ndani.]"
"His voice has a timid and tremulous sound.]","Sauti yake ina sauti timid na tremulous.]"
"She was thinking over the new idea which had come to her when she heard of the library.","Alikuwa kufikiri juu ya wazo jipya ambalo lilikuwa kuja wake aliposikia ya maktaba."
"Tha's fair unearthly, tha's so knowin'.""","Tha wa haki unearthly, tha hivyo knowin '. """
"Then he distinctly heard a movement across the room, near the wash-hand stand.","Kisha nikasikia waziwazi harakati katika chumba, karibu na kusimama safisha-mkono."
"""You wim' don't know everything,"" said Mr. Hall, resolved to ascertain more about the personality of his guest at the earliest possible opportunity.","""Wewe Wim 'hawajui kila kitu,"" alisema Bw Hall, kutatuliwa kujua zaidi kuhusu utu wa mgeni wake katika nafasi haraka iwezekanavyo."
"I visited it.","Mimi alitembelea yake."
"Shit!","Shit!"
"My husband is on earth, my faith in heaven; How shall that faith return again to earth,","Mume wangu ni juu ya ardhi, imani yangu wa mbinguni; Vipi imani kwamba kurudi tena duniani,"
"You chase after young girls, don't you!","Wewe kuwafukuza baada ya wasichana wadogo, si wewe!"
"Of yore we had sauntered and talked, and effectually put the world behind us; for he was pledged to no institution in it, freeborn, ingenuus.","Wa mwanzo tulikuwa sauntered na kuzungumza, na effectually kuweka dunia nyuma yetu, kwa maana ilikuwa imeahidi hakuna taasisi hiyo, freeborn, ingenuus."
"O, look! methinks I see my cousin's ghost Seeking out Romeo, that did spit his body","O, tazama! methinks Naona mzimu binamu yangu Kutafuta nje Romeo, wakamtemea mate kwamba mwili wake"
"Then he stood before the fire and looked me over in his singular introspective fashion.","Kisha akasimama mbele ya moto na inaonekana kwangu na kwa mtindo wake juu ya umoja introspective."
"At first we thought to throw a frog-pond on to it; but concluded to let it burn, it was so far gone and so worthless.","Mwanzoni tulidhani kutupa frog-bwawa juu yake, lakini alihitimisha kwa basi ni kuchoma, ilikuwa hadi sasa wamekwenda na hivyo hauna maana."
"Yet I passed some cheerful evenings in that cool and airy apartment, surrounded by the rough brown boards full of knots, and rafters with the bark on high overhead.","Hata mimi kupita jioni baadhi ya furaha katika ghorofa kuwa baridi na airy, akizungukwa na rough kahawia bodi kamili ya mafundo, na viguzo na gome juu ya uendeshaji ya juu."
"And bring coins to play coin games.","Na kuleta sarafu ya kucheza michezo sarafu."
"'It's all her fancy, that: they never executes nobody, you know.","'Ni dhana yake yote, kwamba: executes kamwe hakuna, unajua."
"[Piano music ♫]","[Wimbo wa piano♫]"
"Yes you are!","Ndiyo wewe ni!"
"However, after Sangmin's grandpa's death, I tucked those feelings away.","Hata hivyo, baada ya kifo cha babu wa Sangmin, mimi tucked hisia hizo mbali."
"""If they wouldn't be so frightened I would take them back with me,"" said Mary.","""Kama wao bila kuwa na hofu hivyo napenda kuchukua nyuma na mimi,"" alisema Maria."
"It fairly overcame my Nervii.","Ni haki alishinda Nervii yangu."
"latitude: the flavour is with you--with you alone, and you can make it as intoxicating as you please.","latitude: ladha ni pamoja na wewe - na wewe tu, na unaweza kufanya hivyo kama kulevya kama wewe tafadhali."
"Travelling is exhausting, but I couldn't live without it.","Safari ni kuchoka, lakini siwezi kuishi bila."
"I did not asked you here for that.","Mimi si aliuliza wewe hapa kwa ajili hiyo."
"""Tha' mustn't go walkin' about in corridors an' listenin'.","""Tha 'lazima kwenda walkin' juu katika kanda 'Listenin'."
"""Good God!"" he thought.","""Good Mungu!"" Alifikiri."
"Eat, mom.","Kula, mama."
"I would've gone to the boss and told him just what I think from the bottom of my heart.","Napenda ve gone kwa bosi na kumwambia kile tu nadhani kutoka chini ya yangu moyo."
"My name, dear saint, is hateful to myself,","Mimi ni: jina langu, wapenzi mtakatifu, ni wenye kuchukiza kwa mwenyewe,"
"I need you watching my back. Do you know how many times a day somebody tries to kill me?","Sina haja ya wewe kuangalia nyuma yangu."
"Now it happened that in the early hours of Whit Monday, before Millie was hunted out for the day, Mr. Hall and Mrs. Hall both rose and went noiselessly down into the cellar.","Sasa hiyo ilitokea kwamba katika saa ya mapema whit Jumatatu, kabla ya Millie alikuwa kuwindwa nje kwa siku, Mheshimiwa Hall na Bi Hall wote akaenda noiselessly chini katika pishi."
"It is Life's change agent.","Ni kifaa kinachobadilisha maisha."
"""Yes, she died,"" Mrs. Medlock answered.","""Ndiyo, yeye amekufa,"" Bibi Medlock akajibu."
"My mom died when I was ten and I have...","Yangu mama alifariki wakati mimi mara kumi na mimi na ..."
"- Sangmin is Dongin High.","- Sangmin ni Dongin Kuu."
"""Get the feet,"" said Jaffers between his teeth.","""Get miguu,"" alisema Jaffers kati ya meno yake."
"- Yes, I am Lee Jungwoo.","- Ndiyo, mimi ni Lee Jungwoo."
"When Boeun reaches twenty, you'll totally forget mom's cooking.","Wakati Boeun fika ishirini, utakuwa kabisa kusahau kupika mama wa."
"He used to make merry over the cleverness of women, but I have not heard him do it of late.","Alitumia kufanya sherehe juu ya ujanja na ya wanawake, lakini mimi si habari zake kufanya hivyo wa marehemu."
"Four plus two is equal to six.","Nne ukiongeza mbili, jibu ni sita."
"At the sight of the flowing coffee Gregor couldn't stop himself snapping his jaws in the air a few times .","Mbele ya kahawa inapita Gregor hakuweza kuacha mwenyewe snapping taya yake katika hewa mara chache."
"Now, why doesn't this take place?","Sasa, kwanini hii haitokei?"
"But, let them measure us by what they will,","Lakini, basi, na kipimo kwetu kwa nini wao,"
"The dude's having ball.","Dude ya kuwa na mpira."
"She's quite a chick.","Yeye ni kabisa kifaranga."
"Your grandpa's not kidding!","Babu yako si kidding!"
"""t"" woven into the texture of the paper.","""T"" kusuka katika umbo la karatasi."
"You have to be my helper.","Wewe kuwa msaidizi wangu."
"Let me draw a little diagram here.","Anachora ramani hapa"
"With tender Juliet match'd, is now not fair.","Na zabuni Juliet match'd, sasa siyo wa haki."
"Hence-banished is banish'd from the world,","Hivyo ni banish'd-wametengwa na dunia,"
"How do I know that you have been getting yourself very wet lately, and that you have a most clumsy and careless servant girl?"" ""My dear Holmes,"" said I, ""this is too much.","Nitajuaje kuwa umekuwa kupata mwenyewe sana mvua siku za hivi karibuni, na kwa kuwa clumsy zaidi na kutojali mtumishi msichana ""?"" My dear Holmes, ""alisema mimi,"" hii ni pia sana."
"""Arm darmed if thet ent witchcraft,"" was the view of Mr. Sandy Wadgers.","""Arm darmed kama thet ENT uchawi,"" alikuwa mtazamo wa Mheshimiwa Sandy Wadgers."
"""Amusing fellows, they are.","""Amusing wenzake, wao ni."
"Facing up to reality","Kutambua hali halisi"
"""My Ayah did it,"" answered Mary, staring.","""Ayah yangu alifanya hivyo,"" akajibu Maria, staring."
"Although their brains continue to produce those storms and code for movements, they cannot cross a barrier that was created by a lesion on the spinal cord.","Ingawaje akili zao zinazidi kuzaa dhoruba hizo na matembezi, haziwezi kilichoundwa kwa lesheni kwenye uti wa mgongo.kupita kizuizi"
"ROMEO What, shall I groan and tell thee?","Romeo nini, mimi tunaugua na kuwaambia yako?"
"""I am confused,"" said Kemp.","""Mimi ni kuchanganyikiwa,"" alisema Kemp."
"While she was looking at the place where it had been, it suddenly appeared again.","Wakati yeye alikuwa kuangalia mahali ambapo ilikuwa, ni ghafla alitokea tena."
"""It is not an English paper at all.","""Si karatasi Kiingereza wakati wote."
"Ties up my tongue and will not let me speak.","Kumfunga ulimi wangu na si basi mimi kusema."
"There was a loud thud, but not a real crash. The fall was absorbed somewhat by the carpet and, in addition, his back was more elastic than Gregor had thought.","Kulikuwa na thud kubwa, lakini si ajali ya kweli. kuanguka kwa kiasi fulani alikuwa kufyonzwa carpet na, kwa kuongeza, nyuma yake ilikuwa zaidi elastic ya Gregor walidhani."
"I rose to go, but Holmes caught me by the wrist and pushed me back into my chair.","Nikaondoka kwenda, lakini Holmes hawakupata mimi na mkono na kusukuma mimi tena ndani ya kiti changu."
"'There's PLENTY of room!' said Alice indignantly, and she sat down in a large arm-chair at one end of the table. 'Have some wine,' the March Hare said in an encouraging tone.","'Je, baadhi ya mvinyo,' Hare Machi alisema katika moyo tone."
"Let's say I had lemons.","Tuseme kwa mfano nina limau"
"- Hey...","- Hey..."
"But Gregor did not have any notion of wishing to create problems for anyone and certainly not for his sister.","Lakini Gregor hawakuwa na dhana ya wanaotaka kuleta matatizo kwa mtu yeyote na hakika si kwa ajili ya dada yake."
"We don't know what we should tell him.","Hatujui nini tunapaswa kumwambia."
"- Boeun?","- Boeun?"
"lobster.""","lobster. """
"At times I stole a sidelong glance.","Wakati mwingine mimi aliiba mtazamo sidelong."
"And I 've looked over.","Na nimeyatazamia."
"""Eh!"" said Martha.","""Eh!"" Alisema Martha."
"I did not know what to do.","Sikujua nini cha kufanya."
"But he is not giving us the information.","Lakini yeye sio kutupa habari."
"Certainly it had rung.","Hakika ilikuwa rung."
"We need to find him now.","Tunahitaji kutafuta yake sasa."
"""What's he been doin', then?"" ""Ain't hurt the girl, 'as 'e?""","""Nini yeye amekuwa doin ', basi?"" ""Je, si kuumiza msichana,' kama e?"""
"ABC: 844 questions, two about the climate crisis.","ABC: maswali 844, mawili kuhusu matatizo ya hali ya hewa."
"There ain't no Invisible Man whatsoever--","Hakuna hakuna chochote Invisible Man -"
"It was while she was standing here and just after she had said this that the stillness was broken by a sound.","Ni wakati yeye alikuwa amesimama hapa na wa haki baada ya kusema hayo kwamba mapumziko na utulivu ilikuwa kuvunjwa kwa sauti."
"The Rabbit Sends in a Little Bill","Rabbit zituma katika Bill Little"
"Meanwhile, I lay quietly eyeing him, having no serious misgivings now, and bent upon narrowly observing so curious a creature.","Wakati huo huo, naweka kimya kimya yakiangalia yake, baada ya kusita sasa hakuna kubwa, na bent juu ya narrowly kuona hivyo curious kiumbe."
"Our parents shouldn't find out.","Wazazi wetu lazima kupata nje."
"ROMEO I thought all for the best.","Nilidhani Romeo wote kwa bora."
"""Yes,"" said the Invisible Man rapping it down.","""Ndiyo,"" alisema Invisible Man rapping ni chini."
"Little by little, we're seeding the area with green-collar jobs -- and with people that have both a financial and personal stake in their environment.","Kidogo kidogo, tunapandikiza mbegu za mafanikio katika maeneo yetu kwa ajili ya kazi nzuri - halafu watu watakuwa na maamuzi ya kifedha na binafsi kuhusu mazingira yao."
"And this one I learned because","Na hii nilijifunza kwa sababu"
"I never should forget it; 'Wilt thou not, Jule?' quoth he; And, pretty fool, it stinted, and said 'Ay.'","Mimi kamwe lazima kusahau hayo, ""Je, wataka si, Jule? Quoth yeye; Na, pretty mjinga, ni stinted, akasema 'Ay.'"
"- Good bye.","- Kwaheri."
"""I think that I had better go, Holmes.""","""Nadhani kwamba alikuwa bora kwenda, Holmes."""
"BENVOLlO Away, be gone; the sport is at the best.","BENVOLIO Away, utaondoka; mchezo ni saa bora."
"Chief among these motives was the overwhelming idea of the great whale himself.","Mkuu kati ya malengo hayo ni wazo kubwa ya nyangumi kubwa mwenyewe."
"Come here wife!","Njoo hapa mke!"
"And I want your help.","Na mimi nataka msaada wako."
"'Tis since the nuptial of Lucentio, Come Pentecost as quickly as it will,","'Tis tangu nuptial ya Lucentio, Njoo Pentekoste kwa haraka kama itakuwa,"
"""Where is the breakfast?"" asked the middle one of the gentlemen grumpily to the cleaning woman.","""Yuko wapi breakfast?"" Aliuliza mmoja kati ya waungwana grumpily kwa kusafisha mwanamke."
"Look, we do not have time for this.","Angalia, hatuna muda kwa ajili ya hili."
"Martha stared.","Martha stared."
"I tried to follow everything in the Bible.","Nilijaribu kufuata kila kitu katika Biblia."
"She was watching the passing buses and cabs and people, but she heard quite well and was made very curious about her uncle and the place he lived in.","Alikuwa kuangalia mabasi kupita na cabs na watu, lakini yeye kusikia vizuri na akawa curious sana kuhusu mjomba wake na mahali aliishi ndani"
"This is the most important.","Hii ni muhimu zaidi."
"But no one would tell her anything and her Ayah did not come.","Lakini hakuna hata mmoja waliniambia kitu chochote yake na Ayah yake hakuja."
"Thou shalt continue two-and-forty hours, And then awake as from a pleasant sleep.","Nawe kuendelea miwili na masaa arobaini, Na kisha macho kama katika usingizi mazuri."
"But let's take a step back.","Lakini wacha turudi nyuma."
"She found herself in one long gallery whose walls were covered with these portraits.","Yeye alijikuta katika nyumba ya sanaa moja kwa muda mrefu ambao kuta walikuwa kufunikwa na Picha hizi."
"He was astonished to see the lane empty save for three men sprawling absurdly on the ground.","Alikuwa walishangaa kuona mstari tupu ila kwa watu watatu, lenye absurdly juu ya chini."
"""Just escaped and that's all, eh?"" ""All!"" said the mariner.","""Kama alitoroka na kwamba ni yote, eh?"" ""All!"" Alisema Mariner."
"Correct.","Sahihi."
"""To-morrow?"" he said.","""Kesho?"" Alisema."
"FRlAR I'll give thee armour to keep off that word; Adversity's sweet milk, philosophy,","FRIAR Nitapatia silaha yako kuweka mbali kwamba neno; shida ya tamu maziwa, falsafa,"
"Just two months ago.""","Miezi miwili tu iliyopita. """
"And then we can go to Communism. The modern versions of Communism are really kind of the brainchild of Karl Marx and Vladimir Lenin.","Na halafu tunaweza kukwenda kwa ukomunisti aina msasa ya ukomunisti ni mwana ya akili za Karl Marx na Vladimir Lenin"
"O, he's the courageous captain of compliments.","O, yeye Tunaomba nahodha wa pongezi."
"and forced me to rethink everything I thought I understood about the ways we're connected.","na kunilazimisha kuwaza upya juu ya kila kitu nilichoamini kuelewa kuhusu jinsi tunavyounganishwa."
"It is Ivan.","Ni Ivan."
"""Diary,"" repeated Cuss, sitting down, putting two volumes to support the third, and opening it.","""Diary,"" alirudia mzaha, ameketi chini, kuweka kitabu cha pili kwa msaada wa tatu, na kufungua hiyo."
"I need not have been so surprised as I was at his tractability.","Mimi haja ya kuwa hivyo kushangaa kama mimi alikuwa katika utii wake."
"Soup of the evening, beautiful Soup!","Supu ya jioni, nzuri Soup!"
"But a gentleman on tramp sees such a thundering lot of his boots.","Lakini muungwana juu ya jambazi anaona mengi kama ngurumo ya buti yake."
"Aye, shipmates, Jonah was gone down into the sides of the ship--a berth in the cabin as I have taken it, and was fast asleep.","Aye, shipmates, Yona alikuwa ameshuka katika pande wa meli - berth katika cabin kama mimi kuwa na kuchukuliwa, na alikuwa haraka usingizi."
"Nevertheless, it stood through a great many hasty-puddings.","Hata hivyo, ilikuwa kwa njia ya puddings haraka-kubwa wengi."
"For he knew from the first day of his new life that, as far as he was concerned, his father considered the greatest force the only appropriate response.","Kwa sababu alijua tangu siku ya kwanza ya maisha yake mpya ambayo, mbali kama alikuwa na wasiwasi, wake baba kuchukuliwa nguvu kubwa tu jibu sahihi."
"[♪ dramatic music ♪] We, as humans, have accumulated so much knowledge.","[♪ muziki wenye hisia ♪] , kama binadamu, tumekusanya maarifa mengi sana."
"So even before a target appears that she's supposed to cross with the cursor that she's controlling with this joystick,","Kwa hivyo kabla ya hatua anayopaswa kupita akitumia mshale anaodhibiti kwa kijiti,"
"This one was very unexpected because, you know,","Hii sikuitegemea kwa kuwa"
"That little business--I pulled it through, of course--but bless you!","Kuwa biashara kidogo - I vunjwa kwa njia, bila shaka - lakini akubariki!"
"It probably had never seen a man before; and it soon became quite familiar, and would run over my shoes and up my clothes.","Huenda alikuwa na kamwe kuona mtu kabla, na hivi karibuni kabisa akawa utambuzi, na bila kukimbia juu ya viatu yangu na juu ya nguo yangu."
"""You see, but you do not observe.","""Unaweza kuona, lakini huwezi kuona."
"I rushed forward, fell down, clapped my hand to my face, and became a piteous spectacle.","Mimi alikimbia mbele, akaanguka chini, clapped mkono wangu kwa uso wangu, na akawa piteous ajabu."
"Thy lips are warm!","Midomo yako ni ya joto!"
"""Why doesn't tha' put on tha' own shoes?"" she said when Mary quietly held out her foot.","""Kwa nini si tha 'kuweka kwenye tha' viatu vyake?"" Alisema wakati Maria kimya kimya uliofanyika nje yake miguu."
"SAMPSON Let us take the law of our sides; let them begin.","Hebu Sampson sheria ya pande zetu, basi, na kuanza."
"About four o'clock a stranger entered the village from the direction of the downs.","Kuhusu saa nne mgeni waliingia katika kijiji upande wa Downs."
"""I like Dickon,"" added Mary.","Moor ""."" Mimi kama Dickon, ""aliongeza Maria."
"Then is it likely thou wilt undertake A thing like death to chide away this shame,","Basi ni uwezekano unapenda kufanya kitu kama kifo kwa chide mbali hii aibu,"
"There was a long silence after this, and Alice could only hear whispers now and then; such as, 'Sure, I don't like it, yer honour, at all, at all!'","Kulikuwa na ukimya wa muda mrefu baada ya hii, na Alice waliweza kusikia minong'ono sasa na Basi, kama vile, '! Hakika, mimi si kama hayo, yer heshima, wakati wote, wakati wote'"
"Do as I say and stay still.","Je, kama mimi kusema na kukaa bado."
"1 ClTIZEN Up, sir, go with me; I charge thee in the prince's name obey.","1 Mwananchi Up, sir, kwenda na mimi, Nakuamuru kwa jina mkuu kutii."
"And how odd the directions will look!","Na maelekezo ya jinsi ya isiyo ya kawaida kuangalia!"
"- Does it hurt bad?","- Je, ni kuumiza mbaya?"
"""I promise,"" said Holmes.","""Mimi ahadi,"" alisema Holmes."
"Had just settled our brains for a long winter's nap--","Alikuwa tu makazi akili zetu kwa nap wa majira ya baridi kwa muda mrefu -"
"But Gregor wouldn't be casually dismissed right way because of this small discourtesy, for which he would find an easy and suitable excuse later on.","Lakini Gregor bila kuwa na kawaida kufukuzwa kazi njia ya haki kwa sababu ya hii ndogo discourtesy, ambayo angeweza kupata kisingizio rahisi na kufaa baadaye."
"Now listen, I've seen you in the neighborhood and I don't want to hurt you","Sasa sikilizeni, mimi tumekuwa kuonekana wewe katika kitongoji na Sitaki kukuumiza"
"MERCUTlO No hare, sir; unless a hare, sir, in a lenten pie, that is something stale and hoar ere it be spent.","Hakuna MERCUTIO sungura, sir, isipokuwa sungura, sir, katika pie Kwaresima, kwamba ni kitu kabla ya kuwafikia stale na hoar kuwa alitumia."
"Martha liked to talk, and the strange child who had lived in India, and been waited upon by ""blacks,"" was novelty enough to attract her.","Martha walipenda kuzungumza, na mtoto wa ajabu ambaye aliishi nchini India, na kuwa walisubiri juu ya ""watu weusi,"" ilikuwa novelty kutosha kuvutia yake."
"Let's have some faith, okay?","Hebu kuwa na baadhi ya imani, okay?"
"She left this morning with her husband by the 5:15 train from Charing Cross for the","Yeye kuondoka leo asubuhi na mume wake na treni 5:15 kutoka Charing Msalaba kwa ajili ya"
"I cherished no malice towards him, though he had been skylarking with me not a little in the matter of my bedfellow.","Mimi bora kabisa hakuna ubaya upande wake, ingawa alikuwa skylarking na mimi si kidogo katika suala la bedfellow yangu."
"Sixty-nine percent believe that the Earth is heating up in a significant way.","Kumekuwa na maendeleo,"
"- Huh, what?","- Huh, nini?"
"What about your husband?","Je kuhusu mume wako?"
"He lives in there.","Yeye anaishi huko."
"I shall only look up and say ""Who am I then?","Mimi tu kuangalia juu na kusema ""Mimi ni nani basi?"
"Tha' cannot begin younger.","Tha 'Huwezi kuanza mdogo."
"That's a true Mediterranean sky.","That'sa kweli Mediterranean angani."
"""I've put the idea into your head."" &gt;","""Mimi kuweka wazo ndani ya kichwa chako."" &gt;"
"He shrugged his shoulders.","Yeye shrugged mabega yake."
"They're homelands of somebody.","Ni makazi ya mtu fulani."
"This business is our life.","Biashara hii ni maisha yetu. Ok?"
"As a Shinnecock Indian, I was raised to know this.","Kama muhindi, nilikuzwa kujua hili"
"He is as brave as a bulldog and as tenacious as a lobster if he gets his claws upon anyone.","Yeye ni kama shujaa kama bulldog na kama stahimilivu kama lobster kama yeye anapata makucha yake juu ya mtu yeyote."
"Why, he looked more like a divin' helmet than a human man!""","Sababu, inaonekana zaidi kama kofia ya chuma divin 'kuliko mtu binadamu! """
"ROMEO Sleep dwell upon thine eyes, peace in thy breast!--","Romeo Sleep kukaa juu ya macho yako, amani katika kifua chako! -"
"For a space people stood amazed and gesticulating, and then came panic, and scattered them abroad through the village as a gust scatters dead leaves.","Kwa nafasi ya watu walisimama wakashangaa na gesticulating, na kisha akaja hofu, na kuwatawanya nje ya nchi kwa njia ya kijiji kama gust hutawanya majani wafu."
"JULlET Then have my lips the sin that they have took.","Juliet Kisha na midomo yangu dhambi kuwa wana chukua."
"""I should say so,"" said the cleaning woman and, by way of proof, poked Gregor's body with the broom a considerable distance more to the side.","""Mimi lazima kusema hivyo,"" alisema mwanamke kusafisha na, kwa njia ya ushahidi, poked mwili wa Gregor na ufagio umbali mkubwa zaidi kwa upande."
"I have known something of him before."" ""Evidently,"" said I, ""Mr. Wilson's assistant counts for a good deal in this mystery of the Red-headed League.","Mimi tunajua kitu mbele ""."" Ni wazi, ""alisema mimi,"" Mheshimiwa Wilson msaidizi wa makosa kwa mpango mzuri katika hii siri ya Ligi ya Red-headed."
"Why would anyone stay with a man who beats her?","Kwa nini mtu yeyote abaki na mume ampigaye?"
"- This sugar?","- Hii sukari?"
"He's staying at Jacob's, he's staying at Jacob's!","Yeye ni kukaa katika Yakobo, yeye kukaa katika Yakobo!"
"Do you guys got a dollar?","Je, guys got dola? Dude."
"One week after getting the exact number of how many people want to","wiki moja baada ya kupata idadi kamili ya watu wangapi wanataka"
"Sometimes, regardless of the path you take, as long as you take a correct path you get the same answer.","Wakati mwingine,bila kuzingatia njia utumiayo, bora Iwe njia sawa, utapata jibu sahihi."
"And never trouble Peter for the matter.","Na kamwe shida Peter kwa ajili ya jambo hilo."
"""Our Susan Ann is twice as sharp as thee an' she's only four year' old.","""Zetu Susan Ann ni mara mbili kama mkali kama wewe 'Yeye ni wa miaka minne tu' zamani."
"'Tas a most curious business.""","'Tas biashara wengi curious. """
"I'm not exactly in the mood to talk with you right now.","Mimi si hasa katika mood ya kuzungumza na wewe hivi sasa."
"How does tha' like thysel'?'","Jinsi gani tha 'kama thysel'?"
"""THE TRUE HlSTORY.""","""HISTORIA KWELI."""
"ERECTlON OF A BREAKWATER AT NANTUCKET.","Erection YA BREAKWATER AT NANTUCKET."
"""I will go all over the garden and look."" She did not skip, but walked.","""Nitakwenda yote juu ya bustani na kuangalia."" Hakuweza ruka, lakini kutembea."
"By all means you came so far.","Kwa njia zote kuja hadi sasa."
"The Africans are the green here.","Bado wamebaki hapa."
"""I am to be neutral?""","""Mimi ni kuwa neutral?"""
"""I wish the spring was here now,"" said Mary.","""Natamani spring alikuwa hapa sasa,"" alisema Maria."
"Beshrew my very heart, I think you are happy in this second match,","Beshrew moyo wangu sana, nadhani wewe ni furaha katika mechi hii ya pili,"
"""They would have had the lady's purse and watch if it hadn't been for him.","""Wao bila kuwa na mfuko wa fedha mwanamke na kuangalia kama isingekuwa kwa ajili yake."
"""You know, hey, all this Romeo and Juliet stuff has been great, but I need to move into the next phase where I isolate you and I abuse you"" — (Laughter) —","""Unajua huu uhusiano wetu kama wa Romeo na Julieti umekuwa mtamu, lakini nataka kwenda katika hatua inayofuata ambapo nitakutenga na kukunyanyasa"" - (Kicheko) -"
"Are the students right?","Je wanafunzi wako sahihi?"
"""That sea beast Leviathan, which God of all his works Created hugest that swim the ocean stream.""","""Hiyo bahari mnyama Leviathan, ambayo Mungu wa kazi zake zote Created hugest kwamba kuogelea mkondo wa bahari ""-."
"And she steal love's sweet bait from fearful hooks:","Na yeye kuiba tamu ya upendo, ni bait kutoka kulabu kutisha:"
"Can you look after him?","Je, unaweza kuangalia baada yake?"
"Graze where you will, you shall not house with me:","Kufuga wapi mapenzi, wala nyumba na mimi:"
"But every time you have a little problem, you need to be the man who solves these things out.","Mimi ahadi kwenu, ni kwenda na risasi katika yake na mimi nina gonna kuweka ujumbe wangu. Lakini kila wakati una tatizo kidogo, unahitaji kuwa na mtu ambaye kutatua mambo haya nje."
"""No handcuffs,"" stipulated the stranger.","""Hakuna pingu,"" ilisema mgeni."
"And filled all the stockings; then turned with a jerk,","Na kujazwa soksi wote, kisha akageuka na jerk,"
"""Th' storm's over for a bit.","""Th 'dhoruba juu kwa kidogo."
"One tab for social sites","Kichupo kimoja cha tovuti za kijamii"
"MERCUTlO Men's eyes were made to look, and let them gaze;","Wananchi wa macho MERCUTIO yalifanywa na kuangalia, na waache macho;"
"""I only stayed to go to that silly dinner party.","""Mimi tu kwenda kukaa kwa chama kwamba silly chakula cha jioni."
"And there is at least two advantages, he said:","Na kuna angalau mbili faida, alisema:"
"Or is it like, you can take other language like Spanish or something like that?","Au ni kama, unaweza kuchukua lugha nyingine kama Kihispania au kitu kama hicho?"
"King; ""nothing could be more successful.","Mfalme, ""hakuna kitu inaweza kuwa zaidi ya mafanikio."
"I'm sick of this. I don't want to do this.","Sitaki kufanya hivyo."
"Cheshire Cat: now I shall have somebody to talk to.'","Cheshire Cat: sasa mimi atakuwa na mtu wa kuzungumza."
"Cheated!","Cheated!"
"""Eh-h-h!"" he said, drawing his exclamation out slowly, and the way he did it meant both wonder and sympathy.","""Eh-HH!"" Alisema, kuchora mshangao wake nje polepole, na njia alifanya hivyo maana wote ajabu na huruma."
"Finally, I always go to sea as a sailor, because of the wholesome exercise and pure air of the fore-castle deck.","Mwisho, mimi daima kwenda baharini kama baharia, kwa sababu ya zoezi safi na safi hewa ya staha mbele-ngome."
"'I don't quite understand you,' she said, as politely as she could.","'Sijui kabisa kuelewa wewe, 'alisema, kama politely kama alivyoweza."
"Mr. Duncan Ross.""","Mheshimiwa Duncan Ross. """
"""Some fool I'd never seen fired at random.","""Mpumbavu Baadhi ningependa kamwe kuona fired at random. wengi wao got hofu."
"Now, that Lazarus should lie stranded there on the curbstone before the door of Dives, this is more wonderful than that an iceberg should be moored to one of the Moluccas.","Sasa, Lazaro kwamba lazima uongo stranded huko curbstone kabla ya mlango wa dives, hii ni zaidi ya ajabu kuliko kuwa barafu lazima moored na mmoja wa Moluccas."
"So, this man's grandfather was not intimidated by the Arctic night or the blizzard that was blowing.","Kwahiyo babu yake mtu huyu hakutishika na usiku wa huko Aktika au upepo mkali ulokuwa ukipuliza"
"I did not have a clue.","Sikuwa na fununu."
"He said yes.","Alisema ndiyo."
"When she took in his tea she saw broken glass in the corner of the room under the concave mirror, and a golden stain that had been carelessly wiped.","Wakati yeye alichukua katika chai yake aliona kuvunjwa kioo katika kona ya chumba chini ya concave kioo, na doa ya dhahabu ambayo yamekuwa ovyo wiped."
"""Nor running a chance of arrest?""","""Wala mbio nafasi ya kukamatwa?"""
"Made by the joiner squirrel or old grub, Time out o' mind the fairies' coachmakers.","Yaliyotolewa na squirrel seremala au kiwavi zamani, Time nje 'akili fairies' o coachmakers."
"Get thee gone an' play thee.","Ondoka gone 'kucheza nawe."
"I didn't have a dorm room, so I slept on the floor in friends' rooms.","Sikuwa na chumba katika bweni. Ilibidi nilale sakafuni katika vyumba vya marafiki."
"""I have been too busy to think of food, and I am likely to be busier still this evening.","""Nimekuwa busy mno kufikiri ya chakula, na mimi ni uwezekano wa kuwa bado busier hii jioni."
"""Pleasant day,"" said the mariner.","""Pleasant siku,"" alisema Mariner."
"I need some time alone. I know Sir.","Nahitaji muda peke yake."
"Don't you want to be on your way?"" The soft voice!","Je, unataka kuwa na njia yako? "" sauti laini!"
"And it mis-sheathed in my daughter's bosom!","Na ni mis-sheathed kifuani binti yangu!"
"Thence his mind wandered back again to a topic that had taken a curiously firm hold of his imagination.","Akili yake huko tanga nyuma tena kwa mada kwamba alikuwa na kampuni ya ajabu hazijathibitika ya mawazo yake."
"""I thought as much,"" said he.","""Nilidhani kama kiasi,"" alisema."
"I, measuring his affections by my own,-- That most are busied when they're most alone,--","Mimi, kupima mapenzi yake kwa walio wangu, - Kwamba wengi ni busied wakati wao ni zaidi peke yake, -"
"I gave a push to the box without raising my head.","Mimi alitoa kushinikiza sanduku bila kuongeza kichwa yangu."
"You have to trust in something - your gut, destiny, life, karma, whatever.","Sharti uwe na uaminifu wa huenda moyo wako, majaliwa, maisha, hulka zako, na kadhalika."
"And all my fortunes at thy foot I'll lay And follow thee, my lord, throughout the world.","Na bahati yangu yote kwa mguu wako mimi itabidi kuweka na kufuata wewe, bwana wangu, duniani kote."
"Miserable man!","Kiovu mtu!"
"And I would say, ""But that's crazy."" And they would say, ""Well, what about you? You blow out candles on top of a birthday cake.","Na nikawa nasema, ""Lakini huu ni ujinga."" na wao wakasema,""je vipi kuhusu wewe? unapuliza mishumaa iliyo juu ya keki ya siku ya kuzaliwa."
"It must be where she can lay her hands upon it.","Ni lazima ambapo anaweza kuweka mikono yake juu yake."
"It must be where she can lay her hands upon it.","Ni lazima ambapo yeye awezaye kuweka mikono yake juu ya yake."
"""And, there's nothing likely to improve children at Misselthwaite--if you ask me!""","""Na, kuna kitu uwezekano wa kuboresha watoto katika Misselthwaite - kama wewe kuuliza mimi!"""
"That means a lot to me.","Hiyo ina maana kubwa mimi."
"All I want to do is to help you--just tell me what I got to do.","Ninachotaka kufanya ni kukusaidia - tu kuniambia nini I got kufanya."
"Eh! they are nice.","Eh! wao ni mzuri."
"Jeez.","Jeez."
"""Stand clear!"" and he vanished and closed the door.","""Simama wazi!"" Na yeye akatoweka na kufungwa mlango."
"""What a woman--oh, what a woman!"" cried the","""Ni mwanamke - oh, nini mwanamke"" sauti ya"
"""Some one has died,"" answered the boy officer.","""Baadhi ya mmoja amefariki dunia,"" alijibu afisa kijana."
"Uh, stop it!","Uh, kuikomesha!"
"However, when they had been running half an hour or so, and were quite dry again, the","Hata hivyo, wakati walikuwa mbio nusu saa au zaidi, na walikuwa kabisa kavu tena,"
"He took a step backward, cocked his head on one side, and gazed at my hair until I felt quite bashful.","Alichukua hatua ya nyuma, cocked kichwa chake upande mmoja, na gazed katika nywele zangu mpaka nilihisi tahayari kabisa."
"Adieu, adieu!","Adieu, adieu!"
"You just click the button and you're ready to go.","Unabofya tu kitufe na uko tayari kuanza."
"""Wedlock suits you,"" he remarked.","""Ndoa suti wewe,"" yeye alisema."
"'A knot!' said Alice, always ready to make herself useful, and looking anxiously about her.","'Fundo!' Alisema Alice, daima tayari kufanya mwenyewe muhimu, na kuangalia wasiwasi kuhusu yake."
"Do it!","Fanya hivyo!"
"You've been--er--uncommonly--really there's no word to...Uncommonly!","Tumekuwa - er - uncommonly - kweli hakuna neno kwa ... Uncommonly!"
"She had never seen one.","Hajawahi kuona moja."
"This is the Kangerlussuaq River in southwest Greenland.","Huu ni mto Kangerlussuaq kusini magharibi mwa Greenland."
"I feel like shit.","Najisikia kama shit."
"But because he kept breaking into a slow grin now and then, Mary was not afraid to talk to him.","Lakini kwa sababu yeye naendelea kuvunja katika grin polepole sasa na baadaye, Maria hakuwa na hofu ya kuzungumza naye."
"Mr. Marvel, turning, saw a flint jerk up into the air, trace a complicated path, hang for a moment, and then fling at his feet with almost invisible rapidity.","Mheshimiwa Usistaajabu, kugeuka, aliona jerk jiwe juu katika hewa, kufuatilia njia ngumu, hutegemea kwa muda, na kisha Fling ya miguu yake na rapidity karibu asiyeonekana."
"All intelligence seems reflected in them.","Akili zote inaonekana yalijitokeza katika wao."
"Come, night;--come, Romeo;--come, thou day in night;","Haya, na usiku, - kuja, Romeo, - kuja, wewe siku wakati wa usiku;"
"Said cunning old Fury:","Said hila zamani Fury:"
"Baker Street.","Mwokaji Street."
"You're a pervert!","Wewe ni kuipotosha!"
"""In 40 degrees south, we saw Spermacetti Whales, but did not take any till the first of May, the sea being then covered with them.""","""Katika digrii 40 kusini, tumeona Valar Spermacetti, lakini hakuwa na kuchukua yoyote mpaka kwanza wa Mei, bahari kuwa kisha kufunikwa na wao. """
"- I've never boarded on time...","- Sijawahi boarded kwa wakati..."
"BENVOLlO Not to his father's; I spoke with his man.","BENVOLIO Si kwa baba yake, mimi alizungumza na mtu wake."
"FRlAR There on the ground, with his own tears made drunk.","FRIAR Kuna juu ya ardhi, na machozi yake mwenyewe alifanya kulewa."
"Take thou this vial, being then in bed, And this distilled liquor drink thou off:","Kuchukua wewe hii bakuli, kisha kuwa katika kitanda, Na kunywa pombe distilled wewe mbali:"
"JULlET Well, thou hast comforted me marvellous much.","Juliet Naam, wewe huna moyo yangu ya ajabu sana."
"[He climbs the wall and leaps down within it.]","[Yeye climbs ukuta na kiwango kikubwa chini ndani yake.]"
"And it really seemed as if it must be true.","Na ni kweli inaonekana kama ni lazima kuwa kweli."
"""You reasoned it out beautifully,"" I exclaimed in unfeigned admiration.","""Wewe kujadiliana ni nje uzuri,"" Mimi akasema katika Pongezi ya kweli."
"'Not like cats!' cried the Mouse, in a shrill, passionate voice.","'Siyo kama paka!' Kelele Mouse, kwa sauti kwaruza, passionate."
"At the other side door, however, his sister knocked lightly.","""Katika mlango upande mwingine, hata hivyo, dada yake knocked lightly."
"For I ne'er saw true beauty till this night.","Kwa maana Mimi ne'er aliona uzuri wa kweli mpaka usiku huu."
"It was not merely that Holmes changed his costume.","Siyo tu kwamba Holmes iliyopita Costume yake."
"But this could also be written as four three times.","Lakini hii pia ingeweza kuandikwa kama nne mara tatu"
"Just a trifle more, I fancy, Watson.","Dagaa tu zaidi, mimi dhana tu, Watson."
"Beautiful.","Nzuri."
"That was it!","Kwamba alikuwa ni!"
"But tha' will like it.""","Lakini tha 'itakuwa kama hiyo. """
"NURSE Even so lies she,","Muuguzi Hata hivyo uongo yeye,"
"""But what devilry must happen to make a man invisible?"" ""It's no devilry.","""Lakini nini ushetani lazima kutokea kwa kufanya mtu asiyeonekana ""?"" Siyo ushetani."
"I was asking myself persistently while I drove on with my writing.","Mimi kuuliza mwenyewe vinavyoendelea wakati mimi alimfukuza juu na kuandika yangu."
"And a second idea I got was to use a scarecrow.","Na wazo la pili nililopata lilikuwa kutumiia mtu wa bandia."
"[Kissing her.]","[Kissing yake.]"
"We taught our people about advocacy, human rights, and many other things our community has never done.","Tuliwafunisha watu wetu kuhusu utetezi, haki za watu, na mambo mengine mengi ambayo jumuiya yetu haikupata kufanya hapo kabla."
"Lodge, and a gentleman sprang out.","Lodge, na muungwana ilipoota nje."
"""If today were the last day of my life, would I want to do what I am about to do today?""","""Ikiwa leo ni siku ya mwisho maishani mwangu, ningefanya kama nimeshapanga nifanye leo hii?"""
"JULlET I have.","Juliet mimi."
"He went on upstairs, and then it suddenly occurred to him to ask himself what the spot on the linoleum might be. Apparently some subconscious element was at work.","Inavyoonekana baadhi ya kipengele subconscious alikuwa katika kazi."
"There'll be an inspection today.","Kuna utakuwa ukaguzi leo."
"""I never did in my life.","""Mimi kamwe alifanya katika maisha yangu."
"""Why does tha' care so much about roses an' such, all of a sudden?"" he demanded.","""Kwa nini 'huduma sana kuhusu roses' tha vile, ghafla?"" Alidai."
"I've done anthropology on the main statistical units.","Nimefanya anthopolojia katika sehemu kubwa za takwimu. Kila mtu anasema,"
"Here in my house do him disparagement: Therefore be patient, take no note of him,--","Hapa katika nyumba yangu kufanya naye dhila: hiyo kuwa na subira, msiwe na kumbuka yake, -"
"Looking at the statistics for the last 2-3, it seems that Tristan is right.","Kuangalia takwimu kwa ajili ya 2-3 ya mwisho, inaonekana kwamba, Tristan ni haki."
"My true-love passion: therefore pardon me; And not impute this yielding to light love,","-Kweli upendo wangu shauku: kwa hiyo samahani; Na hii si impute kujitoa kwa upendo mwanga,"
"[Enter Lady Capulet and Nurse.]","[Enter Lady Capulet na muuguzi.]"
"""You showed me where the key was yesterday,"" she said.","""Wewe alinionyeshea ambapo muhimu jana,"" alisema."
"But Bogota's example has the power to change that.","Lakini mfano wa Bogota una nguvu ya kubadili hili."
"- Okay, Zidane!","- Sawa, Zidane!"
"Kemp stared at the bandage as it moved across the room, then saw a basket chair dragged across the floor and come to rest near the bed.","Kemp stared at bandage kama wakiongozwa katika chumba, basi nikaona kiti kikapu dragged katika sakafu na kuja kupumzika karibu na kitanda."
"The groups that lack economic or political power are the ones that would most often be susceptible to forced eviction.","Yale makundi yasiyo na nguvu ya kiuchumi au kisiasa ndiyo ambao mara nyingi huumia katika kuhamishwa mahali kwa nguvu."
"Be careful.","Kuwa makini."
"Queequeg, wake!""","Queequeg, wake! """
"no its just one light we haven't add anything","hapana bado ni taa tu hatuja sambaza bado"
"My first stroke of luck!","Kiharusi yangu ya kwanza ya bahati!"
"Our mariner was in the mood to believe anything, he declared, but that was a bit too stiff.","Mariner yetu ilikuwa katika hali ya kuamini chochote, alitangaza, lakini huu ni kidogo ngumu sana."
"""And holding that handkerchief over his mouth all the time.","""Na kushikilia kwamba leso juu ya kinywa chake wakati wote."
"I'll stay down here till I'm somebody else""--but, oh dear!' cried Alice, with a sudden burst of tears, 'I do wish they WOULD put their heads down!","Mimi itabidi kukaa chini hapa hata mimi nina mtu mwingine ""-! Lakini, oh dear 'kelele Alice, na ghafla kupasuka ya machozi, 'Mimi unataka wangeweza kuweka vichwa vyao chini!"
"Recognize the early signs of violence and conscientiously intervene, deescalate it, show victims a safe way out.","Eleweni ishara za mapema za tuhuma na muingilie kati kistadi malizeni na muonyeshe waathirika njia safi ya kuiepuka."
"Then close the door!","Kisha funga mlango!"
"Oh, dad!","Oh, baba!"
"JULlET It is an honour that I dream not of.","Juliet Ni heshima ya kuwa mimi si ndoto ya."
"Rather than I should marry another woman, there are no lengths to which she would not go--none."" ""You are sure that she has not sent it yet?""","Badala ya mimi lazima kuoa mwanamke mwingine, hakuna marefu ambayo angeweza kwenda -. hakuna "" Wewe ni kuhakikisha kwamba yeye hana Wajumbe bado ""?"
"'Treacle,' said the Dormouse, without considering at all this time.","'Treacle,' alisema Dormouse, bila ya kuzingatia wakati huu wote."
"'Well, it's got no business there, at any rate: go and take it away!'","'Naam, ni got hakuna biashara huko, kwa kiwango chochote: kwenda na kuchukua ni mbali!'"
"As for pulling me out of the window, I only wish they COULD!","Kama kwa ajili ya kuunganisha yangu nje ya dirisha, mimi tu wanatamani HAWAKUWEZA!"
"If any of my kinsmen find thee here.","Kama yoyote ya jamaa zangu kupata kwako hapa."
"""You are certain that is the earliest?"" he said.","""Wewe ni hakika kuwa ni mwanzo?"" Alisema."
"'It struck me that it is from such as he that the great army of waifs and strays is recruited, the army that marches down, down into all the gutters of the earth.","'Ni akampiga mimi kuwa ni kutoka kama vile yeye kwamba jeshi kubwa ya waifs na strays ni kuajiri, jeshi kwamba maandamano chini, chini katika mabirika wote wa dunia."
"'Perhaps it hasn't one,' Alice ventured to remark.","'Labda bado moja,' Alice ventured kwa remark."
"All cultures through all time have constantly been engaged in a dance with new possibilities of life.","Tamaduni zote wakati wote zimejihusisha na mchezo wa masuala mapya ya kimaisha."
"And finally, in the end, I think it's pretty obvious at least to all of all us who've traveled in these remote reaches of the planet, to realize that they're not remote at all.","Na mwisho, hatimaye, naona ni wazi kabisa walau wengi wetu tulosafiri kwenye sehemu hizi za mbali kwenye dunia, tumegundua si mbali tena."
"What say'st thou? hast thou not a word of joy?","Say'st nini wewe? wewe si neno la furaha?"
"Just as he was goin' away our 'Lizabeth Ellen called out, 'Mother, he's got skippin'-ropes with red an' blue handles.'","Kama vile yeye alikuwa goin 'mbali wetu Lizabeth Ellen akapaaza sauti,' Mama, hana kazi skippin'-kamba na nyekundu 'bluu Hushughulikia.'"
"If thou art dun, we'll draw thee from the mire","Kama wewe ni Dun, tutaweza kuteka kwako kutoka kwa matope"
"Gregor had pushed his head forward just to the edge of the couch and was observing her.","Gregor alikuwa alisukuma kichwa chake mbele tu makali ya kitanda na kuangalia yake."
"""And may I ask--"" ""You'll be astonished,"" said Mr. Marvel behind his hand.","""Na naomba kuuliza -"" ""Wewe utakuwa walishangaa, wakasema,"" alisema Bw Usistaajabu nyuma ya mkono wake."
"""What a bally ass I've been,"" he said very slow in an awed tone....""You are a brick!"" he cried next in a muffled voice.","""Ni nini punda Hindi Nimekuwa,"" alisema kwa sauti ya taratibu sana awed ...."" Wewe ni matofali! "" akalia kwa sauti muffled ijayo."
"It seems she hangs upon the cheek of night Like a rich jewel in an Ethiop's ear;","Inaonekana yeye hangs juu ya shavu la usiku Kama Jewel tajiri katika sikio Ethiop ya;"
"So I'm at lunch with this really good friend of mine, and we are having a fantastic time.","Ninakula chakula cha mchana na rafiki yangu wa dhati mno, na tunapitisha wakati mzuri sana."
"Well, I took two and I added it to itself three times.","Naam, nilichukua nambari mbili nikaiongezea nambari mbili zingine mara mbili"
"I must wire to the King without delay.""","Mimi lazima waya kwa Mfalme bila kuchelewa."
"Gregor in small hotel rooms had always thought about with a certain longing, when, tired out, he had had to throw himself into the damp bedclothes.","Gregor katika vyumba vya hoteli ndogo mara zote kwa hamu mawazo kuhusu fulani, wakati, nimechoka nje, alikuwa na kutupa mwenyewe ndani ya nguo za kitanda nyevunyevu."
"With halting steps I paced the streets, and passed the sign of ""The Crossed Harpoons""-- but it looked too expensive and jolly there.","Na hatua ya kuvunja mimi paced mitaani, na kupita ishara ya ""Harpoons walivuka"" - lakini ilikuwa inaonekana gharama kubwa mno na chekeshaji huko."
"O heavy day!","O nzito siku!"
"It was a minute or more before they entered the kitchen. The place was empty.","Ilikuwa ni dakika moja au zaidi kabla ya kuingia jikoni. mahali ilikuwa tupu."
"Who is already sick and pale with grief, That thou her maid art far more fair than she:","Ambao tayari ni wagonjwa na pale na huzuni, ili nawe yake msichana sanaa mbali zaidi haki kuliko yeye:"
"I even took my friends back to my community, and we're installing the lights to the homes which don't have [any], and I'm teaching them how to put them.","Nilishawahi chukua marafiki zangu shuleni kwenda nao katika jamii yangu, na tunaweka taa majumba yasiokuwa nazo,nawafundisha jinsi ya kuziweka."
"""Wait till the summer,"" said Mrs. Hall sagely, ""when the artisks are beginning to come.","""Subiri mpaka majira ya joto,"" alisema Bi Hall sagely, ""wakati artisks ni mwanzo kuja."
"--COLNETT'S VOYAGE FOR THE PURPOSE OF EXTENDlNG THE SPERMACETI WHALE FlSHERY.","- COLNETT 'S safari kwa ajili ya kupanua nyangumi SPERMACETI uvuvi."
"It isn't anybody's.","Si ya mtu yeyote."
"Come on!","Njoo!"
"""And what then?""","""Na nini basi?"""
"This event happened previous to the expulsion of the tyrant Christiern the","Haya yalifanyika kabla ya kufukuzwa kwa Christiern jeuri"
"Not a moment ago.","Si wakati iliyopita."
"'Thinking again?' the Duchess asked, with another dig of her sharp little chin.","'Kufikiri tena?' Duchess aliuliza, na kuchimba mwingine wa kidevu wake mkali kidogo."
"Think bike shops, juice stands.","Fikiria maduka ya baiskeli, viduka vya juisi."
"So one of them has to be positive, one of them has to be negative.","Kwa hiyo moja lazima iwe positive na nyingine lazima iwe negative."
"Who is it that consorts, so late, the dead?","Ni nani consorts, ili marehemu, wafu?"
"Gregor tried to imagine to himself whether anything similar to what was happening to him today could have also happened at some point to the manager.","Gregor alijaribu kufikiria mwenyewe kama kitu chochote sawa na kile kinachotokea kwa naye leo inaweza kuwa pia kilichotokea wakati fulani na meneja."
"'If it had grown up,' she said to herself, 'it would have made a dreadfully ugly child: but it makes rather a handsome pig, I think.'","'Kama ni mtu mzima, ""alisema kwa mwenyewe, ingeli kuwa alifanya dreadfully ugly mtoto, lakini badala ya nguruwe inafanya handsome, nadhani '."
"And this is Latin America. It has everything on this Earth, from the poorest to the richest in Latin America.","Ni kila kitu katika dunia hii, kuanzia maskini zaidi mpaka matajiri, huko Amerika Kusini."
"He knows a lot. He's a Nobel prize winner so he knows so much and he's answered so many of our questions.","Ni mshindi wa tuzo ya Nobel hivyo anajua mambo mengi na amejibu maswali yetu mengi."
"I'll be careful.","Mimi itakuwa makini."
"He had a wide, red, curving mouth and his smile spread all over his face.","Alikuwa na upana, nyekundu, curving kinywa na tabasamu yake kuenea yote juu ya uso wake."
"And fall upon the ground, as I do now, Taking the measure of an unmade grave.","Na kuanguka juu ya nchi, kama mimi sasa, kuchukua hatua za kaburi unmade."
"My back o' t' other side,--O, my back, my back!--","Nyuma yangu o 't' upande mwingine, - O, nyuma yangu, nyuma yangu! -"
"We will be back next week at 1:03 pm Wednesday and Sunday 4:03 pm","Tutakuwa nyuma wiki ijayo saa 13:03 Jumatano na Jumapili 16:03"
"'Behead that Dormouse!","'Behead kwamba Dormouse!"
"So you have to trust that the dots will somehow connect in your future.","Lazima uamini nukta za baadaye zitaunganika katika maisha yako ya baadaye."
"""Coach and Horses"" violently firing out its humanity.","""Kocha na Farasi"" ukali kurusha nje ya ubinadamu wake."
"Poor little thin, sallow, ugly Mary--she actually looked almost pretty for a moment.","Maskini kidogo hafifu, sallow, Maria ugly - yeye kweli inaonekana karibu pretty kwa muda."
"By having him, making yourself no less.","Kwa kuwa na yeye, na kufanya mwenyewe si chini."
"MERCUTlO Without his roe, like a dried herring.--O flesh, flesh, how art thou fishified!--Now is he for the numbers that Petrarch flowed in:","Bila MERCUTIO paa wake, kama sill kavu .-- O mwili, mwili, jinsi ya sanaa wewe fishified - Sasa ni yeye kwa namba ambazo zimetolewa Petrarch:"
"Holmes.","Holmes."
"NURSE O lamentable day!","Muuguzi O lamentable siku!"
"I'll be something different like a Doctor or a Lawyer.","Mimi itakuwa kitu tofauti kama Daktari au Mwanasheria."
"[Juliet wakes and stirs.]","[Juliet vilio na husisimka.]"
"Mem Sahib she must keep the child out of sight as much as possible.","Mem Sahib yeye lazima kuweka mtoto nje ya mbele kama iwezekanavyo."
"We hear each other.","Tunaweza kusikilizana."
"'I wonder how many miles I've fallen by this time?' she said aloud.","'I ajabu jinsi maili nyingi nimekuwa kuanguka kwa wakati huu? alisema kwa sauti."
"They heard him go headlong across the passage and up the uncarpeted stairs to his bedroom.","Waliposikia aende ingia katika kifungu na ghorofani uncarpeted kwa wake chumba cha kulala."
"She moved away from the door, stepping as softly as if she were afraid of awakening some one.","Yeye kusukumwa mbali na mlango, wanazidi kama softly kama kama alikuwa na hofu ya kuamka baadhi ya moja."
"We trust the important charge, the petticoat.","Tunaamini malipo muhimu, petticoat."
"Is thy news good or bad? answer to that; Say either, and I'll stay the circumstance:","Habari yako ni mazuri au mabaya? jibu la kwamba, Sema aidha, na mimi itabidi kukaa hali:"
"Honey~!","Honey ~!"
"The Dormouse again took a minute or two to think about it, and then said, 'It was a treacle-well.'","Dormouse tena alichukua dakika moja au mbili kwa kufikiri juu yake, na kisha alisema, 'Ni treacle-vizuri."
"My house never pleased my eye so much after it was plastered, though I was obliged to confess that it was more comfortable.","Nyumba yangu macho yangu kamwe radhi sana baada ya kupakwa chokaa, mimi, ingawa alilazimika kukiri kuwa ni vizuri zaidi."
"Funny.","Mapenzi."
"Jaffers was struck under the jaw, and, turning, caught at something that intervened between him and Huxter in the melee, and prevented their coming together.","Jaffers alipigwa chini ya taya, na akageuka, hawakupata katika kitu ambacho aliingilia kati yake na Huxter katika melee, na kuzuiwa wao kuja pamoja."
"Woe to him who seeks to please rather than to appal!","Ole naye atafutaye tafadhali badala ya kwa anawakhofisha!"
"A brougham stood on the road before the little outside platform.","""Brougham alisimama juu ya barabara kabla ya nje kidogo ya jukwaa."
"You're mad.' 'How do you know I'm mad?' said Alice.","Wewe ni mwendawazimu. "" Unajuaje mimi nina wazimu?"
"""An' this isn't my day out.","""Hii ni siku yangu si nje."
"PREFACE TO GONDlBERT.","DIBAJI YA GONDIBERT."
"'There's no such thing!'","'Hakuna kitu kama hicho!"
"I nurs'd her daughter that you talk'd withal; I tell you, he that can lay hold of her","Mimi nurs'd binti yake kwamba talk'd ya wote; nawaambieni, yeye anaweza kutetea yake"
"That's why I took care of Sangmin's father like my own son.","Hiyo ni kwa nini mimi alichukua huduma ya baba Sangmin ya kama mtoto wangu mwenyewe."
"Didn't you get the message?","Je si wewe kupata ujumbe?"
"Turn around.","Geuka kote."
"""The paper was made in Bohemia,"" I said. ""Precisely.","""Karatasi iliwekwa katika Bohemia,"" Mimi alisema."
"ok thank you very much my sister ok your welcome","haya akhsante sana dada yangu haya karibuni sana jamani"
"YOU do it!","YOU kufanya hivyo!"
"Both were largely populated by poor people of color, both hotbeds of cultural innovation: think hip-hop and jazz.","Yote ilikuwa na watu wengi wa jamii moja maskini, zote ni hotbeds za utamaduni ulioundwa: fikiria hip-hop na jazz."
"Why is almost every robust healthy boy with a robust healthy soul in him, at some time or other crazy to go to sea?","Kwa nini ni imara na afya karibu kila mvulana na roho robust afya katika yeye, wakati baadhi ya au mambo mengine kwenda baharini?"
"FRlAR Welcome then.","Karibu FRIAR basi."
"It had something to do with cattle and cartridges and a Prince Ravonalo something; but the pivot of the whole affair was the stupidity of some admiral--Admiral Pierre,","Ni kitu cha kufanya na ng'ombe na cartridges na Prince Ravonalo kitu; lakini pivot wa mambo yote ni ujinga wa baadhi admirali - Admiral Pierre,"
"I wonder what I should be like then?'","Nashangaa kile lazima kama basi? '"
"But there was no time for shuddering, for now the savage went about something that completely fascinated my attention, and convinced me that he must indeed be a heathen.","Lakini hapakuwa na muda kwa ajili ya shuddering, kwa sasa savage akaenda juu ya kitu ambacho kabisa fascinated usikivu wangu, na hakika mimi kwamba ni lazima kweli kuwa mataifa."
"- Good night!","- Good usiku!"
"I feared it might injure the brain;","Naliogopa inaweza kuumiza ubongo;"
"""Aye,"" said Martha with a cheerful grin.","""Aye,"" alisema Martha na grin furaha."
"2 SERVANT You shall have none ill, sir; for I'll try if they can","2 mtumishi Usiwe na hakuna mgonjwa, Bwana, kwa kuwa mimi itabidi kujaribu kama wanaweza"
"I'm not gonna do it Dad, If you want to pull the gun and shoot me right here.","Mimi si gonna kufanya hivyo baba, Kama unataka kuvuta bunduki na risasi yangu hapa hapa."
"'That's nothing to what I could say if I chose,' the Duchess replied, in a pleased tone.","'Hiyo ni kitu ambacho ninaweza kusema kama mimi alichagua,' Duchess akajibu, katika radhi tone."
"'I've seen a good many little girls in my time, but never ONE with such a neck as that!","'Nimekuwa kuonekana nzuri wasichana wengi kidogo katika muda wangu, lakini kamwe ONE kwa shingo kama vile hilo!"
"""I came up behind you--hesitated--went on-- ""","""Mimi, akaja nyuma ya wewe - hesitated - aliendelea -"""
"CAPULET Death, that hath ta'en her hence to make me wail,","CAPULET Kifo, aliye na ta'en yake hivyo kufanya mimi kuomboleza,"
"""I wish you'd keep your fingers out of my eye,"" said the aerial voice, in a tone of savage expostulation.","""Napenda kuweka vidole d nje ya macho yangu,"" alisema sauti za anga, kwa sauti ya savage expostulation."
"Methinks that what they call my shadow here on earth is my true substance.","Methinks kuwa hayo wito kivuli yangu hapa duniani ni mali yangu ya kweli."
"SAMPSON No, sir, I do not bite my thumb at you, sir; but I bite my thumb, sir.","Sampson No, Mheshimiwa, mimi si bite thumb wangu wewe, Bwana, lakini mimi bite yangu thumb, Mheshimiwa."
"Mr. Marvel mended his pace, and for a time they went in silence again.","Mheshimiwa Usistaajabu shonwa kasi yake, na kwa muda walikwenda tena kimya kimya."
"So while appealing to authority can sometimes provide us with valuable knowledge, it also can sometimes be the cause of monumental errors.","Kwa hiyo kuona mamlaka muda mwingine inatupa maarifa muhimu, pia inaweza sababisha matatizo makubwa"
"For I will raise her statue in pure gold;","Kwa nami nitalijenga sanamu yake katika dhahabu safi;"
"Really tasty.","Kweli kitamu."
"Now you know.'","Sasa unajua. '"
"Well, that's zero!","Basi..jibu ni sufuri"
"""Let's have the facts first,"" insisted Mr. Sandy Wadgers.","""Hebu na ukweli kwanza,"" alisisitiza Bw Sandy Wadgers."
"-CHAPTER Xill MR. MARVEL DlSCUSSES HlS RESlGNATlON","-SURA XIII MR. Ajabu kujadili kujiuzulu kwake"
"'It was much pleasanter at home,' thought poor Alice, 'when one wasn't always growing larger and smaller, and being ordered about by mice and rabbits.","'Ni za pleasanter nyumbani,' walidhani maskini Alice, 'wakati moja siyo kila mara kuongezeka kubwa na ndogo, na kuwa amri kuhusu kwa panya na sungura."
"At first he slid down a few times on the smooth chest of drawers.","Mara ya kwanza yeye slid chini mara chache juu ya kifua laini ya drawers."
"Hath slain ten thousand Tybalts.","Tybalts amewaua elfu kumi."
"""I been talking here this ten minutes,"" he said; ""and you, you little pot-bellied, leathery-faced son of an old boot, couldn't have the elementary manners--""","""Mimi nimekuwa kuzungumza hapa dakika hii kumi,"" alisema, ""na wewe, wewe kidogo sufuria-bellied, ngozi-wanakabiliwa mwana wa Boot zamani, hakuweza kuwa tabia ya msingi - """
"They rushed out, and as they did so the kitchen door slammed.","Wao alikimbia nje, na kama walifanya hivyo jikoni mlango slammed."
"Simultaneously came a tumult from the parlour, and a sound of windows being closed.","Wakati huo huo alikuja makelele kutoka chumba, na sauti ya madirisha ya imefungwa."
"When?"" ""Yesterday.""","Wakati ""?"" Jana. """
"I have come incognito from Prague for the purpose of consulting you.""","Nimekuja fiche kutoka Prague kwa madhumuni ya kushauriana na wewe. """
"I need to be clear about one thing.","Mimi haja ya kuwa wazi juu ya jambo moja."
"Don't make things more difficult for me than they already are.","Je, si kufanya mambo magumu zaidi kwangu kuliko wao tayari ni."
"He took no notice of her and so at last she spoke to him.","Alichukua hakuna taarifa ya wake na hivyo katika mwisho yeye alizungumza naye."
"It seemed to be ""wutherin'"" louder than ever.","Ilionekana kuwa ""wutherin '"" nguvu zaidi kuliko milele."
"And then--"" ""Well?""","Na kisha - "" Sawa? """
"If we take Mozilla's focus on openness and flexibility seriously we have to do things differently, Tristan thinks.","Kama sisi kuchukua lengo Mozilla juu ya uwazi na kubadilika kwa umakini sisi kufanya mambo tofauti, Tristan anadhani."
"--Peter!","- Peter!"
"He once found a little fox cub half drowned in its hole and he brought it home in th' bosom of his shirt to keep it warm.","Yeye mara moja kupatikana kidogo mbweha cub nusu kuzamishwa kwenye shimo yake na yeye kuletwa ni nyumbani katika th ' kifua cha kanzu yake kuitunza joto."
"BENVOLlO Tybalt, here slain, whom Romeo's hand did slay;","BENVOLIO Tybalt, hapa waliouawa, ambaye alifanya mkono Romeo ya kuua;"
"""Very useful things indeed they are, sir,"" said Mrs. Hall.","""Mambo muhimu sana kwa kweli ni, sir,"" alisema Bi Hall."
"Its large eyes appeared young and unhealthy, almost dropsical.","Macho yake makubwa alionekana vijana na mbaya, karibu dropsical."
"Of course it's a logarithmic scale here, but our concept of economy is growth with percent.","Naam, hiki ni kipimo cha logarithm, lakini dhana yetu ya uchumi ni kukua kwa asilimia."
"We can't go anywhere.","Hatuwezi kwenda kila mahali."
"Women are naturally secretive, and they like to do their own secreting.","Wanawake kwa asili ni siri, na wao kama kwa kufanya secreting yao wenyewe."
"Look at him running off!","Kamtafute mbio mbali!"
"The Dormouse had closed its eyes by this time, and was going off into a doze; but, on being pinched by the Hatter, it woke up again with a little shriek, and went on: '-","Dormouse alikuwa amefunga macho yake kwa wakati huu, na kwenda mbali katika doze, lakini, juu ya kuwa finyana na Sungura, ni woke up tena kwa ukwenzi kidogo, na akaendelea: -"
"In Sierra Leone, humanitarian aid.","Huko Siera Leone, misaada ya kibinadamu."
"It is frequently covered up by drifts, and, it is said, ""sometimes plunges from on wing into the soft snow, where it remains concealed for a day or two.""","Ni mara nyingi inafunikwa na drifts, na, ni kusema, ""wakati mwingine plunges kutoka katika bawa ndani ya theluji laini, ambapo bado ni siri kwa siku moja au mbili. """
"Bramblehurst railway station, and carrying a little black portmanteau in his thickly gloved hand.","Bramblehurst kituo cha reli, na kufanya portmanteau nyeusi kidogo katika mkono wake thickly gloved."
"I felt dreadfully.","Nilihisi dreadfully."
"You can take a data set and put it there.","Unaweza kuchukua seti ya takwimu na kuiweka hapa."
"Al Gore: This is the last one.","Hii ni ya mwisho."
"[Enters the monument.]","[Inaingia monument.]"
"Military service...","Jeshi huduma..."
"NURSE I am aweary, give me leave awhile;--","Muuguzi Mimi ni aweary, nipe muda kuondoka, -"
"Seldom goes out at other times, except when she sings.","Nadra anakwenda nje mara kwa mara nyingine, ila wakati yeye kuimba."
"Are you crazy?","Je, mambo?"
"PARlS I do defy thy conjurations,","PARIS mimi kumpinga conjurations yako,"
"There won't be any rumors.","Hakutakuwa yoyote fununu."
"That is not necessarily a huge concern for the many people who already use Google services","Kwamba si lazima wasiwasi mkubwa kwa ajili ya watu wengi ambao tayari kutumia Google huduma"
"'I never was so ordered about in all my life, never!'","'Mimi kamwe alikuwa na amri ya juu katika maisha yangu yote, kamwe! '"
"""What do you make of that?"" asked Holmes.","""Ni nini kufanya ya kwamba?"" Aliuliza Holmes."
"To-day is Saturday, and I hope that by Monday we may come to a conclusion.""","Leo ni Jumamosi, na natumaini kwamba kwa Jumatatu tunaweza kuja na hitimisho. """
"""Kemp!","""Kemp!"
"O life!--not life, but love in death!","O maisha - si maisha, lakini upendo katika mauti!"
"Al Gore: There is an old African proverb that says,","Kuna methali ya kale ya Kiafrika isemayo,"
"Tell me how have you been doing?","Niambie jinsi ya kuwa na wewe akifanya?"
"The Street.","Street."
"The improvement of the world must be highly contextualized, and it's not relevant to have it on regional level. We must be much more detailed.","Maendeleo ya ulimwengu ni lazima yawekwe kwa makundi tofauti, na si lazima kuwa nayo katika ngazi ya kanda."
"Be good, okay?","Kuwa mwema, sawa?"
"Lies festering in his shroud; where, as they say, At some hours in the night spirits resort;--","Uongo usaha katika sanda yake, ambapo, kama wasemavyo, Katika baadhi ya masaa katika mji wa mapumziko usiku roho; -"
"Utter your gravity o'er a gossip's bowl, For here we need it not.","Uzito mkubwa wako o'er uvumi wa bakuli, Kwa hapa tunahitaji kuwa si."
"Honey, honey, here.","Honey, asali, hapa."
"I missed you so much.","I missed sana."
"- Yeah, what?","- Yeah, nini?"
"""I'm rare sorry the darg--"" ""Not a bit,"" said the stranger.","""Mimi nadra pole darg -"" ""Si kidogo,"" alisema mgeni."
"No accounting for tastes!","Hakuna uhasibu kwa ladha!"
"There he stood on the dark little landing, wondering what it might be that he had seen. A couple of minutes after, he rejoined the little group that had formed outside the","Kuna alisimama juu ya kutua giza kidogo, wanashangaa nini inaweza kuwa kwamba alikuwa kuonekana. baada ya dakika kadhaa, Yesu alirudi kikundi kidogo kwamba alikuwa na sumu nje"
"Everyone was running back to the village.","Kila mmoja alikuwa akikimbia nyuma ya kijiji."
"For really this morning I've nothing to do.""","Kwa kweli hii asubuhi nimepata kitu cha kufanya. """
"How long will take this tv to be brought to us?","hizi tv zitachukua muda gani mpaka kuletewa?"
"They were a gang, and a rough one, too.","Walikuwa ni wengi, na mtu mmoja mkali, pia."
"Al Gore:","Mwisho mbadala chanya"
"If she does not love your Majesty, there is no reason why she should interfere with your Majesty's plan.""","Kama yeye hana upendo utukufu wako, hakuna sababu kwa nini yeye anapaswa kuingilia kati na mpango wa utukufu wako. """
"NURSE","Muuguzi"
"I am afeard, Being in night, all this is but a dream,","Mimi ni afeard, Kuwa katika usiku, lakini yote hii ni ndoto,"
"EXTRACTS (Supplied by a Sub-Sub-Librarian).","Dondoo (hutolewa na Mkutubi ndogo ndogo)."
"When I was young, there was an amazing publication called The Whole Earth Catalog, which was one of the bibles of my generation.","Nilipokuwa kijana palikuwa na jarida la maajabu liitwalo ""The Whoe Earth Catalog"", ambalo lilikuwa kitabu muhimu mno kwa kizazi changu."
"Of my child's love:","Ya upendo ya mtoto wangu:"
"She had been born ten years ago.","Yeye alikuwa amezaliwa miaka kumi iliyopita."
"Mapple without the utmost interest, because there were certain engrafted clerical peculiarities about him, imputable to that adventurous maritime life he had led.","Mapple bila riba mkubwa, kwa sababu kuna baadhi ya clerical engrafted sura ya kipekee juu yake, imputable kwa maisha kuwa adventurous bahari alikuwa na kuongozwa."
"Five and Seven said nothing, but looked at Two.","Tano na saba alisema kitu, lakini inaonekana saa mbili."
"She could scarcely stand this.","Angeweza kusimama shida hii."
"Well, this was one row, and this is the second row, this is the third row, and this is the fourth row.","Ukiangalia, hili ni zefe la kwanza, hilki ni la pili Hili ni la tatu,na hili ni la nne"
"like a sort of a Scalia version of the Bible?","Kama tafsiri ya Scalia ya Biblia?"
"She knows that the King is capable of having her waylaid and searched.","Yeye anajua ya kwamba mfalme ni uwezo wa Baada ya waylaid yake na searched."
"The amount of semantic interconnection and richness that comes out of that is really huge.","Hapo idadi ya miunganiko ya taarifa na idadi ya ubora ambao unakuja pamoja nayo ni kubwa sana. Ni matokeo ya kiwango cha juu cha muungano wa mtandao."
"Right!","Haki!"
"- Stop!","- Stop!"
"More light, you knaves; and turn the tables up,","Zaidi mwanga, wewe knaves; na kurejea meza up,"
"""Where, then?""","Wapi, basi? """
"lifelessly behind.","lifelessly nyuma."
"MONTAGUE I would thou wert so happy by thy stay","Montague ingekuwa heri kama ungekuwa na furaha na kukaa yako"
"Let me think: was I the same when I got up this morning?","Hebu fikiri: ilikuwa ni mimi kama hiyo wakati mimi got up asubuhi ya leo?"
"She could not help thinking about the garden which no one had been into for ten years.","Yeye hakuweza kusaidia kufikiri juu ya bustani ambayo hakuna mtu alikuwa ndani ya kumi miaka."
"'Not I!' he replied.","'Si I!' alijibu."
"""In the shop at Thwaite they sell packages o' flower-seeds for a penny each, and our","""Katika duka saa Thwaite wao kuuza mifuko o 'mbegu za maua kwa kila senti yetu na"
"Should not every apartment in which man dwells be lofty enough to create some obscurity overhead, where flickering shadows may play at evening about the rafters?","Je, si kila ghorofa ambayo mtu hukaa kuwa anajivuna kutosha kujenga baadhi ya Rudia upofu, ambapo flickering vivuli inaweza kucheza wakati wa jioni kuhusu viguzo?"
"It's all so unreasonable.","Ni wote ili maana."
"Let's find Ivan, let's find him now.","Hebu kujua Ivan, hebu kumpata sasa."
"I lounged up the side aisle like any other idler who has dropped into a church.","Mimi lounged up aisle upande kama mvivu wowote ambao imeshuka ndani ya kanisa."
"It was certainly rude of him, after telling him all she had done.","Ni hakika rude yake, baada ya yeye kumwambia yote waliyoyafanya."
"For he can thoroughly enjoy The pepper when he pleases!'","Maana yeye hawezi kabisa kufurahia pilipili wakati amtakaye! '"
"The driver looked twice at such a shabby fare, but I jumped in before he could object.","Landau yake wakati Cab alikuja kwa njia ya mitaani. dereva inaonekana mara mbili kwa vile nauli chakavu, lakini mimi akaruka mbele hakuweza kitu."
"Even after I became suspicious, I found it hard to think evil of such a dear, kind old clergyman.","Hata baada ya mimi kuwa tuhuma, nimeona ni vigumu kufikiria mabaya ya wapenzi vile, aina ya zamani padre."
"Farewell: buy food and get thyself in flesh.--","Kuaga: kununua chakula na kupata mwenyewe katika mwili .--"
"He is a coward.","Yeye ni mwoga."
"Go straight through and try no foolery.","Kwenda moja kwa moja kupitia na kujaribu hakuna foolery."
"FRlAR Come, is the bride ready to go to church?","FRIAR Njoo, ni bibi tayari kwenda kanisani?"
"I stood looking at him a moment.","Niliposimama kuangalia saa yake sasa."
"What has happened is this: that China is growing, it's not so equal any longer, and it's appearing here, overlooking the United States.","Kilichotokea ni hiki: China inakua, haiko sawa tena, na inatokea hapa, ikiingalia Marekani."
"""None of your ventriloquising me,"" said Mr. Thomas Marvel, rising sharply to his feet.","""Hakuna hata ventriloquising wako kwangu,"" alisema Mheshimiwa Thomas Usistaajabu, kupanda kwa kasi hadi miguu yake."
"In the complexion of a third still lingers a tropic tawn, but slightly bleached withal; HE doubtless has tarried whole weeks ashore.","Katika complexion ya tatu bado inaendelea tawn Tropic, lakini kidogo bleached ya wote; HE bila shaka ina akakaa wiki nzima ashore."
"Right away he believed that the final amelioration of all his suffering was immediately at hand.","Mara aliamini kwamba amelioration ya mwisho ya mateso yake yote mara moja katika mkono."
"'Oh, hush!' the Rabbit whispered in a frightened tone.","'Oh, uss' Rabbit alimtia wasiwasi kwa sauti ya hofu."
"She is the daintiest thing under a bonnet on this planet.","Yeye ni jambo daintiest chini bonnet a kwenye dunia hii."
"What's there?","Nini huko?"
"With a little old driver, so lively and quick,","Na dereva na umri mdogo, hivyo uhai na haraka,"
"The Roman made an expiatory offering, and prayed, Whatever god or goddess thou art to whom this grove is sacred, be propitious to me, my family, and children, etc.","Kirumi alifanya sadaka hilo, na kuomba, Chochote mungu au miungu wewe kwa ambaye shamba hii ni takatifu, kuwa propitious kwangu, familia yangu, na watoto, nk"
"But that was not quite good enough, Mr. Holmes.","Lakini hiyo haikuwa nzuri ya kutosha kabisa, Bw Holmes."
"Black here and white there--in patches.","Black hapa na nyeupe huko - katika patches."
"ROMEO Whither?","Romeo wapi?"
"It was past the half hour, already nearly quarter to.","Ilikuwa ni kipindi cha nusu saa, tayari karibu robo ya."
"And my second message is that everyone thinks domestic violence happens to women, that it's a women's issue.","Na ujumbe wangu wa pili ni kwamba kila mtu hufikiri ugomvi wa nyumbani huwaathiri wanawake, ati ni swala la wanawake."
"I bade her come.--What, lamb! what ladybird!-- God forbid!--where's this girl?--what, Juliet!","Mimi aliniambia yake kuja nini, kondoo .--! nini ladybird - Hasha - ambapo 's hii msichana -? nini, Juliet!"
"My hair used to be straight.","Nywele zangu zilikuwa hazijajikunja ziko moja kwa moja."
"Above the clouds, as high as heaven itself?","Juu ya mawingu, kama juu kama mbinguni yenyewe?"
"""The matter was perfectly simple.","""Suala hilo kikamilifu rahisi."
"""The fact is, I'm all here--head, hands, legs, and all the rest of it, but it happens I'm invisible.","""Ukweli ni, mimi nina wote hapa - kichwa, mikono, miguu, na wengine wote, lakini ni hutokea mimi nina asiyeonekana."
"""I don't care, I don't care!","""Sijali, sijali!"
"As well might those tablets stand in the cave of Elephanta as here.","Pamoja ili wale vidonge kusimama katika pango ya Elephanta kama hapa."
"What was the relation between them, and what the object of his repeated visits?","Ni nini ilikuwa uhusiano kati yao, na kile kitu cha ziara yake ya mara kwa mara?"
"I'll draw them in rows of three.","Nitayachora malimau haya katika zefe kila moja ikiwa na tatu"
"""What do you do in your cottage when it rains like this?"" she asked Martha.","""Unafanya nini katika Cottage yako wakati wa mvua kama hii?"" Aliuliza Martha."
"He was a knowing man, was Mr. Wadgers, and very resourceful.","Yeye ni mtu kujua, alikuwa Mheshimiwa Wadgers, na mbunifu sana."
"Mrs. Medlock gave me th' place out o' kindness.","Bi Medlock alinipa 'mahali nje o' th wema."
"However, she did not like to be rude, so she bore it as well as she could.","Hata hivyo, yeye hakuwa na kama kwa ufasaha, hivyo yeye alichukua ni pamoja na yeye anaweza."
"Come, let's away; the strangers all are gone.","Njoo, hebu mbali; wageni wote ni gone."
"""I believe she scarcely ever looked at her,"" sighed Mrs. Crawford.","""Naamini yeye ni shida umewahi inaonekana saa yake,"" sighed Bibi Crawford."
"Gotcha!","Gotcha!"
"But being a sensible woman, she subdued her terrors and turned over and went to sleep again. &gt;","Lakini kutokana na kuwa mwanamke busara, yeye alishindwa hofu yake na akageuka juu na kwenda kulala tena. &gt;"
"'I want a clean cup,' interrupted the Hatter: 'let's all move one place on.'","'Nataka kikombe safi,' kuingiliwa Sungura: 'basi ni yote hoja moja juu ya mahali.'"
"For, by your leaves, you shall not stay alone Till holy church incorporate two in one.","Kwa maana, na majani yako, wala kukaa peke Mpaka takatifu kanisa kuingiza mbili katika moja."
"There is no need for you to be so confounded impatient, mister.","Hakuna haja ya wewe kuwa hivyo kufadhaika papara, bwana."
"Have they been merry! which their keepers call A lightning before death:","Je, wao wamekuwa merry! ambayo walinzi wao wito umeme kabla ya kifo:"
"If it's more being trapped on the way out, then you would expect it to be warmer here and cooler here.","Iwapo litakuwa linazuiwa wakati wa kutoka, kwa hiyo tungetegemea kuwe na joto kidogo hapa na baridi kidogo pale."
"She had even made each of the children a doughcake with a bit of brown sugar in it.","Alikuwa na hata akafanya kila mmoja watoto doughcake na kidogo ya sukari kahawia ndani yake."
"Fun and play...","Mziki na kucheza..."
"So when I was contacted by the Parks Department about a $10,000 seed-grant initiative to help develop waterfront projects,","Kwa hiyo nilipofuatwa na kitengo cha bustani za kupumzikia karibu dola 10,000 za utekelezaji kusaidia kuendeleza miradi ya pwani."
"Except for me.","Isipokuwa kwa ajili yangu."
"I'm very happy that I've met you.","Mimi nina furaha sana kuwa nimepata alikutana wewe."
"But I heard him exclaim, ere he drove out of sight,","Lakini nilimsikia Mkisema, kabla ya kuwafikia akawafukuza nje ya mbele,"
"As that of true and faithful Juliet.","Kama ile ya Juliet na kweli."
"Ha, Ishmael, muttered I, backing out, Wretched entertainment at the sign of 'The","Ha, Ishmaeli, wakaanza kunung'unika mimi, inaunga mkono nje, burudani muovu katika ishara ya '"
"""No. Everything is hot, and wet, and green after the rains in India,"" said Mary.","""Hapana Kila kitu ni moto, na mvua, na kijani baada ya mvua nchini India, ""alisema Maria."
"(Laughter)","(kicheko)"
"Nice knowing you kid.","Nice kujua wewe mtoto."
"- Is there a Lee Jungwoo here?","- Je, kuna Jungwoo Lee hapa?"
"When you raise your cry of fire, it will be taken up by quite a number of people.","Wakati kuongeza kilio yako ya moto, itakuwa zinachukuliwa na idadi ya watu kabisa."
"lol it would be the one c right judge i do remember something about that seems to me i remember transaction involving that amount uh... right around the holiday","lol itakuwa moja c haki hakimu i kufanya kumbuka kitu juu ya kwamba Inaonekana kwangu i kukumbuka manunuzi kuwashirikisha kwamba kiasi uh ... haki kote likizo"
"Go to sleep.","Kwenda kulala."
"What is going on?","Kinachoendelea?"
"Change the global treaties.","Badilisha mikataba ya kimataifa."
"Steve Jobs:","Steve Jobs:"
"JULlET O, find him! give this ring to my true knight,","Juliet O, kumpata! kutoa pete hii ya Knight yangu ya kweli,"
"Dickon saw her do it, and as she still said nothing, he began to be puzzled.","Dickon alipomwona kufanya hivyo, na kama bado yeye alisema kitu, akaanza kuwa puzzled."
"But I'm quite refreshed once again.","Lakini nina kabisa nishati mara nyingine tena."
"With my luck with men, what was I thinking?","Kwa bahati yangu na wanaume, nini mimi kufikiri?"
"MERCUTlO Yea, is the worst well? very well took, i' faith; wisely, wisely.","MERCUTIO Naam, ni vizuri mbaya? vizuri sana alichukua, imani i '; busara, busara."
"In school do you have to learn english?","Katika shule ya kufanya na kujifunza kiingereza?"
"But I could also write zero fours.","Naweza pia kuandika sufuri nne"
"""Stop!"" with such extraordinary violence that he silenced her instantly.","""Stop!"" Na unyanyasaji huo wa ajabu kwamba kimya chake papo hapo."
"She gave him credit for as complete an understanding as possible.","Yeye akampa kama mikopo kwa ajili ya kukamilisha uelewa iwezekanavyo."
"NURSE Have you got leave to go to shrift to-day?","Je, unayo muuguzi kuondoka kwenda shrift leo?"
"[Enter the Prince and Attendants.]","[Enter Prince na wakunga.]"
"There! all right.","Hapo! sawa."
"God's Game - Full Movie - Comedy Mockumetary FREE on Anton Pictures youTube Channel","Mapori ya Mungu - Full Movie - Comedy Mockumetary Picha za juu Anton YouTube Channel"
"Thou art uprous'd with some distemperature; Or if not so, then here I hit it right,--","Wewe uprous'd na baadhi distemperature; Au kama si hivyo, basi hapa mimi hit haki, -"
"Let's eat.","Hebu kula."
"--FALCONER'S SHlPWRECK.","- Falconer 'S SHIPWRECK."
"""You have had a sleep!"" she said.","""Unaweza kuwa na usingizi!"" Alisema."
"And for all of us, the dreams of these children, like the dreams of our own children, become part of the naked geography of hope.","Na kwetu sote, ndoto za watoto hawa, kama vile ndoto za watoto wetu wenyewe, zimekuwa sehemu ya jiografia ya matumaini."
"- Excuse me?","- Excuse me?"
"As soon as we moved to New England -- you know, that place where Connor was supposed to feel so safe -- he bought three guns.","Muda tu tulipohamia New England--unajua, mahali Connor aliposema pangemfanya ajisikie salama-- alinunua bunduki tatu."
"Better not keep a house.","Bora si mfanyakazi wa nyumbani."
"He bowed me out of the room and I went home with my assistant, hardly knowing what to say or do, I was so pleased at my own good fortune.","Akainama nami nje ya chumba na mimi kurejea nyumbani na msaidizi wangu, ni vigumu kujua nini cha kusema au kufanya, mimi nilikuwa na furaha kwa bahati yangu nzuri."
"It's nothing.","Ni kitu."
"'Dear, dear!","'Wapendwa, dear!"
"ROMEO I fear, too early: for my mind misgives","Romeo mimi hofu, ni mapema mno: kwa akili yangu misgives"
"The '60s.","Miaka ya 60."
"Now, it's true he'd not slept quietly, but evidently he'd slept all the more deeply.","Sasa, ni kweli yeye si kulala d kimya kimya, lakini ni dhahiri yeye d akalala wote kwa undani zaidi."
"He was rooted to the spot, but convulsive shudders ran down his back; his shoulders would heave suddenly.","Alikuwa mizizi na doa, lakini convulsive shudders akalikabili nyuma yake; mabega yake itakuwa kuinuliwa ghafla."
"In penalty alike; and 'tis not hard, I think, For men so old as we to keep the peace.","Katika adhabu sawa sawa, na 'tis si ngumu, nadhani, Kwa ajili ya watu hivyo umri kama sisi kuweka amani."
"""The fish that you have tattooed immediately above your right wrist could only have been done in China.","""Samaki kwa kuwa tattooed mara moja juu ya mkono wako wa kulia inaweza tu kufanyika nchini China."
"""Imitated.""","""Kufuaswa."""
"So we could write this as x squared plus x minus 42 is equal to 0.","Hivyo tunaweza kuiandika hii kama x squared jumlisha x, toa arobaini na mbili ni sawa na sifuri."
"It took some person years, and we have produced animations.","Iliwachukua watu wengine miaka kadhaa, na tumetengeneza vielelezo."
"I sat down on an old wooden settle, carved all over like a bench on the Battery.","Mimi akaketi juu ya mbao zamani kuishi, carved wote juu kama benchi kwenye betri."
"'The Queen of Hearts, she made some tarts, All on a summer day:","'Malkia wa Hearts, yeye alifanya tarts baadhi, siku zote wakati wa kiangazi:"
"This takes energy, producing clean water.","Hii inahitaji nguvu kutengeneza maji ya kunywa"
"Northumbria, declared for him: and even Stigand, the patriotic archbishop of","Northumbria, alitangaza kwa ajili yake na hata Stigand, askofu mkuu wa kizalendo"
"""Really, Mr. Holmes,"" said Mr. Merryweather as we followed them from the cellar, ""I do not know how the bank can thank you or repay you.","""Kweli, Bw Holmes,"" alisema Bw Merryweather kama sisi ikifuatiwa yao kutoka pishi, ""Mimi hawajui jinsi benki inaweza asante au kukulipa."
"ACT I. Scene I. A public place.","ACT I. Scene I. mahali umma."
"Such a face!","Uso vile!"
"'It was the BEST butter,' the March Hare meekly replied.","Machi Hare. 'Ni siagi BEST,' Hare Machi kikondoo alijibu."
"LADY CAPULET He is a kinsman to the Montague, Affection makes him false, he speaks not true:","LADY CAPULET Yeye ni jamaa kwa Montague, Upendo hufanya yake ya uongo, husema si kweli:"
"He found a half-drowned young crow another time an' he brought it home, too, an' tamed it.","Akakuta nusu-zama jogoo vijana wakati mwingine 'akamleta ni nyumbani, pia,' tamed yake."
"And she kept on puzzling about it while the Mouse was speaking, so that her idea of the tale was something like this:--","Na yeye anaendelea gumu kuhusu hilo wakati Mouse alikuwa akiongea, ili wazo yake ya tale ni kitu kama hii: -"
"""Is it all a quite dead garden?","""Je, ni bustani yote kabisa wafu?"
"Hear me with patience but to speak a word.","Unisikilize kwa uvumilivu lakini kusema neno."
"Absolutely. A married woman.","Kabisa. mwanamke aliyeolewa."
"Rest you merry!","Mapumziko wewe merry!"
"""I heard it--distinct.""","""Nimesikia it - tofauti."""
"Help me make sustainability sexy.","Nisaidieni kufanya uendelevu uwe wa kuvutia."
"AND FlNALLY DESTROYED BY A LARGE SPERM WHALE IN THE PAClFIC OCEAN.""","Na hatimaye kuharibiwa na nyangumi KUBWA manii katika Bahari ya Pasifiki. """
"Don't worry, dude.","Usijali, dude."
"Is not so long as is a tedious tale.","Si muda mrefu kama ni tale tedious."
"So they got thrown out to sea.","Basi got kutupwa nje ya bahari."
"'And so these three little sisters--they were learning to draw, you know--'","'Na hivyo hizi tatu kidogo dada - wao walikuwa kujifunza kuteka, unajua - '"
"'Fury said to a mouse, That he met in the house,","'Fury alisema kwa panya, kwamba yeye walikutana katika nyumba,"
"It was now hard upon twelve o'clock. The landlord chuckled again with his lean chuckle, and seemed to be mightily tickled at something beyond my comprehension.","Ilikuwa ngumu juu ya 12:00. mwenye nyumba chuckled tena na konda wake chuckle, na walionekana kuwa na nguvu tickled kwa kitu zaidi ya ufahamu wangu."
"To hear him nam'd,--and cannot come to him,-- To wreak the love I bore my cousin Tybalt","Kumsikiliza nam'd, - na hawezi kuja naye - To wreak upendo wangu niliyezaa binamu Tybalt"
"- Cut it out.","- Kata nje."
"While these things were going on in the parlour, and while Mr. Huxter was watching","Wakati mambo hayo yote ni kwenda katika chumba, na wakati Mheshimiwa Huxter alikuwa akiangalia"
"""I am sure."" ""And why?""","""Nina uhakika."" ""Na kwa nini?"""
"I have this friend and i want you to go talk with her.","Nina rafiki na mimi nataka wewe uende majadiliano pamoja naye."
"Hall next, Wadgers last.","Hall ijayo, Wadgers mwisho."
"I now screwed my eyes hard towards the half hidden image, feeling but ill at ease meantime--to see what was next to follow.","Mimi sasa macho yangu Star ngumu kwa hisia nusu siri picha, lakini mgonjwa katika kupunguza Wakati huo huo - na kuona nini ilikuwa karibu kufuata."
"In contrast to Gregor she loved music very much and knew how to play the violin charmingly.","Tofauti na Gregor yeye kupendwa music sana na alijua jinsi ya kucheza violin charmingly."
"The mariner produced a toothpick, and (saving his regard) was engrossed thereby for some minutes.","Mariner zinazozalishwa toothpick, na (Kuokoa suala lake) alikuwa hana akiendelea hivyo kwa muda wa dakika fulani."
"I'm never sure what I'm going to be, from one minute to another!","Mimi nina uhakika nini mimi kamwe nitakuja kuwa, kuanzia dakika moja hadi nyingine!"
"Everyone tumbled on everyone else down the steps.","Kila mtu ulipungua juu ya kila mtu mwingine chini hatua."
"I needs must wake her.--Madam, madam, madam!--","Mimi mahitaji yake ya lazima wake Madam .--, bibie, bibie! -"
"Alice said very humbly; 'I won't interrupt again.","Mimi kuthubutu kusema kuna inaweza kuwa moja. '"
"What's wrong?","Nini ni kosa?"
"The common perception was that only pimps and pushers and prostitutes were from the South Bronx.","Fikira za watu zilikuwa kwamba makuwadi, wauza madawa ya kulevya na malaya walikuwa wanatoka Bronx Kusini."
"Ah, sirrah [to 2 Capulet], by my fay, it waxes late; I'll to my rest.","Ah, sirrah [kwa 2 Capulet], na Fay wangu, waxes marehemu, mimi utakuwa na pumziko."
"[cheers]","(kushangilia)"
"He relapsed into a moody silence, which was not broken until we drew up in Serpentine","Yeye relapsed katika ukimya moody, ambayo si kuvunjwa mpaka tulianzisha katika serpentine"
"""He is dead,"" cried several voices.","""Yeye ni maiti,"" sauti sauti kadhaa."
"'Collar that Dormouse,' the Queen shrieked out.","'Collar kwamba Dormouse,' Malkia shrieked nje."
"Yes, That's her.","Ndiyo, Hiyo ni yake."
"So say the Serpentine-mews, to a man.","Hivyo kusema Mews serpentine, kwa mtu."
"He walks over to Thwaite many a day just for th' fun of it.","Akitembea juu ya Thwaite siku nyingi kwa ajili ya kujifurahisha th 'yake."
"[later editions continued as follows The Panther took pie-crust, and gravy, and meat, While the Owl had the dish as its share of the treat.","[Baadaye matoleo ya kuendelea kama ifuatavyo Panther alichukua pie-ganda, na supu, na nyama, Wakati Owl alikuwa na sahani kama sehemu yake ya kutibu."
"Once or twice a curious listener might have heard him at the coals, and for the space of five minutes he was audible pacing the room.","Mara moja au mbili msikilizaji curious anaweza kuwa na habari zake katika makaa, na kwa nafasi ya dakika tano alikuwa audible pacing chumba."
"But to-day being Saturday rather complicates matters.","Lakini hadi siku ya Jumamosi badala complicates mambo."
"WHALE,ENGLlSH.","Nyangumi, Kiingereza."
"""Ah!"" said Mr. Marvel.","""Ah!"" Alisema Bw Usistaajabu."
"Sherlock Holmes' quick eye took in my occupation, and he shook his head with a smile as he noticed my questioning glances.","Sherlock Holmes 'jicho haraka alichukua katika kazi yangu, na yeye shook kichwa chake pamoja na tabasamu kama yeye niliona yangu macho ya kuhoji."
"""True likewise,"" said Mr. Marvel.","""Kweli vivyo hivyo,"" alisema Bw Usistaajabu."
"That you're really cute?","Kwamba Wewe ni kweli cute?"
"And reason coldly of your grievances, Or else depart; here all eyes gaze on us.","Na sababu coldly ya malalamiko yako, Au mwingine waende, hapa wote macho juu ya macho yetu."
"""I'm a miserable tool,"" said Marvel.","""Mimi ni chombo duni,"" alisema Usistaajabu."
"You're drunk.","Wewe ni mlevi."
"""If your Majesty would condescend to state your case,"" he remarked, ""I should be better able to advise you.""","""Kama Mkuu yako ingekuwa condescend hali kesi yako, ""alisema alisema,"" Mimi ni lazima bora na uwezo wa kukushauri. """
"I thought of a dry leaf imprisoned in an eddy of wind, while a mysterious apprehension, a load of indefinite doubt, weighed me down in my chair.","Mimi mawazo ya jani kavu kufungwa katika mzunguko wa upepo, wakati wa ajabu wasiwasi, shaka mzigo wa muda usiojulikana, vunja yangu chini ya mwenyekiti wangu."
"""Heaven,"" he answered, and drove his spade deep into the soil, ""'cording to what parson says.""","""Mbingu,"" yeye akajibu, akawafukuza jembe yake kirefu ndani ya ardhi, ""'cording kwa nini parson anasema. """
"""Am I now going to be less sensitive,"" he thought, already sucking greedily on the cheese, which had strongly attracted him right away, more than all the other foods.","""Mimi sasa itakuwa chini ya nyeti,"" alidhani, tayari sucking greedily juu ya jibini, ambayo ilikuwa na nguvu kuvutia kwake mara moja, zaidi ya yote vyakula vingine."
"""That's what I want to know."" ""I told you three days ago I was awaiting a remittance--""","""Hiyo ni nini nataka kujua."" ""Nimewaambieni siku tatu zilizopita, nilikuwa wanasubiri remittance - """
"ROMEO Spakest thou of Juliet? how is it with her?","Spakest Romeo Juliet wewe wa? ni jinsi gani na mwanamke?"
"I feel like you are very special person.","Mimi kuhisi kama wewe ni mtu maalum sana."
"Surprised.","Kushangaa."
"Don't.","Je, si."
"How fares my Juliet? that I ask again;","Jinsi nauli yangu Juliet? kwamba mimi kuuliza tena;"
"No one ventured upstairs.","Hakuna mtu ventured ghorofani."
"NURSE You say well.","Unaweza kusema muuguzi pia."
"'Come on, then,' said the Queen, 'and he shall tell you his history,'","'Haya, basi,' alisema Malkia, 'naye nawaambia historia yake,'"
"BENVOLlO A right fair mark, fair coz, is soonest hit.","BENVOLIO haki sawa alama, ya haki coz, ni hit soonest."
"Dove-feather'd raven! wolvish-ravening lamb!","Njiwa-feather'd kunguru! wolvish-kondoo wa udhalimu!"
"'When did you begin?'","'Kuanza lini?"
"'It is a very good height indeed!' said the Caterpillar angrily, rearing itself upright as it spoke (it was exactly three inches high).","'Caterpillar alisema kwa hasira, ufugaji yenyewe wima kama ni kusema (ilikuwa hasa tatu inchi juu)."
"It doesn't create the distortion of reality; it creates the dissolution of reality.","Haifanyi upotoshaji wa hali halisi; inayeyusha ufahamu wa hali halisi."
"""Then, good-night, your Majesty, and I trust that we shall soon have some good news for you.","""Basi, wema usiku, mfalme, na mimi matumaini kwamba tutakuwa haraka na baadhi ya mema habari kwa ajili yenu."
"These small red apples rolled around on the floor, as if electrified, and collided with each other. A weakly thrown apple grazed Gregor's back but skidded off harmlessly.","Hawa wadogo wadogo apples nyekundu akavingirisha kote juu ya sakafu, kama umeme, na iligongana na kila mmoja. apple weakly grazed kutupwa nyuma ya Gregor"
"Get a lantern, someone, and come and feel about for his body.""","Kupata taa, mtu, na kuja na kujisikia juu ya mwili wake. """
"And he mumbled at her--words suspiciously like curses.","Na yeye mumbled saa yake - maneno suspiciously kama laana."
"It was created by a fellow named Stewart Brand not far from here in Menlo Park, and he brought it to life with his poetic touch.","Kilibuniwa na mtu jina lake Stewart Brand aliyefanya kazi hiyo karibu kiasi na chuo hiki, naye alikijaza maana akiwa na kipaji cha utungaji mashairi."
"PETER I saw no man use you at his pleasure; if I had, my weapon should quickly have been out, I warrant you:","PETER nikaona hakuna mtu kutumia wewe katika furaha yake, kama alikuwa, silaha yangu"
"Then, when she saw what it was, she screamed loudly, dropped it, and staggered back. The nose--it was the stranger's nose! pink and shining--rolled on the floor.","Basi, baada ya yeye aliona ni kitu gani, yeye kelele kwa sauti kubwa, imeshuka yake, na kutangatanga nyuma. pua - ilikuwa pua mgeni! pink na aa - akavingirisha juu ya sakafu."
"Kemp got up, looked about him, and fetched a glass from his spare room.","Kemp got up, akatazama juu yake, na fetched kioo kutoka chumba yake vipuri."
"So shows a snowy dove trooping with crows","Hivyo inaonyesha njiwa Snowy trooping na hajawika"
"- Miss Kim!","- Miss Kim!"
"Climate.","Hali ya hewa"
"'Tut, tut, child!' said the Duchess.","'Tut, Tut, mtoto!' Alisema Duchess."
"Your husband commands you to come!","Mume wako anakuamrisheni kuja!"
"Do you want me to tell you a secret?","Je unataka mimi nawaambieni siri?"
"I don't know that your assistant is not as remarkable as your advertisement.""","Sijui kuwa msaidizi wako ni kama si ajabu kama matangazo yako. """
"(and she tried to curtsey as she spoke-- fancy CURTSEYlNG as you're falling through the air!","(Na yeye alijaribu curtsey kama yeye alizungumza - CURTSEYING dhana kama wewe ni kuanguka kwa njia ya hewa!"
"JULlET Ay, those attires are best:--but, gentle nurse,","Juliet Ay, wale attires ni bora: - lakini, mpole, muuguzi"
"Ah, great!","Ah, kubwa!"
"There is that double possibility.","Kuna uwezekano kwamba mara mbili."
"""Well, Watson,"" said Holmes when our visitor had left us, ""what do you make of it all?""","""Sawa, Watson,"" alisema Holmes wakati mgeni wetu kuondoka kwetu, ""nini kufanya ya yote? """
"MERCUTlO Come, sir, your passado.","MERCUTIO Haya, bwana, passado yako."
"'Oh, there goes his PREClOUS nose'; as an unusually large saucepan flew close by it, and very nearly carried it off.","'Oh, huenda kuna pua yake ya thamani; kama sufuria kubwa mno akaruka karibu na hayo, na karibu sana kufanyika ni mbali."
"At first she refused to see anything in what they had heard at all.","Mara ya kwanza alikataa kuona kitu katika walisikia nini wakati wote."
"""For God's sake, let me smoke in peace for a little while!","""Kwa ajili ya Mungu, basi mimi moshi kwa amani kwa muda mfupi tu!"
"But it's just my promiscuous luck.","Lakini ni bahati yangu tu wapenzi wengi."
"At staring and saying nothing a barefaced man, unspectacled, starts scratch.","Katika staring na kusema chochote barefaced mtu, unspectacled, kuanza mwanzo."
"But when you're in the house don't go wandering and poking about.","Lakini wakati wewe ni katika nyumba wala kwenda kutangatanga na mchocheo juu."
"Since birth and heaven and earth, all three do meet","Tangu kuzaliwa na mbingu na nchi, wote watatu kufanya kukutana"
"She stayed with him for ten or fifteen minutes longer and asked him as many questions as she dared.","Yeye alibaki pamoja naye kwa miaka kumi au kumi na tano kwa dakika na kumuuliza kama wengi maswali kama yeye aliyethubutu."
"This account of you we have from all quarters received.","Hii sababu ya wewe sisi tumepokea kutoka kwa robo."
"""When she died--""","""Wakati yeye alikufa -"""
"If no inconstant toy nor womanish fear Abate thy valour in the acting it.","Kama hakuna toy kigeugeu wala hofu womanish Abate mashujaa wako katika kutenda hayo."
"- Yeah, yeah.","- Yeah, yeah."
"Friar John, go hence; Get me an iron crow and bring it straight","Friar John, kwenda hivyo; Get mimi jogoo chuma na kuleta moja kwa moja"
"MERCUTlO 'Tis no less, I tell ye; for the bawdy hand of the dial is now upon the prick of noon.","MERCUTIO 'tis si chini, nawaambia ninyi, kwa mkono bawdy ya piga ni sasa juu ya chomo ya saa sita mchana."
"""She doesn't seem to be like the mothers in India.""","""Hana kuonekana kuwa kama mama katika India."""
"""When they have no leaves and look gray and brown and dry, how can you tell whether they are dead or alive?"" inquired Mary.","""Wakati majani hakuna na kuangalia na rangi ya kijivu na kavu, jinsi gani unaweza kujua kama wao ni wafu au hai? ""akauliza Maria."
"""You got a rum un up home!"" said Teddy.","""You got rom un up nyumbani!"" Alisema Teddy."
"Look, sir, here comes the lady toward my cell.","Kuangalia, bwana, hapa anakuja mwanamke kwa kiini yangu."
"'Does the boots and shoes!' she repeated in a wondering tone.","'Je, buti na viatu!' Yeye mara kwa mara katika tone wanashangaa."
"""I'm not over strong,"" he repeated.","""Mimi si juu ya nguvu,"" yeye mara kwa mara."
"Thursday let it be;--a Thursday, tell her, She shall be married to this noble earl.--","Alhamisi iwe, - Alhamisi, kumwambia, atakuwa kuolewa na Earl huu mtukufu .--"
"- Really cute.","- Kweli cute."
"APOTHECARY Who calls so loud?","APOTHECARY nani wito kubwa hivyo?"
"Would I, a model student, do that?","Je, mimi, mwanafunzi mfano, kufanya hivyo?"
"Let's hurry up with this.","Hebu haraka juu na hili."
"""And--well..."" ""You're right,"" said the mariner.","""Na - vizuri ..."" ""Wewe ni sahihi,"" alisema Mariner."
"Only when he was already in the door did he turn his head, not completely, because he felt his neck growing stiff.","Tu wakati tayari alikuwa katika mlango akaiendea kichwa chake, kabisa, kwa sababu waliona shingo yake ngumu kuongezeka."
"The Counterpane.","Counterpane."
"He stopped playing his pipe and began to rise from the ground.","Aliacha kucheza bomba yake na akaanza kupanda kutoka chini."
"On the counterpane was a mess of blood, and the sheet had been torn.","On counterpane ilikuwa fujo ya damu, na karatasi alikuwa lenye."
"I told him I'd heard he took an interest in scientific things.","Nilimwambia ningependa habari kwamba alichukua nia mambo ya kisayansi."
"""It's all clear,"" he whispered.","""Ni yote wazi,"" alimtia wasiwasi."
"""I want to see all the things that grow in England.""","""Nataka kuona vitu vyote kwamba kukua katika Uingereza."""
"""Listen to me.""","""Nisikilizeni."""
"""Absolutely none.""","""Kabisa hakuna."""
"Bear hence this body, and attend our will:","Bear hivyo mwili huu, na kuhudhuria mapenzi yetu:"
"Ok, allright.","Ok, allright."
"But you won't need much waitin' on.""","Lakini huwezi haja waitin sana juu. """
"Mrs. Gribble.","Gribble Bi."
"It was evident that their battle-cry was ""Conquer or die.""","Ni dhahiri kwamba wao wa vita kilio alikuwa ""kushinda au kufa."""
"What but my fortunes sunk so low in night?","Nini lakini bahati yangu kuzamishwa hivyo chini katika usiku?"
"- Tell her to come.","- Mwambie kuja."
"No one came in, the door remained closed.","Hakuna mtu aliingia, mlango bado imefungwa."
"Now comes the wanton blood up in your cheeks,","Sasa inakuja damu anasa juu katika mashavu yako,"
"Please.","Tafadhali."
"SAMPSON But if you do, sir, am for you: I serve as good a man as you.","Mimi kutumika kama mtu mwema kama wewe."
"But one thing to rejoice and solace in, And cruel death hath catch'd it from my sight!","Lakini jambo moja kushangilia na furaha katika, Na kifo kikatili aliye catch'd ni kutoka mbele yangu!"
"'Fourteenth of March, I think it was,' he said.","'Kumi na nne wa mwezi Machi, nadhani ilikuwa,' yeye alisema."
"Mr. Samsa threw the bedspread over his shoulders, Mrs. Samsa came out only in her night-shirt, and like this they stepped into Gregor's room.","Mheshimiwa Samsa kurusha bedspread juu ya mabega yake, Bi Samsa akatoka tu ndani yake usiku-shati, na kama hayo kupitiwa na ndani ya chumba Gregor ya."
"If this young person should produce her letters for blackmailing or other purposes, how is she to prove their authenticity?""","Kama hii mtu vijana lazima mazao yake barua kwa blackmailing au madhumuni mengine, jinsi ni yeye kuthibitisha uhalisi wao? """
"When I first met you in Jeju Isle, I felt weird inside.","Wakati mimi kwanza alikutana na wewe katika Jeju Isle, nilihisi ndani weird."
"""Toothache,"" said Mr. Marvel, and put his hand to his ear.","""Toothache,"" alisema Bw ajabu, na kuweka mkono wake kwa sikio."
"'That's right!' shouted the Queen.","'Hiyo haki!' Kelele Queen."
"'Now at OURS they had at the end of the bill, ""French, music, AND WASHlNG--extra.""'","'Sasa ya kwetu walikuwa na mwisho wa muswada huo, ""Kifaransa, music, na kuosha - ya ziada."" '"
"Why, there's hardly room for YOU, and no room at all for any lesson-books!'","Kwa nini, kuna chumba vigumu kwa YOU, na hakuna chumba wakati wote kwa ajili ya vitabu vya somo-wowote! '"
"Your right hand is quite a size larger than your left.","Mkono wako wa kulia ni kawaida kabisa kubwa kuliko wako wa kushoto."
"""Now to think,"" she broke out, ""to think o' me forgettin' that there; an' I thought I was goin' to tell you first thing this mornin'.","""Sasa kwa kufikiri,"" alisema yalitokea, ""kufikiri o 'mimi forgettin' kwamba kuna, 'mimi nilifikiri alikuwa goin 'kukuambia jambo la kwanza mornin hii."
"These are the little air-guns which contribute to make the ice crack and whoop.","Hizi ni kidogo hewa bunduki ambayo kuchangia kufanya ufa barafu na whoop."
"""Don't be alarmed,"" repeated the Voice.","""Msiwe na wasiwasi,"" Sauti ya mara kwa mara."
"'We called him Tortoise because he taught us,' said the Mock Turtle angrily: 'really you are very dull!'","'Tulimwita kobe kwa sababu yeye alitufundisha,' alisema Turtle Wamdhihaki kwa hasira: 'kweli wewe ni mwanga mdogo sana! '"
"Misselthwaite Manor, she looked so stony and stubbornly uninterested that they did not know what to think about her.","Misselthwaite Manor, yeye inaonekana hivyo mawe na ukaidi uninterested kwamba hawakuwa sijui nini kufikiria juu yake."
"""I thought so.","""Nilidhani hivyo."
"ok thank you","haya akhsante"
"The turn of events at Apple had not changed that one bit. I had been rejected, but I was still in love.","Mambo yaleyale ya mabadiliko pale Apple hayajaubadilisha upendo wangu hata kidogo."
"Dormouse.","Dormouse."
"You'll see it immediately, as soon as","Utaona mara moja, mara"
"Well, my grandfather's sick.","Naam, babu yangu ni mgonjwa."
"It's like a big, giant nuclear bomb.","Kama bomu kubwa la nyuklia."
"FRlAR O, she knew well Thy love did read by rote, that could not spell.","FRIAR O, yeye alijua upendo wako walifanya vizuri kusoma na rote, ambayo inaweza si uchawi."
"Hard green wood just cut, though I used but little of that, answered my purpose better than any other.","Hard kukata kuni kijani tu, ingawa mimi kutumika lakini kuwa kidogo, akamjibu kusudi langu bora yeyote."
"Sometimes it sounds like as if some one was lost on th' moor an' wailin'.","Wakati mwingine inaonekana kama kama mtu fulani alikuwa amepotea kwenye 'Moor' th wailin '."
"""Art tha' thinkin' about that garden yet?"" she said.","""Art tha 'thinkin' kuhusu bustani kwamba bado?"" Alisema."
"CHEEVER.","CHEEVER."
"- Hey, come here.","- Hey, kuja hapa."
"He never mentioned the Mafia!","Yeye kamwe zilizotajwa Mafia!"
"She brought him, to test his taste, an entire selection, all spread out on an old newspaper.","Yeye akampeleka, kwa mtihani ladha yake, uteuzi nzima, wote kuenea nje ya zamani gazeti."
"""Pardon me,"" said Jaffers.","""Kunradhi,"" alisema Jaffers."
"""Eh!"" she said, ""but you are like an old woman.","""Eh!"" Alisema, ""lakini kama wewe ni mwanamke wa zamani."
"- Let's go.","- Hebu kwenda."
"His looks I fear, and his intents I doubt.","Yake inaonekana mimi hofu, na makusudi yake mimi shaka."
"But a huge difference between Afghanistan and Sri Lanka.","Lakini kuna tofauti kubwa kati ya Afghanistani na Sri Lanka."
"Oh, shut up and peel the garlic.","Oh, kufunga na peel vitunguu."
"Did you know?","Je, unajua?"
"They speared each other.","Walichomana wao kwa wao."
"You're not going to add two to three.","Hautajumlisha mbili na tatu"
"These consisted for the most part in looking very hard at the stranger whenever they met, or in asking people who had never seen the stranger, leading questions about him.","Hawa ilihusisha kwa sehemu kubwa sana katika kutafuta kwa bidii katika kila mgeni kukutana, au katika kuuliza watu ambao sijawahi kuona mgeni, na kusababisha maswali juu ya yake."
"Till I conveniently could send to Romeo:","Hata mimi conveniently inaweza kutuma na Romeo:"
"Grandpa wants you to marry Sangmin!","Babu anataka kuoa Sangmin!"
"Mom, this is Ivan.","Mama, hii ni Ivan."
"'Well, be off, then!' said the Pigeon in a sulky tone, as it settled down again into its nest.","'Naam, kuwa mbali, kisha!' Alisema kwa sauti ya Pigeon kimwa kama makazi chini tena ndani ya kiota yake."
"So Bill's got to come down the chimney, has he?' said Alice to herself.","Basi Bill got kuja chini chimney, ina yeye? Alisema Alice kwa mwenyewe."
"""I'm an Invisible Man.""","""Mimi Invisible Man."""
"More than anyone, I will love you ~","Zaidi ya mtu yeyote, mimi atakupendeni ~"
"Ah, THAT'S the great puzzle!'","Ah, hiyo ni puzzle mkubwa!"
"""I'll see what there is to eat downstairs,"" said Kemp.","""Mimi utaona nini kuna kula downstairs,"" alisema Kemp."
"How can you do this to me!","Jinsi gani unaweza kufanya hili kwangu!"
"So let's say I have a-- well, let's stick with our fruit analogy.","Na tuseme-..aah... acha tutumie mfano wetu wa matunda"
"At suitable intervals there were regular salutes of laughter, which might have been referred indifferently to the last-uttered or the forth-coming jest.","Katika vipindi kufaa kulikuwa mara kwa mara anawasalimuni ya kicheko, ambayo inaweza kuwa inajulikana indifferently ya mwisho alitamka au mzaha nje-kuja."
"At the time, the community was a mostly white, working-class neighborhood.","Kwa miaka hiyo, wengi wa wanajumuia hiyo walikuwa wazungu, jumuia ya wafanyakazi."
"Till then, adieu; and keep this holy kiss.","Mpaka wakati huo, adieu, na kuweka hii busu takatifu."
"""Child,"" said the father sympathetically and with obvious appreciation, ""then what should we do?""","""Watoto,"" alisema baba sympathetically na kwa shukrani wazi, ""basi, kile"
"PARlS Give me thy torch, boy: hence, and stand aloof;-- Yet put it out, for I would not be seen.","PARIS Nipe tochi yako, kijana: na hivyo, na kusimama aloof, - Lakini kuweka nje, kwa mimi bila kuonekana."
"Chirk, chirk, chirk, it went, the sound of a spoon being rapidly whisked round a basin.","Chirk, chirk, chirk, ni akaenda, sauti ya kijiko kuwa kasi whisked pande zote bonde hilo."
"It's almost silly how easy it is!","Ni rahisi sana"
"There was my sister's son, Tom, jest cut his arm with a scythe, tumbled on it in the 'ayfield, and, bless me! he was three months tied up sir.","Kulikuwa na mtoto wa dada yangu, Tom, utani kata mkono wake na scythes, ulipungua juu yake katika ayfield ', na, bless me! alikuwa tatu miezi fumba, Mheshimiwa."
"Now the Greek I thought you--""","Sasa nilifikiri wewe Kigiriki - """
"Tickling a parson's nose as 'a lies asleep, Then dreams he of another benefice:","Unyeo pua parson kama 'uongo amelala, Kisha ndoto yeye wa benefice mwingine:"
"In the hall, however, he stretched his right hand out away from his body towards the staircase, as if some truly supernatural relief was waiting for him there.","Katika ukumbi, hata hivyo, aliweka mkono wake wa kulia nje kutoka kwenye mwili wake kuelekea staircase, kama baadhi ya misaada isiyo ya kawaida kweli alikuwa wanamngojea huko."
"Just after she had closed the cabinet door she heard a tiny rustling sound.","Tu baada ya yeye alikuwa amefunga mlango baraza la mawaziri aliposikia vidogo parakacha."
"At last he rapped, opened the door, and got as far as, ""Excuse me--""","Hatimaye rapped, alifungua mlango, na got mbali kama, ""Excuse me -"""
"She did not mind much, because she had already counted up to thirty.","Yeye hakuwa na nia sana kwa sababu yeye alikuwa tayari kuhesabiwa hadi thelathini."
"Your eyes are quite a sight!","Macho yako ni kabisa kuona!"
"Those were probably unnecessary worries right now.","Wale pengine walikuwa na wasiwasi usiokuwa wa lazima hivi sasa."
"She saw so many rooms that she became quite tired and began to think that there must be a hundred, though she had not counted them.","Yeye aliona vyumba hivyo wengi akawa amechoka kabisa na kuanza kufikiri kuwa lazima kuna mia, ingawa hakuwa kuhesabiwa kwao."
"You did not tell me that you intended to go into harness.""","Wewe hakuniambia kwamba nia ya kwenda katika kuunganisha. """
"Out of 10 eviction cases that we've challenged to court, we've won them all.","Katika kila visa mikasa 10 vya kuhamishwa kwa nguvu tulivyovipinga mahakamani, tumeshinda vyote."
"Woe to him whom this world charms from","Ole yule hirizi dunia hii kutoka"
"BENVOLlO Thou wouldst else have made thy tale large.","BENVOLIO Nawe utawadhania mwingine kuwa alifanya tale wako kubwa."
"- Eat.","- Kula."
"'What for?' said Alice.","'Kwa nini? ""Alisema Alice."
"""It's that,"" he said. The barman stood in front of the bar- parlour door which was now locked on Mr.","""Ni kwamba,"" alisema. barman alisimama mbele ya mlango bar-Parlor ambayo sasa imefungwa juu ya Mheshimiwa"
"When I cried out that it was a false alarm, she replaced it, glanced at the rocket, rushed from the room, and I have not seen her since.","Wakati mimi kupiga kelele kwamba ilikuwa ni kengele ya uongo, yeye badala yake, akapiga roketi, alikimbia kutoka chumba, na mimi si kuonekana yake tangu."
"""there.""","""Huko."""
"He looked neither to the right nor the left, but his dilated eyes stared straight downhill to where the lamps were being lit, and the people were crowded in the street.","Akatazama wala kulia wala kushoto, lakini macho yake dilated stared moja kwa moja downhill ambapo walikuwa kuwa taa inawaka, na watu walikuwa inaishi katika mitaani."
"And 'twixt them rushes; underneath whose arm An envious thrust from Tybalt hit the life","Na 'twixt yao rushes; chini ambao kutia mkono wivu kutoka Tybalt hit maisha"
"He can trespass, he can burgle, he could walk through a cordon of policemen as easy as me or you could give the slip to a blind man!","Yeye anaweza kosa, hawezi burgle, hakuweza kutembea kwa njia ya cordon ya polisi kama rahisi kama mimi au unaweza kutoa kuingizwa huyo mtu aliyekuwa kipofu!"
"Tybalt,--Mercutio,--the prince expressly hath Forbid this bandying in Verona streets.--","Tybalt, - Mercutio, - mkuu wazi ana kataza hii bandying katika mitaa Verona .--"
"You see the earth takes twenty-four hours to turn round on its axis--'","Unaweza kuona dunia inachukua masaa ishirini na nne kwa vinaelekea kwenye mhimili wake - '"
"""It's already seven o'clock,"" he told himself at the latest striking of the alarm clock, ""already seven o'clock and still such a fog.""","""Ni tayari 7:00,"" aliiambia mwenyewe katika fora karibuni ya alarm saa, ""tayari 7:00 na bado ukungu kama hiyo."""
"MERCUTlO More than prince of cats, I can tell you.","Zaidi ya MERCUTIO mkuu wa paka, naweza kukuambia."
"One thing kept Mr. Bunting's courage; the persuasion that this burglar was a resident in the village.","Jambo moja naendelea ujasiri wa Mheshimiwa Bunting; ushawishi kwamba hii ilikuwa mkazi burglar katika kijiji."
"""Some of it's mathematical and some of it's Russian or some such language (to judge by the letters), and some of it's Greek.","""Baadhi ya ni hisabati na baadhi ya ni Urusi au baadhi ya lugha hiyo (hukumu kwa barua), na baadhi ni ya Kigiriki."
"First, if you are a video creator,","Kwanza, iwapo unaandaa video"
"Well, of course, they did and Voodoo is simply the distillation of these very profound religious ideas that came over during the tragic Diaspora of the slavery era.","Vema, kwa hakika, walikuwa nazo na Voodoo ni mchujo tu wa mawazo haya makuu ya kidini yaliyokuja wakati wa uhamisho wa kikatili wa kipindi cha utumwa."
"And I was like, how can that be? How can, you know, three times some other number still be the same number?","Na nilikuwa nashangaa hiyo ingewezekanaje? jinsi gani tatu mara namba nyingine ibakie tatu?"
"You're all dead meat.","Nyinyi wote ni nyama wafu."
"MERCUTlO True, I talk of dreams, Which are the children of an idle brain,","MERCUTIO kweli, mimi majadiliano ya ndoto, ambayo ni watoto wa ubongo bila kazi,"
"I may say, by a hundred to one; than we have to the northward of us.""","Mimi anaweza kusema, kwa 100-1; kuliko sisi kwa upande wa kaskazini ya kwetu ""."
"Mary's thin hands clutched each other as they lay on her lap.","Maria mikono nyembamba clutched kila mmoja kama na wao wamo kwenye paja yake."
"Come on.","Kuja juu."
"London.","London."
"Why are you alone?","Mbona peke yake?"
"Some days he would come down early and be continuously busy.","Baadhi ya siku yeye ashuke mapema na kuendelea na shughuli."
"PARlS Of honourable reckoning are you both;","PARIS ya hisabu heshima ni wewe wote;"
"She had made Martha stay with her and Martha had not objected at all.","Kuwa amefanya Martha kukaa na wake na Martha alikuwa walipinga wakati wote."
"Stand clear! indeed.","Kusimama wazi! kweli kweli."
"You and I must understand one another, and that too without delay.","Wewe na mimi lazima kuelewa mtu mwingine, na kwamba pia bila kuchelewa."
"""We was wove out of th' same cloth.","""Sisi alikuwa wove nje ya nguo th 'huo huo."
"And it's sort of evolved.","Na imeendela kubadilika"
"The Great Snow!","Mvua Kubwa!"
"She was so happy that she scarcely dared to breathe. The flower-bed was not quite bare.","Alikuwa na furaha kwamba yeye ni shida aliyethubutu kupumua. maua kitanda hakuwa wazi kabisa."
"It's a photograph I took in the Northwest Amazon just last April.","Ni picha niliyoipiga Kaskazini mwa Amazoni mwezi Aprili"
"If I sleep--he will get away.","Kama mimi usingizi - yeye kupata mbali."
"You are messing with the wrong person.","Wewe ni messing na mtu mbaya."
"CAPULET A jealous-hood, a jealous-hood!--Now, fellow,","CAPULET Hood wivu, wivu Hood--! Sasa, wenzake,"
"No man prefers to sleep two in a bed.","Hakuna mtu anapendelea kulala wawili katika kitanda."
"Zidane, Zidane!","Zidane, Zidane!"
"He heard it and made one last desperate spurt.","Naye aliposikia hayo na alifanya moja ya mwisho kukata tamaa spurt."
"I suppose Dinah'll be sending me on messages next!'","Nadhani Dinah'll kutuma yangu juu ya ujumbe nyingine! '"
"""No,"" answered Mary.","""No,"" akajibu Maria."
"The Queen turned angrily away from him, and said to the Knave 'Turn them over!'","Malkia na mashaka yake, na akamwambia ghulamu 'Turn yao juu!'"
"MERCUTlO Come between us, good Benvolio; my wits faint.","MERCUTIO Njoo kati yetu, nzuri Benvolio; akili yangu kificho."
"Gets visible as it coagulates, I see.","Anapata inayoonekana kama ni coagulates, naona."
"BENVOLlO I pray thee, good Mercutio, let's retire: The day is hot, the Capulets abroad,","BENVOLIO nakusihi, Mercutio nzuri, hebu kustaafu: siku ni moto, Capulets nje ya nchi,"
"Remembering that I'll be dead soon is the most important tool I've ever encountered to help me make the big choices in life.","Nikikumbuka karibu nitakuwa nimeshakufa, ni kifaa muhimu kuliko vifaa vyote vingine nimekuwa navyo katika kunisaidia kufanya uchaguzi mkubwa katika maisha."
"Then, as the first labourer struggled to his feet, he was kicked sideways by a blow that might have felled an ox.","Basi, kama mfanyakazi wa kwanza Jihadi kwa miguu yake, alikuwa mateke sideways na pigo ambayo inaweza kuwa na iliyokatwa ng'ombe."
"[Narrator] A lot of us are wondering what is all this technology doing to our brains?","Wengi wetu tunawaza, teknologia yafanyia nini bongo zetu"
"Did they arrive safely?","Je, wao kufika salama?"
"She carried the pepper-box in her hand, and","Yeye kufanyika pilipili-sanduku katika mkono wake, na"
"Alice was soon left alone.","Alice hivi karibuni kushoto peke yake."
"I am really so indebted to Mr. Chief--you know that perfectly well.","Mimi ni kweli hivyo mzigo mkubwa wa madeni kwa Mheshimiwa Mkuu - unajua kwamba kikamilifu vizuri."
"Hey, I'm busy myself.","Hey, mimi niko busy mwenyewe."
"I love you too.","Nakupenda pia."
"'There is such a nice little dog near our house I should like to show you! A little bright-eyed terrier, you know, with oh, such long curly brown hair!","Hakuna nzuri vile mbwa kidogo karibu na nyumba yetu napenda kuonyesha! kidogo mkali-eyed terrier, unajua, na oh, vile kwa muda mrefu kahawia curly nywele!"
"NURSE May not one speak?","Muuguzi Mei si moja kuzungumza?"
"You know what man?","Unajua nini mtu?"
"And I failed miserably.","Na nikashindwa vibaya sana"
"So he put the four shoes in a graceful group on the turf and looked at them.","Hivyo kuweka viatu nne katika kundi graceful juu ya Turf na akawatazama."
"""Precisely.""","""Just."""
"Then there was ring at the door. The servant girl was naturally shut up in her kitchen, and therefore Grete had to go to open the door. The father had arrived.","Kisha kulikuwa na pete ya mlango. msichana mtumishi alikuwa kawaida amefungwa katika jikoni yake, na hivyo Grete alikuwa na kwenda kufungua mlango. baba alifika."
"And he's sensing the texture by receiving an electrical message directly in the brain.","Na anahisi vile ilivyo kwa kupokea ujumbe umeme moja kwa moja kwenye ubongo."
"Thou art thyself, though not a Montague.","Wewe mwenyewe, ingawa si Montague."
"Regent Street is not unknown to Lascars and Malays; and at Bombay, in the Apollo Green,","Regent Street si haijulikani kwa Lascars na Malays, na katika Bombay, katika Green Apollo,"
"Why didn't you answer your phone?","Nini wewe kujibu simu yako?"
"Mister, what do you think you're doing!","Mister, unafikiri nini Wewe ni kufanya!"
"It was a delicate point, and it widened the field of my inquiry.","Ilikuwa ni hatua maridadi, na hivyo iliongezeka na uwanja wa uchunguzi wangu."
"PARlS This is that banish'd haughty Montague","PARIS Hii ni kwamba banish'd kiburi Montague"
"This field-bed is too cold for me to sleep:","Hii shamba-kitanda ni baridi mno kwa mimi usingizi:"
"With this once long lance, now wildly elbowed, fifty years ago did Nathan Swain kill fifteen whales between a sunrise and a sunset.","Na Lance hii mara moja kwa muda mrefu, sasa wildly elbowed, hamsini iliyopita alifanya Nathan Swain kuua nyangumi kumi na tano kati ya jua na machweo."
"""Odd!"" said Mr. Hall.","""Odd!"" Alisema Bw Hall."
"- I'll turn around.","- Nami kugeuka."
"Tom, how are you?","Tom, gani? Kusikiliza."
"PAGE [Aside.]","[. Mbali]"
"2 MUSlCIAN Pray you put up your dagger, and put out your wit.","2 Ombeni wewe mwanamuziki kuweka kisu yako, na kuweka nje yaani yako."
"CHAPTER IX THE STRANGEST HOUSE ANY ONE EVER LlVED IN","Sura ya IX HOUSE STRANGEST mtu aliyewahi kuishi katika"
"Queen said--'","Malkia alisema - '"
"Did you miss me so much that you had to skip school?","Je wewe miss yangu sana kwamba alikuwa utoroke shule?"
"Room in Capulet's House.","Chumba katika nyumba ya Capulet."
"I'm sure I don't want to stay in here any longer!'","Mimi nina uhakika sitaki kukaa hapa tena! '"
"And these projects came from questions I had, like:","Mipango hii ilitokana na maswali niliyokuwa nayo kama"
"""Tha' can buy anything in th' world tha' wants.","""Tha 'inaweza kununua kitu chochote katika th' dunia tha 'anataka."
"- Thank you.","- Asante."
"Said the mouse to the cur, ""Such a trial, dear Sir,","Said panya kwa cur, ""kama kesi, dear Mheshimiwa,"
"Very well thank you.","Mzuri sana, asante."
"Tell me, does the magnetic virtue of the needles of the compasses of all those ships attract them thither?","Niambieni, haina nguvu magnetic wa sindano ya compasses ya wale meli zote kuvutia yao huko?"
"That's the only way that when you multiply two numbers you're going to have a negative number.","Hiyo ndiyo njia pekee ya kwamba ukizidisha namba mbili utapata namba iliyokuwa negative."
"All around was still.","Yote yalikuwa bado."
"'Did you say ""What a pity!"" ?' the Rabbit asked.","'Je, kusema ""Ni huruma!"" ? ""Rabbit aliuliza."
"It cost me something in foolscap, and I had pretty nearly filled a shelf with my writings.","Ni gharama mimi kitu katika foolscap, na mimi alikuwa na pretty karibu kujazwa rafu na yangu maandishi."
"(Stop acts of violence!)","(Komesha vitendo vya ukatili!)"
"""The matter was perfectly simple.","""Mambo ni rahisi kabisa."
"I am but thirty now."" ""It must be recovered.""","Mimi ni thelathini sasa. "" Ni lazima zinalipwa. """
"But passion lends them power, time means, to meet,","Lakini passion lends yao nguvu, maana wakati, kukutana,"
"Only when the cleaning woman was still unwilling to depart, did they look up angrily.","Kusafisha tu wakati mwanamke alikuwa bado nia ya kuondoka, wao kuangalia juu hasira."
"""I'll ask my mother about it,"" she said.","""Nitakuwa kuuliza mama yangu kuhusu hilo,"" alisema."
"When you raise your cry of fire, it will be taken up by quite a number of people.","Wakati kuongeza kilio yako ya moto, ni kuchukuliwa na idadi ya watu kabisa."
"We want to see the change.","Tunataka kuona mabadiliko."
"R is for the dog: no; I know it begins with some other letter:--and she hath the prettiest sententious of it, of you and Rosemary, that it would do you good to hear it.","R ni kwa ajili ya mbwa: hakuna; Najua itaanza na barua mengine: - na yeye ana prettiest sententious yake, ya wewe na Rosemary, kwamba ingekuwa kufanya vizuri kusikia."
"'UNimportant, of course, I meant,' the King hastily said, and went on to himself in an undertone,","'Dogo, kwa kweli, mimi maana ya, ""Mfalme hastily alisema, na aliendelea mwenyewe katika undertone,"
"All he passed stopped and began staring up the road and down, and interrogating one another with an inkling of discomfort for the reason of his haste.","Wote, alisimama na kuanza kupita staring up barabara na chini, na interrogating moja mwingine na inkling ya usumbufu kwa sababu ya haraka yake."
"CAPULET Welcome, gentlemen! ladies that have their toes","Karibu CAPULET, waungwana! wanawake kuwa na vidole vya miguu"
"I felt that I had let the previous generation of entrepreneurs down - that I had dropped the baton as it was being passed to me.","Niliona nimewasikitisha wale wajasiriamali wa kizazi kilichotangulia - nikashindwa kubeba amali ilyonipasa niibebe."
"But these are all landsmen; of week days pent up in lath and plaster--tied to counters, nailed to benches, clinched to desks.","Lakini haya yote ni landsmen; ya siku wiki Pent katika lath na plasta - amefungwa kwa counters, misumari na madawati, clinched kwa madawati."
"Doth hurry from the fatal cannon's womb.","Je, haraka kutoka tumboni mbaya wa kanuni."
"What am I going to do?","Nini, Mimi naenda kufanya nini?"
"It was dated at midnight of the preceding night and ran in this way:","Ilikuwa usiku wa manane wa tarehe ya kabla usiku na mbio kwa njia hii:"
"'IF I don't take this child away with me,' thought Alice, 'they're sure to kill it in a day or two: wouldn't it be murder to leave it behind?'","""Kama mimi si kuchukua mtoto mbali na mimi, 'walidhani Alice,' wao ni uhakika wa kumchinja siku moja au mbili: Je, si ni kuwa mauaji kuondoka nyuma?"
"He found it difficult to bear lying quietly during the night, and soon eating no longer gave him the slightest pleasure.","Yeye ni vigumu kwao kuvumilia uongo kimya kimya wakati wa usiku, na mara kula tena akampa radhi kidogo."
"Hence, you see, my double deduction that you had been out in vile weather, and that you had a particularly malignant boot- slitting specimen of the London slavey.","Kwa hiyo, unaweza kuona, punguzo yangu mara mbili kwamba alikuwa nje ya hali ya hewa mbaya, na kwamba alikuwa na hasa malignant Boot-slitting specimen ya slavey London."
"Alarmed, indeed!""","Wasiwasi kidogo! """
"""Then, good-night, your Majesty, and I trust that we shall soon have some good news for you.","""Basi, good-usiku, utukufu wako, na natumaini kwamba hivi karibuni tutakuwa na baadhi nzuri habari kwa ajili yenu."
"She had had servants, and food and clothes, but no one had taken any notice of her.","Alikuwa na watumishi, na chakula na nguo, lakini hakuna mtu alikuwa na kuchukuliwa yoyote ya taarifa ya yake."
"PRlNCE What misadventure is so early up, That calls our person from our morning's rest?","PRINCE misadventure nini ni hivyo mapema juu, kwamba mtu wito wetu na wengine asubuhi wetu?"
"And most important, have the courage to follow your heart and intuition.","Na iliyo muhimu zaidi, uwe na ujasiri kufuatilia moyo wako welekevu wako."
"And perhaps he is, after all).","Na labda yeye ni, baada ya yote)."
"""Just as you please; I'm sorry I cant spare ye a tablecloth for a mattress, and it's a plaguy rough board here""--feeling of the knots and notches.","""Kama wewe tafadhali; sorry I cant vipuri ninyi Tablecloth kwa godoro, na it'sa plaguy mbaya bodi hapa ""- hisia ya mafundo na notches."
"He was, I take it, the most perfect reasoning and observing machine that the world has seen, but as a lover he would have placed himself in a false position.","Alikuwa, mimi kuchukua hiyo, kamilifu zaidi hoja na mashine ya kuchunguza kwamba dunia ina kuonekana, lakini kama lover angeweza tumeweka mwenyewe katika nafasi ya uongo."
"ROMEO Not I, believe me: you have dancing shoes, With nimble soles; I have a soul of lead","Romeo Si mimi, amini mimi: una kucheza viatu, Na nyayo mahiri, mimi na roho ya risasi"
"- Uh?","- Uh?"
"You know the song, perhaps?' 'I've heard something like it,' said Alice.","Unajua wimbo, labda '?' Nimesikia kitu kama hiyo, 'alisema Alice."
"This is the world distribution of income of people.","Hii ni mgao wa kipato cha watu."
"You can always see a face in the fire.","Unaweza kuona uso kwa moto."
"""I never knows when I shall see thee or which side tha'll come from.""","""Mimi kamwe anajua wakati mimi sikukuona wewe au ambayo upande tha'll kutoka."""
"Drop it, okay?","Tone yake, okay?"
"""I beg that you will not touch me with your filthy hands,"" remarked our prisoner as the handcuffs clattered upon his wrists.","""Naomba kwamba huwezi kuwasiliana na mimi kwa mikono yako machafu,"" alisema mfungwa yetu kama pingu clattered juu ya mikono yake."
"I visualize four times three.","Mimi naona nne mara tatu"
"'When griping grief the heart doth wound, And doleful dumps the mind oppress,","'Wakati griping huzuni moyo mwenye jeraha, Na doleful madampo kuonea akili,"
"'But, it goes on ""THEY ALL RETURNED FROM HlM TO YOU,""' said Alice.","'Lakini, unaendelea ""Wote akarudi kutoka kwa huyu,""' alisema Alice."
"Or you could do this as three one time.","Vilevile ungeifasiri kuwa ni tatu mara moja."
"'What a number of cucumber-frames there must be!' thought Alice.","Nini idadi ya tango muafaka-lazima kuna! 'Walidhani Alice."
"As I remember, this should be the house:","Kama mimi kumbuka, hii lazima nyumba:"
"I withdrew yet farther into my shell, and endeavored to keep a bright fire both within my house and within my breast.","Mimi alikwenda mbali zaidi bado katika ganda yangu, na alijaribu kuweka moto mkali wote ndani ya nyumba yangu na katika kifua changu."
"I think is great.","Nadhani ni kubwa."
"""Since when did you learn to pry into an investigator's private memoranda,"" said the","""Tangu lini kujifunza tafiti memoranda mchunguzi binafsi,"" alisema"
"I chose this.","Nilichagua hii."
"She said that very often--""It was the custom."" The native servants were always saying it.","Alisema kuwa mara nyingi sana - ""Ilikuwa ni desturi."" watumishi uliotokea walikuwa daima kusema."
"By the man pounded, and as he ran he chinked like a well-filled purse that is tossed to and fro.","Na mtu kusaga, na kama yeye mbio yeye chinked kama mfuko wa fedha ya kujazwa vizuri kwamba ni kuchafuka huko na huko."
"Chapter IV.","Sura ya IV."
"Then love-devouring death do what he dare,-- It is enough I may but call her mine.","Kisha upendo-ulaji kifo kufanya kile kuthubutu, - Ni kutosha nipate lakini wito wangu wake."
"Alice asked in a tone of great curiosity.","Alice aliuliza kwa sauti ya ya udadisi mkubwa."
"Mary saw that it was a smart carriage and that it was a smart footman who helped her in.","Mary akaona ya kuwa ni gari smart na kuwa ilikuwa ni footman smart ambao ulisaidia yake in"
"""But he'll be gone before you can get him to hospital.""","""Lakini utakuwa gone kabla ya kupata naye hospitalini. """
"So, the Big Bang theory, I asked him","Hivyo basi, hii dhana ya Big Bang, nilimuuliza"
"This comes at a high cost to taxpayers and produces no proportional benefits.","Hii inawaumiza walipa kodi na haitoi faida zilizosawa."
"Leviathan the piercing serpent, even Leviathan that crooked serpent; and he shall slay the dragon that is in the sea.""","Leviathan kutoboa nyoka, hata Leviathan kwamba nyoka aendaye mbio, naye atamwua yule joka ni katika bahari. """
"He came down stiffly and slowly, staring all the time; he walked across the passage staring, then stopped.","Alifika stiffly na polepole, staring wakati wote, akatembea katika kifungu staring, kisha kusimamishwa."
"NURSE Ah, well-a-day! he's dead, he's dead, he's dead!","Muuguzi Ah, vizuri siku! yeye ni wafu, yeye ni wafu, yeye wafu!"
"And she took her by the arm and half pushed, half pulled her up one passage and down another until she pushed her in at the door of her own room.","Na yeye huyo mama, akamshika mkono na kusukuma nusu, nusu ya vunjwa yake juu na kifungu kimoja chini ya mwingine mpaka yeye kusukuma yake katika mlango wa chumba chake mwenyewe."
"So you got this scholarship. Richard Turere: Yep.","Kwa hiyo umepata ufadhili wa masomo.Richard Turere:ndiyo"
"This is my room.","Hii ni chumba changu."
"""Stolen, then.""","""Stolen, basi."""
"Can you keep a secret?","Je, unaweza kuweka siri?"
"We see a pattern of resistance, through petitions, meetings, negotiations with the government, protests, public demonstrations.","Tunaona jambo linalofanana katika kupinga, kupitia kuhamasishana, mikutano, majadiliano na serikali, migomo, maandamano ya halaiki."
"But he felt as if he was nailed in place and lay stretched out completely confused in all his senses.","Lakini alijisikia kama kama alikuwa katika nafasi ya misumari na kuweka akanyosha kuchanganyikiwa kabisa katika akili yake yote."
"And we had a robotic device, a humanoid robot, in Kyoto, Japan at ATR Laboratories that was dreaming its entire life to be controlled by a brain, a human brain, or a primate brain.","Na tukawa na chombo cha roboti, roboti ya kibinadamu, huko Kyoto, Ujapani katika maabara ya ATR iliyopanga maisha yake yote kuthibitiwa na ubongo, akili ya binadamu, ama ya mnyama."
"You are not going to your grandmama.","Wewe si kwenda grandmama yako."
"'That would be grand, certainly,' said Alice thoughtfully: 'but then--I shouldn't be hungry for it, you know.'","'Hiyo itakuwa grand, hakika,' alisema Alice kuyatafakari: 'lakini basi - sitakuwa kuwa na njaa kwa ajili yake, mnajua. '"
"She did not say any more for a few moments and then she began again.","Yeye hakuwa na kusema lolote zaidi kwa muda mfupi na kisha yeye akaanza tena."
"But now, my lord, what say you to my suit?","Lakini sasa, bwana wangu, kusema na suti yangu?"
"Better sleep with a sober cannibal than a drunken Christian.","Bora kulala na cannibal amelewa kiasi ya Kikristo."
"She was not troubled about Mrs. Medlock.","Yeye hakuwa na wasiwasi juu ya Bi Medlock."
"'All right, so far,' said the King, and he went on muttering over the verses to himself: '""WE KNOW IT TO BE TRUE--"" that's the jury, of course--""I GAVE HER ONE, THEY","'Sawa, hadi sasa, ""alisema Mfalme, na aliendelea muttering juu ya aya ya mwenyewe: ""sisi kujua kuwa ni kweli -"" kwamba jury, bila shaka - ""mimi akamtoa yake, THEY"
"And turn'd that black word death to banishment:","Na turn'd kuwa nyeusi neno kifo ni kuhamishwa:"
"""I'm going to let off at his legs.","""Mimi naenda basi mbali katika miguu yake."
"I miss when I look back upon Jim's success.","I miss wakati mimi kuangalia nyuma juu ya mafanikio ya Jim."
"BENVOLlO Why dost thou stay?","Unafanya nini BENVOLIO kukaa?"
"Mr. Bunting was standing in the window engaged in an attempt to clothe himself in the hearth-rug and a West Surrey Gazette.","Mheshimiwa Bunting alikuwa amesimama katika dirisha kushiriki katika jaribio la nguo mwenyewe katika hearth-rug na West Surrey Gazeti la Serikali."
"And when it burst, the size of its country bubble is the size of the population.","Na ikipasuka, ukubwa wa puto la nchi ni sawa na idadi ya watu."
"You could pretty plainly tell how long each one had been ashore.","Unaweza pretty wazi wazi kueleza jinsi muda mrefu kila mmoja alikuwa ashore."
"""You can really have no notion how delightful it will be When they take us up and throw us, with the lobsters, out to sea!""","""Unaweza kweli kuwa hakuna wazo jinsi ya kupendeza itakuwa Baada ya kuchukua sisi juu na kutupa sisi, na kamba, nje ya bahari! """
"The Queen's argument was, that if something wasn't done about it in less than no time she'd have everybody executed, all round.","Malkia wa hoja ilikuwa kwamba, kama kuna jambo si kufanyika kuhusu hilo katika chini ya wakati hakuna yeye Ningependa kuwa na kila mtu kunyongwa, pande zote."
"Mrs. Hall, standing open-mouthed and horror-struck, shrieked at what she saw, and made for the door of the house.","Bi Hall, wamesimama wazi-mouthed na horror-akampiga, shrieked katika kile yeye aliona, na kwa ajili ya mlango wa nyumba."
"Now I growl when I'm pleased, and wag my tail when I'm angry.","Sasa mimi growl wakati mimi nina radhi, na kutikisa mkia wangu wakati mimi nina hasira."
"Listen to me.","Nisikilizeni."
"""No door!"" cried Mary.","""Hakuna mlango!"" Kelele Maria."
"No matter which model, Tristan is pretty sure that the web app stores are here to stay ...","Hakuna jambo ambalo mfano, Tristan ni pretty kuhakikisha kwamba App mtandao maduka ni hapa kukaa ..."
"Ben Weatherstaff rooted up a weed and threw it aside before he answered.","Ben Weatherstaff olewa kupalilia na kurusha kando kabla ya yeye akajibu."
"Excuse me, but, aren't you going to Sunil Girls' Jr. High?","Excuse me, lakini, si wewe kwenda Sunil Girls 'High Jr?"
"He was protected by his isolation, alone of his own superior kind, in close touch with","Alikuwa ulinzi na upweke wake, peke ya aina yake mwenyewe mkuu, katika kuwasiliana kwa karibu na"
"For I am sure you have your hands full all In this so sudden business.","Kwa maana Mimi ni kuhakikisha kuwa mikono yako kamili wote Katika biashara hii ili ghafla."
"She saw another open green door, revealing bushes and pathways between beds containing winter vegetables.","Yeye aliona mwingine kijani mlango wazi, na kuonyesha misitu na njia kati ya vitanda containing baridi mboga."
"And, after a short while, he urged him on again in a deeper voice:","Na, baada ya muda mfupi, yeye aliwataka naye tena kwa sauti zaidi:"
"Friends forever.","Marafiki milele."
"CAPULET What should it be, that they so shriek abroad?","CAPULET Je ni kuwa, kwamba wao ili ukwenzi nje ya nchi?"
"They're no longer being taught to babies, which means, effectively, unless something changes, they're already dead.","Hazifundishwi kwa watoto wachanga tena, maana yake ni kwamba, kwa hakika, labda kama kuna mambo yatabadilika, zimeshakufa."
"We look upon it as a possibility of percentile increase.","Tunaiangalia kama ni uwezekano wa kuongezeka kwa asilimia."
"""Try the settee,"" said Holmes, relapsing into his armchair and putting his fingertips together, as was his custom when in judicial moods.","""Jaribu settee,"" alisema Holmes, relapsing katika armchair yake na kuweka wake fingertips pamoja, kama ilivyokuwa desturi yake wakati katika moods mahakama."
"Amara makes video globally accessible with captions and translations.","Amara inasaidia kusambaza video kote ulimwenguni kwa kutumia viejelezi"
"He, on his side, had that faculty of beholding at a hint the face of his desire and the shape of his dream, without which the earth would know no lover and no adventurer.","Yeye, kwa upande wake, alikuwa na kwamba kitivo cha kutazama katika ladha ya uso wa tamaa yake na sura ya ndoto yake, bila ambayo nchi kujua hakuna mpenzi na hakuna mzizimizi."
"""Since when did you learn to invade the private rooms of a man in misfortune?"" and the concussion was repeated.","""Tangu lini kujifunza kwa kuvamia vyumba vya binafsi wa mtu kwa bahati mbaya?"" Na concussion alikuwa mara kwa mara."
"Look at me.","Sijui. ngoja kuanzisha wewe kwa rafiki yangu, Demitry."
"And in practice again, I observe.","Na katika mazoezi tena, mimi kuyashika."
"For these here blind chaps hear uncommon sharp, I'm told.","Kwa maana hayo chaps hapa kipofu kusikia kawaida mkali, mimi nina habari."
"JULlET Yond light is not daylight, I know it, I:","Juliet Yond mwanga si mchana, najua, I:"
"""Kemp!"" cried the Voice.","""Kemp!"" Kelele sauti."
"Don't touch anything!","Usiguse kitu chochote!"
"I'm studying!","Mimi kusoma!"
"Prick'd from the lazy finger of a maid: Her chariot is an empty hazel-nut,","Prick'd kutoka kidole wavivu wa mjakazi: gari yake ni tupu hazel-nut,"
"Alice whispered to the Gryphon. 'They can't have anything to put down yet, before the trial's begun.'","'Wao hawezi kuwa na kitu chochote kuweka chini bado, kabla ya kesi imeanza. '"
"This gave her so much to think of that she began to be quite interested and feel that she was not sorry that she had come to Misselthwaite Manor.","Hii akampa mengi ya kufikiria kwamba yeye akaanza kuwa na nia kabisa na kuhisi kwamba yeye hakuwa sorry kwamba yeye alikuja Misselthwaite Manor."
"'You are old,' said the youth, 'and your jaws are too weak","'Wewe ni mzee,' alisema vijana, 'na taya yako ni dhaifu mno"
"Again?","Tena?"
"'I mean, what makes them so shiny?'","'I mean, nini inawafanya hivyo shiny?"
"I should not have thought there were so many in the whole country as were brought together by that single advertisement.","Ni lazima si kuwa na mawazo walikuwa wengi katika nchi nzima kama walikuwa kuletwa pamoja na kwamba tangazo moja."
"This way, please!""","Njia hii, tafadhali! """
"Good morning, Boeun.","Habari za asubuhi, Boeun."
"So shall no foot upon the churchyard tread,-- Being loose, unfirm, with digging up of graves,--","Hivyo na wala mguu juu ya kutembea churchyard, - Kuwa huru, unfirm, pamoja na kuchimba hadi makaburini, -"
"Okay!","Okay!"
"It is one of the most important tools in our everyday life.","Ni moja ya zana muhimu katika maisha yetu ya kila siku."
"So she set the little creature down, and felt quite relieved to see it trot away quietly into the wood.","Hivyo yeye kuweka kiumbe kidogo chini, na waliona kuondoka kabisa kuona matiti mbali kimya kimya ndani ya kuni."
"""I am about to be married.""","""Mimi ni kuhusu kuoana."""
"There's the robin, Ben Weatherstaff.""","Kuna robin, Ben Weatherstaff. """
"They'll be in scarlet straight at any news.","Wao utakuwa katika nyekundu moja kwa moja katika habari yoyote."
"He came round greatly concerned.","Alikuja sana pande zote husika."
"- Our room teacher.","- Chumba yetu mwalimu."
"But at Mozilla they have not been happy with the way Google has solved the problems.","Lakini katika Mozilla wao si furaha na njia Google kutatuliwa matatizo."
"At that sound Mr. Bunting was nerved to abrupt action.","Katika sauti kwamba Mheshimiwa Bunting alikuwa nerved kwa abrupt action."
"Then all alone At the prefixed hour of her waking","Kisha peke Katika saa prefixed ya uchao yake"
"Because my students, what they said when they looked upon the world, and I asked them,","Kwasababu wanafunzi wangu, walichosema wakati walipoangalia dunia, na nilipowauliza,"
"I have got just thirteen whole ones, beside several which are imperfect or undersized; but they will do for the smaller fry; they do not cover up the hook so much.","Nina kumi na tatu tu ndio nzima, badala ya kadhaa ambayo ni kasoro au undersized; lakini wao kufanya kwa kaanga kidogo, hawana cover up ndoano sana."
"His dress was rich with a richness which would, in England, be looked upon as akin to bad taste.","Mavazi yake alikuwa tajiri na utajiri ambayo, nchini Uingereza, inaonekana juu kama sawa kwa ladha mbaya."
"I'll have this knot knit up to-morrow morning.","Mimi itabidi hii fundo kuunganishwa hadi kesho asubuhi."
"And Aurora kept playing the game, kept finding the little target and getting the orange juice that she wanted to get, that she craved for.","Na Aurora aliendelea kucheza mchezo huo, aliendelea kufikia ile hatua na kupata juisi ya machungwa aliyotaka, aliyotamani."
"Stand not amaz'd. The prince will doom thee death If thou art taken.","Kusimama si amaz'd. mkuu itakuwa adhabu yako kifo Kama wewe ni kuchukuliwa."
"--FROM ""SOMETHlNG"" UNPUBLlSHED.","- KUTOKA ""kitu"" kuchapishwa."
"Therefore, one can expect Mozilla to try to solve that challenge in its own way - not necessarily in the first version of the Firefox 4, but soon, promises Tristan Nitot.","Kwa hiyo, mtu anaweza kutarajia Mozilla kujaribu kutatua changamoto kwa namna yake - si lazima katika toleo la kwanza la Firefox 4, lakini hivi karibuni, ahadi ya Tristan Nitot."
"And the predictions, as you've read, are serious.","Na tabiri, kama mlivyosoma, ni makini."
"ROMEO What lady is that, which doth enrich the hand Of yonder knight?","Romeo nini mwanamke ni kwamba, ambayo anajua ya kuimarisha mkono wa pale mbele knight?"
"What's interesting is the metaphor that defines the relationship between the individual and the natural world.","Kinachosisimua ni nadharia inayo ainisha uhusiano huo kati ya mtu na ulimwengu asilia"
"-Chapter 3.","-Sura ya 3."
"JULlET Madam, I am here.","Juliet Madam, Mimi ni hapa."
"She's had th' toothache all day.""","Yeye alikuwa toothache th 'siku zote."
"'Nothing whatever,' said Alice.","'Hakuna kitu chochote, ""alisema Alice."
"I had been warned against you months ago.","Mimi nilikuwa alionya dhidi yenu miezi iliyopita."
"Is that the same woman that I saw at our house last night?","Ni kwamba mwanamke huo huo nikaona katika nyumba yetu ya mwisho usiku?"
"But get this: A child's brain has a quadrillion connections-- 10 times the number of connections of the entire Internet.","Lakini fahamu hivi: ubongo wa mtoto uko na mahusiano quadrillioni mara kumi zaidi ya mahusiano yaliyo kwenye mtandao"
"I'm no sugar daddy.","Mimi hakuna daddy sukari."
"""No, no, there's life in him!"" shouted another.","""Hapana, hapana, kuna maisha ndani yake!"" Walipiga kelele mwingine."
"It was all left to him on his own.","Yote ilikuwa kushoto kwake peke yake."
"That'll be a comfort, one way--never to be an old woman--but then--always to have lessons to learn!","Kwamba utakuwa na faraja, kwa njia moja - kamwe kuwa mwanamke mkongwe - lakini basi - daima kuwa na masomo ya kujifunza!"
"Then we would not have a brother, but we could go on living and honour his memory.","Basi tusingekuwa na ndugu, lakini tunaweza kwenda kuishi na heshima kumbukumbu yake."
"- Shh!","- Shh!"
"'Call it what you like,' said the Cat.","'Call ni nini kama,' alisema Cat."
"Rather than I should marry another woman, there are no lengths to which she would not go--none.""","Kuliko mimi lazima kuoa mwanamke mwingine, hakuna urefu ambao yeye hakutaka go -. hakuna """
"Go before, nurse: commend me to thy lady; And bid her hasten all the house to bed,","Go kabla ya, nesi: Sifu mimi mwanamke wako, na jitihada yake kuharakisha nyumba yote ya kitanda,"
"""Are there rose-trees?""","""Je, rose-miti?"""
"I did it so I got the confidence interval, which is pretty narrow, and I got happy, of course: a 1.8 right answer out of five possible.","Nilifanya hivyo na nilipata kiwango cha imani, ambacho kilikuwa kidogo, na nilifurahi, kwa hakika: 1.8 ya jibu sahihi kati ya matano inawezekana."
"NURSE An honour!--were not I thine only nurse,","Muuguzi heshima - walikuwa si mimi muuguzi wako tu,"
"In India she had always been attended by her Ayah, who had followed her about and waited on her, hand and foot.","Katika India yeye amekuwa na kuhudhuriwa na Ayah wake, ambaye alikuwa na kufuatiwa yake juu na walisubiri kwa upande wake, na miguu."
"In the neighbouring room on the right the sister began to sob.","Katika chumba cha jirani juu ya haki ya dada akaanza sob."
"'Yes!' shouted Alice.","'Ndiyo!' Kelele Alice."
"He sat next to me on the New York City subway, and he started chatting me up.","Alikaa kando yangu kwenye treni katika mji wa New York, na alianza kuniongelesha."
"Even the most highly respected authorities can turn out to be wrong.","Hata mamlaka za juu zinazoheshimiwa zinaweza kutokuwa sahihi."
"The photograph is now as safe as if it were in the fire.""","Najua kwamba neno yake ni inviolate. sasa kama picha ni salama kama ni katika moto. "" Nafurahi kusikia utukufu wako umesema. """
"You add four to itself three times.","Unaongeze nne kwa yenyewe mara tatu"
"ROMEO And stay, good nurse, behind the abbey-wall:","Romeo na kukaa, nzuri muuguzi, nyuma ya Abbey-ukuta:"
"So my parents, who were on a waiting list, got a call in the middle of the night asking:","Kwa hivyo wazazi wangu walioandikwa katika orodha ya wanaosubiri kumwasili mtoto walipigiwa simu usiku wa manane na wakaulizwa:"
"SERVANT Ye say honestly: rest you merry!","Ninyi mnasema mtumishi kwa uaminifu: kupumzika wewe merry!"
"Really?","Kweli?"
"""I was sure that I might rely on you.""","""Nilikuwa na uhakika kwamba naweza kuwategemea ninyi."""
"What's Montague?","Montague nini?"
"Let's go out on the floor!","Hebu kwenda nje kwenye sakafu!"
"We can leverage the social but we also want to do it in a very different way.","Tunaweza kujiinua kijamii lakini sisi pia wanataka kufanya hivyo kwa njia tofauti sana."
"'P,' of course, stands for 'Papier.'","'P, bila shaka, anasimama kwa' Papier."
"Right? I have nothing, plus nothing, plus nothing, plus nothing. So I get nothing!","Sina chochote na nikijumulisha sufuri sipati chochote!"
"[Knocking.]","[Kugonga.] !?"
"Let's see for means;--O mischief, thou art swift To enter in the thoughts of desperate men!","Hebu angalia kwa maana, - O ufisadi, wewe ni mwepesi wa kuingia katika mawazo ya kukata tamaa!"
"'Yes, I think you'd better leave off,' said the Gryphon: and Alice was only too glad to do so.","'Ndiyo, nadhani wewe d bora kuondoka mbali,' alisema Gryphon: Alice alikuwa na furaha sana tu kufanya hivyo."
"Say cheese.","Sema jibini."
"""I am Mr. Holmes,"" answered my companion, looking at her with a questioning and rather startled gaze.","""Mimi Mheshimiwa Holmes,"" akajibu rafiki yangu, kuangalia saa yake na kuhoji na badala startled nadhari."
"Two plus three.","Mbili jumulisha na tatu"
"He looked over at the alarm clock ticking away by the chest of drawers.","Akatazama juu katika saa ya kengele ticking mbali na almari."
"It opened, stood open for a moment, and then closed with a slam.","Ni wazi, walisimama wazi kwa muda, na kisha kufungwa na slam."
"Mr. Manager, do not stay.","Mheshimiwa Meneja, wala kukaa."
"FRlAR God pardon sin! wast thou with Rosaline?","FRIAR Mungu msamaha dhambi! hukuwa na Rosaline?"
"He was a shortish little man, and he wore a high hat, and he was running so fast that his legs verily twinkled.","Alikuwa shortish kidogo mtu, na yeye alivaa kofia ya juu, na yeye alikuwa akikimbia kwa kasi kwamba miguu yake hakika twinkled."
"Maybe she can help.","Labda anaweza kusaidia."
"What if this mixture do not work at all?","Nini kama mchanganyiko hii kufanya kazi wakati wote? Je, naweza kuolewa, basi, kesho asubuhi? - !"
"He would sooner spring into Grete's face.","Angeweza mapema spring katika uso wa Grete."
"'As wet as ever,' said Alice in a melancholy tone: 'it doesn't seem to dry me at all.'","'Kama mvua kama milele,' alisema kwa sauti ya Alice melancholy: 'haionekani kwa kavu mimi wakati wote. '"
"This is a brain.","Huu ni ubongo."
"Hold, there is forty ducats: let me have A dram of poison; such soon-speeding gear","Kushikilia, kuna arobaini ducats: basi mimi na dram wa sumu; vile kasi ya haraka-gear"
"[Progress]","Maendeleo]"
"ROMEO This gentleman, the prince's near ally,","Romeo Hii muungwana, mkuu wa karibu na mshirika,"
"Constantly intent only on creeping along quickly, he hardly paid any attention to the fact that no word or cry from his family interrupted him.","Daima dhamira tu juu ya mnyama pamoja haraka, yeye vigumu kulipwa yoyote makini na ukweli kwamba hakuna neno au kilio kutoka familia yake kuingiliwa yake."
"'And yet what a dear little puppy it was!' said Alice, as she leant against a buttercup to rest herself, and fanned herself with one of the leaves:","'Na hata kile kidogo dear puppy ilikuwa!' Alisema Alice, kama yeye leant dhidi ya"
"""Perhaps it is the key to the garden!"" &gt;","""Pengine ni muhimu kwa shamba!"" &gt;"
"PETER Anon?","PETER Anon?"
"I don't want to hurt you, but if you behave like a frantic rustic, I must.","Sitaki kukuumiza, lakini kama tabia kama rustic na hofu, mimi lazima."
"""They would have had the lady's purse and watch if it hadn't been for him.","""Wao bila kuwa na mfuko wa fedha wa mwanamke na kuangalia kama alikuwa na si kwa ajili yake."
"There was not one hireling there.","Hakukuwa na mtu wa mshahara moja huko."
"Be one of them, and you will know all that there is to know.","Kuwa mmoja wao, na wewe unajua kwamba kuna kujua."
"They represent branches of the human imagination that go back to the dawn of time.","Yanaonyesha matawi ya mawazo ya binadamu kwamba nenda nyuma kwenye mwanzo wa nyakati."
"Brister""--Scipio Africanus he had some title to be called--""a man of color,"" as if he were discolored.","Brister ""- Scipio africanus yeye alikuwa na cheo kuitwa -"" mtu wa rangi, ""na kwamba alikuwa kupauka."
"And even as he did so the flap of the bar was shut down and the bolt clicked, and then with a tremendous thud the catch of the door snapped and the bar-parlour door burst open.","Na hata kama alifanya hivyo flap ya bar lilifungwa na bolt clicked, na basi kwa thud kubwa catch ya mlango na mlango snapped bar-Parlor kupasuka wazi."
"Might I beg that you would have the goodness to sit down upon one of those boxes, and not to interfere?""","Nguvu naomba ninyi muwe na wema kukaa chini juu ya mmoja wa wale masanduku, na si kuingilia kati? """
"The richness and fullness of the dialogue in our democracy has not laid the basis for the kind of bold initiative that is really needed.","Ukubwa na uzito wa mazungumzo katika demokrasia yetu haujaweka msingi katika mikakati thabiti inayohitajika."
"Alice, 'to speak to this mouse?","Alice, 'kuzungumza na panya hili?"
"You go on playin' you out o' doors every day an' you'll get some flesh on your bones an' you won't be so yeller.""","Kwenda kwenye playin 'wewe nje o' milango ya kila siku 'utapata baadhi ya nyama juu ya mifupa yako"
"There was a conference, and the incredible evidence of a vociferous eye-witness.","Kulikuwa na mkutano huo, na ushahidi wa ajabu wa shahidi jicho-ukitoa sauti kubwa."
"Is not about that.","Si juu ya hilo."
"This is all U.N. statistics that have been available.","Hebu tuone. Unaweza kuona kule?"
"That's crazy!","Hiyo ni wazimu!"
"JULlET Sweet, so would I:","Juliet Sweet, hivyo I:"
"Now, if you begin to look at the idea that these cultures could create different realities, you could begin to understand some of their extraordinary discoveries.","Na sasa, ukianza kuzingatia wazo kwamba tamaduni hizi zinaweza kujenga mitazamo tofauti waweza kuanza kuelewa baadhi ya uvumbuzi wao wa ajabu."
"lonely, and the gardens are lonely.","lonely, na bustani ni upweke."
"""What is it for?"" she asked curiously.","""Kuna nini kwa?"" Aliuliza ajabu."
"Then she slipped through it, and shut it behind her, and stood with her back against it, looking about her and breathing quite fast with excitement, and wonder, and delight.","Kisha yeye amekwisha kwa njia hiyo, akamfunga, nyuma yake, na alisimama na nyuma yake dhidi ya ni, kuangalia juu yake na kupumua kwa haraka na msisimko, na ajabu, na furaha."
"Then he made an effort to turn the key in the lock with his mouth.","Kisha jitihada kugeuka muhimu katika kufuli kwa kinywa chake."
"These things make me different from you.","Vitu hivi vinanifanya niwe tofauti nanyi."
"So he's at jacob's huh?","Hivyo yeye katika huh Yakobo?"
"It could also be rewritten as three two times.","Pia ingeandikwa kama: tatu mara mbili"
"But to the earth some special good doth give; Nor aught so good but, strain'd from that fair use,","Lakini kwa baadhi ya nchi nzuri maalum mwenye kutoa, wala chochote nzuri lakini, strain'd kutokana na matumizi kuwa wa haki,"
"""Mrs. Hall,"" he said.","""Bibi Hall, ""alisema."
"If she should push the matter on, What would become of you?","Kama yeye anapaswa kushinikiza jambo juu ya, ya nini kuwa wewe?"
"She may or may not know.","Yeye au anaweza kujua."
"""Would you make friends with me?"" she said to the robin just as if she was speaking to a person.","""Je, wewe kuwa na marafiki na mimi?"" Alisema kwa robin tu kama yeye alikuwa akizungumza na mtu."
"""It's really,"" said Mr. Bunting with judicial emphasis, ""a most remarkable story."" &gt;","""Ni kweli,"" alisema Bw Bunting na mkazo wa mahakama, ""wa ajabu hadithi. "" &gt;"
"'Perhaps not,' Alice cautiously replied: 'but I know I have to beat time when I learn music.' 'Ah! that accounts for it,' said the","'Labda si,' Alice tahadhari alijibu: 'lakini najua mimi na kuwapiga wakati mimi kujifunza muziki. "" Ah! kwamba akaunti kwa ajili yake, 'alisema"
"ABRAHAM No better.","IBRAHIMU Hakuna bora."
"""Listen!""","""Sikiliza!"""
"Alice considered a little, and then said 'The fourth.'","Alice kuchukuliwa kidogo, kisha akasema 'nne.'"
"""It's a fair do,"" said Mr. Thomas Marvel, sitting up, taking his wounded toe in hand and fixing his eye on the third missile.","""It'sa huru na wa haki,"" alisema Mheshimiwa Thomas Usistaajabu, ameketi juu, kuchukua toe wake waliojeruhiwa katika mkono na fixing macho yake juu ya makombora ya tatu."
"Thus from my lips, by thine my sin is purg'd.","Hivyo kutokana na midomo yangu, na dhambi zako yangu ni purg'd."
"""It is both, or none,"" said he.","""Ni wote wawili, au hakuna,"" alisema."
"--COOK'S VOYAGES.","COOK 'S safari."
"The Hatter was the only one who got any advantage from the change: and Alice was a good deal worse off than before, as the March Hare had just upset the milk-jug into his plate.","Sungura alikuwa mmoja tu ambao got faida yoyote ya mabadiliko: na Alice alikuwa nzuri mpango mbaya kuliko ya kwanza, kama Hare Machi alikuwa tu upset maziwa-jug katika sahani yake."
"He got up, went to the window, and stared at the dusky hillside, and the dark little figure tearing down it.","Akaondoka, akaenda kwa dirisha, na stared katika kilima dusky, na giza kidogo takwimu kubomoa yake."
"JULlET O, swear not by the moon, the inconstant moon, That monthly changes in her circled orb,","Juliet O, kuapa si kwa mwezi, mwezi kigeugeu, kwamba kila mwezi mabadiliko katika yake circled orb,"
"I really had fun.","Mimi kwa kweli alikuwa na furaha."
"""What are you doing here?"" she said, and she took Mary by the arm and pulled her away.","""Unafanya nini hapa?"" Alisema, na yeye, Maria alichukua kwa mkono na vunjwa yake mbali."
"For instance, he cut out a small frame over the course of two or three evenings.","Kwa mfano, kukata sura ndogo katika kipindi cha jioni mbili au tatu."
"'Sure, it does, yer honour: but it's an arm for all that.'","'Hakika, hivyo, yer heshima: lakini ni mkono kwa yote.'"
"Getting a vacancy did not seem to be such a very easy matter, after all.","Kupata nafasi hawakuwa wanaonekana kuwa jambo kama rahisi sana, baada ya wote."
"What's there to hide!","Ni nini huko kwa kujificha!"
"""If you shout, I'll smash your face,"" said the Invisible Man, relieving his mouth.","""Kama mwaliko, mimi itabidi smash uso wako,"" alisema Man Invisible, relieving kinywa chake."
"To the top of the porch, to the top of the wall!","Juu ya ukumbi, na juu ya ukuta!"
"But it wouldn't stop there.","lakini haitaishia hapo tu."
"NURSE By my troth, it is well said;--for himself to mar, quoth 'a?--Gentlemen, can any of you tell me where I may find the young","Muuguzi By troth yangu, ni vema, - kwa ajili yake mwenyewe kwa mar, quoth '- Mabwana, unaweza yoyote ya wewe uniambie nipate wapi vijana?"
"Mr. Thomas Marvel was sitting with his feet in a ditch by the roadside over the down towards Adderdean, about a mile and a half out of Iping.","Mheshimiwa Thomas Usistaajabu alikuwa amekaa kwa miguu yake katika mtaro kando ya barabara ya chini kuelekea Adderdean, kuhusu mile na nje ya nusu ya Iping."
"Therefore I'm mad.'","Kwa hiyo mimi nina wazimu."
"You have suggested you are invisible.""","Wewe wamependekeza wewe ni asiyeonekana. """
"Nobody wants it, nobody cares for it, nobody ever goes into it.","Hakuna mtu anataka hivyo, hakuna anayejali kwa kuwa, hakuna mtu ambaye huenda milele ndani yake."
"Compared to the total amount of global warming pollution in the atmosphere, that amount could double if we cross this tipping point.","Ukilinganisha na jumla ya uchafuzi wa anga wenye kuleta ongezeko la joto duniani, Kiasi hiki chaweza'kuwa mara mbili endapo tutavuka ncha hii hatari."
"'They have their tails in their mouths--and they're all over crumbs.'","'Walikuwa na mikia yao katika midomo yao - na wao ni makombo yote juu ya.'"
"So when she was a sickly, fretful, ugly little baby she was kept out of the way, and when she became a sickly, fretful, toddling thing she was kept out of the way also.","Hivyo wakati akiwa mgonjwa, fretful, ugly kidogo mtoto alikuwa naendelea nje ya njia, na wakati yeye akawa mgonjwa, fretful, toddling kitu yeye aliwekwa nje ya njia pia."
"But in another moment he was beside her.","Lakini katika wakati mwingine alikuwa karibu naye."
"Anders, you've been playing with the beta version of Firefox 4?","Anders, tumekuwa kucheza na toleo la beta wa Firefox 4?"
"Old maid syndrome!","Kale msichana syndrome!"
"But my argument is, ""What's wrong with cafeterias?""","lakini msimamo ni kuwa, "" Kuna tatizo gani na migahawa?"""
"Don't take me easy!","Je, si kuchukua mimi rahisi!"
"He took up his burden again, and returned upstairs, looking about him and trying to account for the blood-spot.","Alichukua mzigo wake tena, na akarudi ghorofani, kuangalia juu yake, na kujaribu akaunti kwa ajili ya damu-doa."
"Brags of his substance, not of ornament:","Brags ya mali zake, sio ya pambo:"
"""I'm restless to-night,"" he said to himself.","""Mimi nina wasi wasi na usiku,"" alisema na nafsi yake mwenyewe."
"The cab and the landau with their steaming horses were in front of the door when I arrived.","Cab na Landau na wao kuanika farasi walikuwa mbele ya mlango wakati mimi aliwasili."
"MERCUTlO If love be rough with you, be rough with love;","MERCUTIO Kama upendo kuwa mbaya na wewe, kuwa mbaya na upendo;"
"One of my uncles said that my dad got shot two days ago","Moja ya yangu wajomba alisema kuwa baba yangu got risasi siku mbili iliyopita"
"He vanished absolutely.","Yeye akatoweka kabisa."
"And this promises to be interesting.","Na hii ahadi kuwa ya kuvutia."
"I can compare it to nothing but a large door mat, ornamented at the edges with little tinkling tags something like the stained porcupine quills round an Indian moccasin.","Naweza kulinganisha kwa kitu lakini kubwa kitanda mlango, darizi katika kingo na kidogo zikilia tags kitu kama quills kubadilika porcupine duru ya Hindi moccasin."
"If e'er thou wast thyself, and these woes thine,","Kama e'er ulikuwa yako mwenyewe, na matatizo haya, wako"
"Humanity's greatest desire is to belong and connect.","Lengo kubwa la ubinadamu ni kuuangana na kuwa pamoja na watu."
"CAPULET Send for the county; go tell him of this:","CAPULET Tuma kwa kata; kwenda kumwambia jambo hili:"
"Cultivation has well-nigh exterminated it.","Kilimo ina vizuri karibu exterminated yake."
"Anyway, congrats.","Anyway, Hongera."
"To help me sort such needful ornaments As you think fit to furnish me to-morrow?","Kunisaidia aina mapambo vile yanayohitajika Kama unafikiri fit kwa furnish mimi kesho?"
"He unfolded the paper as he spoke, and added 'It isn't a letter, after all: it's a set of verses.' 'Are they in the prisoner's handwriting?' asked another of the jurymen.","Alikunjua karatasi alipokuwa akiongea, na aliongeza 'Ni isn'ta barua, baada ya yote: it'sa seti ya aya. ""'Je, wao ni katika mwandiko mfungwa? aliuliza mwingine wa jurymen."
"Some way along the road he began a muttered monologue, protests and recriminations.","Baadhi ya njia ya barabara alianza wakaanza kunung'unika monologue, maandamano na recriminations."
"But when I came,--some minute ere the time","Lakini wakati mimi akaja, - baadhi ya dakika kabla ya kuwafikia wakati"
"""Leviathan maketh a path to shine after him; One would think the deep to be hoary.""","""Leviathan afanyaye njia na uangaze baada yake; Mtu angedhani kuwa wadogo waote kina."""
"As fast as we can reset our computers, the brain activity shifts to start representing this new tool, as if this too was a part of that primate's body.","Kwa kasi ile ile tunayoweza kubadilisha kompyuta zetu, kazi inayoendelea akilini hubadilika ili kuwakilisha kifaa hiki kipya, kana kwamba ilikuwa sehemu ya mwili wa mnyama huyo."
"The reason why I'm here today, in part, is because of a dog -- an abandoned puppy I found back in the rain, back in 1998.","Sababu ya kuwa hapa leo, pia, ni kwasababu ya mbwa: mtoto wa mbwa niliyemuokota kwenye mvua, mwaka 1998."
"""By art is created that great Leviathan, called a Commonwealth or State--(in Latin,","""Kwa sanaa ni umba kuwa kubwa Leviathan, aitwaye Jumuiya ya Madola au State - (kwa Kilatini,"
"""It is quite a three pipe problem, and I beg that you won't speak to me for fifty minutes.""","""Ni kabisa tatu bomba tatizo, na naomba kwamba huwezi kuzungumza na mimi kwa hamsini dakika ""."
"Hall had stood gaping.","Hall aliposimama gaping."
"GREGORY They must take it in sense that feel it.","Gregory Ni lazima kuchukua ni kwa maana ya kwamba wanaona ni."
"""Have you a garden of your own?"" she asked.","""Je, bustani yako mwenyewe?"" Aliuliza."
"And this is where it's useful.","Na umuhimu wake ndio huu."
"""They are--charity boots,"" said Mr. Thomas Marvel, with his head on one side regarding them distastefully; ""and which is the ugliest pair in the whole blessed universe,","""Wao ni - upendo buti,"" alisema Mheshimiwa Thomas ajabu, pamoja na kichwa chake upande mmoja kuhusu yao distastefully; ""na ambayo ni mbaya zaidi ya jozi katika ulimwengu wote heri,"
"JULlET Do not swear at all;","Juliet Usiape kabisa;"
"1 MUSlCIAN Not a dump we: 'tis no time to play now.","1 Mwanamuziki Si dampo sisi: 'tis hakuna muda wa kucheza sasa."
"Or ill-beseeming beast in seeming both!","Au mgonjwa-beseeming mnyama katika Wanajidai wote!"
"Forgive me, cousin!--Ah, dear Juliet, Why art thou yet so fair?","Nighufirie mimi na binamu - Ah, dear Juliet, Mbona wewe bado hivyo haki?"
"Five times in that ere once in our five wits.","Mara tano kwa kuwa kabla ya kuwafikia mara moja katika akili zetu tano."
"ROMEO My dear?","Romeo mpenzi wangu?"
"""What is this place?"" she asked.","""Ni mahali hapa?"" Aliuliza."
"The second one times another vector.","la segunda vez otro vector"
"Was he an animal that music so captivated him?","Alikuwa mnyama music hivyo captivated yake?"
"we're used to seeing things from a particular point of view that is from a particular frame of reference and things look different to us under different circumstances at the moment","tuliyoizoea kuona mambo kutoka mtazamo fulani kwamba ni kutoka sura fulani ya kumbukumbu na mambo kuangalia tofauti na yetu chini ya hali tofauti wakati"
"BENVOLlO Then she hath sworn that she will still live chaste?","BENVOLIO Ndipo ameapa kwamba yeye bado wanaishi safi?"
"""Certainly, if you wish it.""","""Hakika, kama unataka hivyo."""
"It's one of the six lions which were killed in Nairobi.","Ni mmoja kati ya simba sita waliouawa Nairobi."
"Galileo Galilei, because I think this quote encapsulates the true point of algebra and really mathematics in general. He said :","Galileo Galilei, kwa sababu nadhani quote hii encapsulates hatua ya kweli ya algebra na kwa kweli hisabati kwa ujumla."
"Alice heard it say to itself 'Then I'll go round and get in at the window.'","Alice waliposikia hayo kusema kwa yenyewe 'Basi nitakwenda pande zote na kupata katika katika dirisha. '"
"Besides, we must be prompt, for this marriage may mean a complete change in her life and habits.","Mbali na hilo, ni lazima haraka, kwa hii ndoa inaweza kuwa na maana ya mabadiliko kamili ndani yake maisha na tabia."
"- You call that a hobby?","- You wito kwamba hobby?"
"So, whatever you think of creationism -- and I think it's crazy -- they did a great job. (Laughter)","Kwa hiyo vyovyote unavyofikiri kuhusu uumbaji walifanya kazi nzuri (Vicheko)"
"It rains downright.-- How now! a conduit, girl? what, still in tears?","Mvua iko .-- vipi sasa! mfereji, msichana? nini, bado katika machozi?"
"I can tell you my mother's put to it to get porridge for 'em all.","Naweza kukuambia mama yangu kuweka kwa hivyo ili kupata uji for 'em wote."
"She kept her composure only because her mother was there.","Aliendelea utulivu wake kwa sababu tu mama yake huko."
"""Was that a letter?"" he asked.","""Je kwamba barua?"" Aliuliza."
"It hadn't pulled up before she shot out of the hall door and into it.","Ilikuwa si vunjwa juu kabla ya kupigwa risasi nje ya mlango wa ukumbi na ndani yake."
"Of all my buried ancestors are pack'd; Where bloody Tybalt, yet but green in earth,","Ya wazazi wangu wote na kuzikwa ni pack'd; wapi Tybalt umwagaji damu, bado lakini kijani katika nchi,"
"But New Bedford beats all Water Street and","Lakini New Bedford Street beats wote Maji na"
"Then she waited a moment and listened at the stillness. The robin, who had flown to his treetop, was still as all the rest.","Kisha sasa yeye alisubiri na kusikiliza kwa utulivu. robin, ambaye alikuwa flown kwa treetop wake, bado kama wengine wote."
"It's like as if a body was in a dream."" &gt;","Ni kama kama alikuwa katika mwili kama ndoto. "" &gt;"
"""I don't want it,"" she said.","""Sitaki yake,"" alisema."
"Privacy is very important to users.","Faragha ni muhimu sana kwa watumiaji."
"It's your brother.","Najua Sir. Ni ndugu yako."
"She was in her 70s,","Alikuwa ni wa makamo ya miaka 70 hivi, alionekana mwenye sura ya huruma."
"Soon after this picture was taken, war broke out.","Mara baada ya picha hii ilichukuliwa, vita vilipoanza."
"So let's look at the number of neurons in a child's brain compared to the number of web pages on the Internet.","Kwa hivyo tuangalie idadi ya neuroni katika ubongo wa mtoto tukilinganisha na idadi ya tovuti kwenye mtandao"
"""Hold him!"" he cried.","""Shika yake!"" Alipiga kelele."
"Tha's no need to try to hide anything from him.""","Tha hakuna haja ya kujaribu kuficha chochote kutoka yake. """
"I'm not one of your ignorant tramps--"" ""Yes, I am--thin air.","Mimi si mmoja wa tramps wako wajinga - "" Ndiyo, mimi ni - thin hewa."
"'Come, let's try the first figure!' said the Mock Turtle to the Gryphon.","'Njoo, hebu jaribu takwimu kwanza!' Alisema Turtle Wamdhihaki kwa Gryphon."
"My plan is Well first of all I want to explain myself to you.","Mpango wangu ni Naam kwanza kabisa nataka kueleza mwenyewe na wewe."
"Upon entering the place I found a number of young seamen gathered about a table, examining by a dim light divers specimens of SKRlMSHANDER.","Juu ya kuingia mahali mimi kwamba idadi ya vijana seamen zilizokusanywa juu ya meza, kuchunguza kwa dim mwanga mifano mbalimbali ya SKRIMSHANDER."
"JULlET Farewell!--God knows when we shall meet again.","Juliet Farewell - Mungu anajua wakati sisi itakutana tena."
"""Your Majesty has something which I should value even more highly,"" said Holmes.","""Ukuu wako ana jambo ambalo mimi lazima thamani hata zaidi sana,"" alisema Holmes."
"Tho' stuffed with hoops and armed with ribs of whale.""","MUZ 'stuffed na hoops na silaha na mbavu ya nyangumi. """
"""Perhaps she will improve as she grows older,"" the officer's wife said good- naturedly.","""Pengine kuboresha kama mja wakubwa,"" alisema afisa wa mke mzuri naturedly."
"'And who are THESE?' said the Queen, pointing to the three gardeners who were","Na nani hawa?"
"It seemed to Gregor that it might be far more reasonable to leave him in peace at the moment, instead of disturbing him with crying and conversation.","Inaonekana Gregor ili kuwa mbali zaidi busara kuondoka kwa amani katika sasa, badala ya disturbing yake pamoja na kulia na mazungumzo."
"He's always comin' to see what I'm plantin'.","Yeye daima comin 'kuona nini mimi Plantin'."
"And weep ye now, seeing she is advanc'd","Na ninyi mnaolia sasa, kwa kuwa yeye ni advanc'd"
"Elaborated in the imagination of Mr. Gould, the probationary assistant in the National","Alifafanua katika mawazo ya Mheshimiwa Gould, msaidizi wa majaribio katika Taifa"
"JULlET By whose direction found'st thou out this place?","Juliet By ambao mwelekeo found'st wewe nje ya mahali hapa?"
"I think she will be rul'd In all respects by me; nay more, I doubt it not.--","Nadhani atakuwa rul'd Katika mambo yote na mimi, bali zaidi, mimi shaka si .--"
"It is nor hand, nor foot,","Ni wala mkono, wala mguu,"
"Except that when I popped out they decided at the last minute that they really wanted a girl.","Isipokuwa nilipoibuka mtoto wa kiume dakika la mwisho wakaamua wanataka mtoto wa kike."
"They seemed to endeavor to conceal themselves behind the whale, in order to avoid being seen by us.""","Walionekana jitihada za kuficha wenyewe nyuma ya nyangumi, ili kuepuka kuwa kuonekana na sisi ""-."
"He's the first boy to flip my skirt.","Yeye ni mvulana wa kwanza flip skirt yangu."
"I have been trying to tell this story for a long time.","Nimekuwa nikijaribu kuielezea habari hii kwa muda mrefu."
"He squatted on his picture and did not hand it over.","Yeye squatted juu ya picha yake na hakuwa na mkono ni juu."
"But the Waorani didn't just spear outsiders.","Lakini Waorani si kwamba tu waliwachoma wageni."
"Five to 10 percent of the race car will be different every two weeks of the year.","linabadilishwa kila baada ya wiki mbili."
"Twice she has been waylaid.","Mara mbili yeye amekuwa waylaid."
"""There are no diagrams?"" asked Mr. Bunting.","""Hakuna michoro?"" Aliuliza Mheshimiwa Bunting."
"I can't say...","Siwezi kusema..."
"Don't you forget that!""","Je, kusahau kuwa! """
"Methinks we have hugely mistaken this matter of Life and Death.","Methinks tuna makosa hugely hii suala la maisha na kifo."
"You all know that. At the last","Wote mnajua kwamba, angalau"
"So What did you use to do in Paris?","Hivyo Je, matumizi ya kufanya katika Paris?"
"[Enter Servants, with spits, logs and baskets.]","[Enter Watumishi, na mtemi, magogo na vikapu.]"
"Come, shall we go?","Njooni, tutakwenda?"
"He turned the corner of the church, and directed his way to the ""Coach and Horses.""","Yeye akageuka kona ya kanisa, na kuelekezwa njia yake na ""Kocha na farasi."""
"This was the worst month of my life. (Laughter)","Huu ulikuwa ni mwezi mbaya sana wa maisha yangu (Vicheko)"
"We don't do that at Mozilla, but most of the industry does it.","Hatuwezi kufanya hivyo katika Mozilla, lakini wengi wa sekta gani."
"[Enter Tybalt.]","[Enter Tybalt.]"
"The latest figures show that the old model is not working.","Takwimu za hivi karibuni zinaonyesha kuwa muundo wa zamani haufanikiwi."
"Mrs. Lennox gasped.","""Lennox gasped Bi."
"ROMEO I take thee at thy word:","Romeo mimi kuchukua yako katika neno lako:"
"Yet their conviction that they had, that very moment, heard somebody moving in the room had amounted to a certainty.","Lakini imani yao kuwa walikuwa na, papo, aliposikia mtu kuhamia katika chumba alikuwa yalifikia uhakika."
"'I'd rather not,' the Cat remarked.","'Nisingependa hata kidogo,' Cat alisema."
"It will end in my being conveyed into the house.","Itakuwa mwisho katika yangu kuwa walitoa katika nyumba."
"And I know it's maybe becoming a little bit confusing, but the more practice you do it'll make a little sense.","Na najua labda imeanza kukuchanganyisha kidogo, lakini Ukifanya mazoezi ziadi, utaelewa."
"Now walk straight.","Sasa kutembea sawa."
"'I shall drive out in the park at five as usual,' she said as she left him.","'Mimi gari nje katika Hifadhi ya saa tano kama kawaida, 'alisema kama yeye kuondoka naye."
"One of its primary goals was to make it easier for residents of wealthy communities in Westchester County to go to Manhattan.","Moja ya lengo lake kuu ilikuwa ni kuwarahisishia wakazi wa jumuia za matajiri huko katika kaunti ya Westchester kwenda Manhattan."
"Any time.""","Wakati wowote ""."
"And pity 'tis you liv'd at odds so long.","Na huruma 'tis wewe liv'd katika msuguano kwa muda mrefu."
"-the fox, rolling over the rock, lay dead on the ground. The hunter still kept his place and listened to the hounds.","-Mbweha, rolling juu ya mwamba, tayari kufa juu ya ardhi. wawindaji bado naendelea nafasi yake na kusikiliza hounds."
"Is now the two hours' traffic of our stage; The which, if you with patient ears attend,","Sasa ni saa mbili trafiki 'wa hatua zetu, ambayo, kama wewe kwa masikio mgonjwa kuhudhuria,"
"'You mean you can't take LESS,' said the Hatter: 'it's very easy to take MORE than nothing.'","'Una maana huwezi kuchukua chini, ""alisema Sungura:' ni rahisi sana kuchukua zaidi ya kitu."
"Zounds, consort!","Zounds, mke!"
"""It's frantic.""","""Ni hofu."""
"BENVOLlO For what, I pray thee?","BENVOLIO Kwa nini, nakuomba?"
"And through this, they've not only claimed but they've also gained a larger stake in deciding what kind of development actually benefits them.","Na kupitia jambo hili, siyo tu kwamba wamedia bali wamepata pia manufaa kwa kiwango fulani kwa kuamua ni aina gani ya maendeleo kweli yatawanufaisha."
"Mary sat in her corner of the railway carriage and looked plain and fretful.","Mary ameketi katika kona yake ya inasimamia reli na inaonekana wazi na fretful."
"""Will he always come when you call him?"" she asked almost in a whisper.","""Je, yeye daima kuja wakati wewe piga naye?"" Aliuliza karibu katika mchakato."
"On every side they were engaged in deadly combat, yet without any noise that I could hear, and human soldiers never fought so resolutely.","Kila upande wao walikuwa kushiriki katika kupambana na umwagaji damu, lakini bila ya kelele kwamba mimi naweza kusikia, na askari wa binadamu kamwe vita hivyo uthabiti."
"Yet, with all this, you made me reveal what you wanted to know.","Hata hivyo, pamoja na yote hii, alifanya mimi yatangaza nini alitaka kujua."
"""Perfectly reasonable.""","""Kikamilifu nafuu."""
"'After that,' continued the Hatter, 'I cut some more bread-and-butter--'","'Baada ya hapo,' kuendelea Sungura, Mimi kukata baadhi ya mkate zaidi-na-siagi - '"
"She thought Mrs. Medlock the most disagreeable person she had ever seen, with her common, highly colored face and her common fine bonnet.","Bi alidhani ni mtu Medlock haikubaliki alikuwa amemwona, pamoja na , rangi yake ya kawaida sana uso na faini yake ya kawaida bonnet."
"For him it was as if the way to the unknown nourishment he craved was revealing itself.","Kwa ajili yake ilikuwa ni kama njia ya chakula haijulikani yeye akaomba apewe alikuwa akifafanua yenyewe."
"Zealand head--a ghastly thing enough--and crammed it down into the bag.","Zealand kichwa - jambo ghastly kutosha - na crammed ni chini ndani ya mfuko."
"Boeun.","Boeun."
"After she was gone Mary turned down the walk which led to the door in the shrubbery.","Baada ya kuondoka Maria akageuka chini kutembea ambayo imesababisha mlango katika shrubbery."
"The machinery is kind of loud.","Mashine ni aina ya kelele."
"The Duchess took no notice of them even when they hit her; and the baby was howling so much already, that it was quite impossible to say whether the blows hurt it or not.","Duchess alichukua hakuna taarifa ya watu hata kama hit wake, na mtoto alikuwa kuomboleza tayari sana, kwamba ilikuwa haiwezekani kabisa kwa kusema kama ni makofi kuumiza au la."
"We need a CO2 tax, revenue neutral, to replace taxation on employment, which was invented by Bismarck -- and some things have changed since the 19th century.","Tunahitaji kodi ya CO2, mapato yatakayoondoa ushuru kwenye ajira, ambao ulivumbuliwa na Bismark -- na mambo mengine yamebadilika toka karne ya 19."
"ROMEO Can I go forward when my heart is here?","Romeo Naweza kwenda mbele wakati moyo wangu ni hapa?"
"In this resolve:","Katika kutatua hili:"
"JULlET I' faith, I am sorry that thou art not well.","Imani Juliet I ', Nasikitika kwamba wewe si vizuri."
"Listen!","Sikiliza!"
"We find that students get very excited when they can use this.","Tumetambua kuwa wanafunzi wanapatwa na mshawasha wakiweza kutumia hii."
"A feisty one, aren't you?","Feisty moja, si wewe?"
"Shall, stiff and stark and cold, appear like death:","Je, ngumu na kabisa na baridi, kuonekana kama kifo:"
"Juliet wills it so.-- How is't, my soul? let's talk,--it is not day.","Juliet anataka hivyo .-- Jinsi is't, nafsi yangu? hebu majadiliano, - si kwa siku."
"""Hasn't tha' got good sense?"" she said once, when Mary had stood waiting for her to put on her gloves for her.","""Je tha 'got akili?"" Alisema mara moja, wakati Maria alikuwa amesimama kusubiri kwa ajili yake kuweka kinga yake kwa ajili yake."
"What's the temperature?","Gani wa joto?"
"Here in Verona, ladies of esteem, Are made already mothers: by my count","Hapa katika Verona, ladies wa heshima, Je, alifanya mama tayari: kwa hesabu yangu"
"I just can't go on any more.""","Mimi tu hawezi kuendelea zaidi. """
"Chapter Xl.","Sura ya XI."
"That's why you're here and why you value the information we exchange.","Hii si sababu kwanini mko hapa na kwanini mna thamini hizi habari tunazobadilishana."
"Solidarity with each other and standing up as one, instead of facing forced eviction and staying silent - being victimized.","Mshikamano miongoni mwetu na kusimama pamoja kama kitu kimoja, badala ya kukubali kuhamishwa kwa nguvu na kubaki kimya - tukitolewa kafara."
"""There's some extra-ordinary things in newspapers, for example,"" said the mariner.","""Kuna baadhi ya mambo ya ziada ya kawaida katika magazeti, kwa mfano,"" alisema Mariner."
"I hesitated whether to attempt to secure the photograph at once; but the coachman had come in, and as he was watching me narrowly it seemed safer to wait.","I hesitated kama kujaribu kupata picha kwa mara moja, lakini Coachman kufika mahali, na kama alikuwa akiniangalia narrowly ilionekana salama kusubiri."
"ROMEO One, gentlewoman, that God hath made for himself to mar.","Romeo Mmoja, gentlewoman, ya kwamba Mungu alifanya kwa ajili yake mwenyewe na Machi"
"This is peak fishing in a few seconds.","Hapa ni unyakuaji wa sekunde chache."
"And he's got a lot of luggage coming to- morrow, so he says.","Na yeye got mengi ya mizigo kuja- Kesho yake, hivyo anasema."
"'I'll put a stop to this,' she said to herself, and shouted out, 'You'd better not do that again!' which produced another dead silence.","'Nitakuwa kusitisha hii,' alisema kwa mwenyewe, na wakapiga kelele, ""Wewe si bora d kufanya hivyo tena! ambayo zinazozalishwa mwingine kimya wafu."
"'Who are YOU?'","'Wewe ni nani?'"
"""George!","""George!"
"""Had there been women in the house, I should have suspected a mere vulgar intrigue.","""Ingeli kuwa wanawake katika nyumba, ni lazima kuwa na watuhumiwa vulgar tu fitina."
"But as it is. . ."" ""It must be gotten rid of,"" cried the sister.","Lakini, ni kama. . . "" Ni lazima wamezipata kuondoa, ""kelele dada."
"Thy old groans ring yet in mine ancient ears; Lo, here upon thy cheek the stain doth sit","Umri wako bado anaugulia pete masikioni mwangu kale; Hakika, hapa juu ya shavu lako stain mwenye kukaa"
"The amount remaining could be completely gone in summer in as little as five years.","Kiasi kilichobaki kinaweza kutoweka chote wakati wa majira ya joto katika muda mfupi wa miaka takriban mitano."
"Of course I have.","Bila shaka mimi."
"With more of thine: this love that thou hast shown Doth add more grief to too much of mine own.","Kwa zaidi ya yako; upendo huu kwamba wewe huna umeonyesha Je, kuongeza zaidi huzuni sana ya wangu mwenyewe."
"We are at present, Doctor--as no doubt you have divined--in the cellar of the City branch of one of the principal London banks.","Sisi ni kwa Daktari wa sasa, - kama bila shaka una divined - kwa pishi ya Jiji tawi la benki kuu moja ya London."
"He has no venture in the present.","Hana mradi kwa sasa."
"And here I was spending all of the money my parents had saved their entire life.","Huku nikitumia pesa zote za akiba ya maisha ya wazazi wangu."
"It will be in the papers!","Itakuwa katika magazeti!"
"""Well, I'm danged!"" he said as softly as if he were saying something quite different.","""Naam, mimi nina danged!"" Alisema kama softly kama kwamba walikuwa kusema kitu tofauti kabisa."
"At last the horses began to go more slowly, as if they were climbing up-hill, and presently there seemed to be no more hedges and no more trees.","Wakati wa mwisho farasi akaanza kwenda polepole zaidi, kama kwamba anapanda up-kilima, na sasa kuna walionekana kuwa hakuna zaidi wigo na miti tena."
"'Here! you may nurse it a bit, if you like!' the Duchess said to Alice, flinging the baby at her as she spoke.","Hapa! unaweza muuguzi ni kidogo, kama wewe kama '! Duchess akamwambia Alice, flinging mtoto saa yake kama yeye alisema."
"Gregor has broken loose."" ""Yes, I have expected that,"" said his father, ""I always told you that, but you women don't want to listen.""","Gregor ina kuvunjwa huru ""."" Ndiyo, nina inatarajiwa kwamba, ""alisema wake baba, ""Mimi daima waambieni kwamba, lakini wanawake hawataki kusikia."""
"Welcome, gentlemen!","Karibu, waungwana!"
"So what are you gonna do?","Basi ni nini wewe gonna nini?"
"With tears augmenting the fresh morning's dew, Adding to clouds more clouds with his deep sighs:","Kwa machozi augmenting umande wa asubuhi safi, Kuongeza na mawingu mawingu zaidi na anapumua yake kirefu;"
"And flourishes his blade in spite of me.","Na flourishes blade wake pamoja na mimi."
"We'll be done by then.","Tutaweza kufanyika kwa basi."
"St. Monica in the Edgeware Road.","St Monica katika Barabara ya Edgeware."
"Africa has immense opportunities that never navigate through the web of despair and helplessness that the Western media largely presents to its audience.","Afrika ina fursa nyingi ambazo hazijatolewa katika mzunguko wa matatizo na kukosa msaada ambao vyombo vya habari vya magharibi vinaonyesha kwa watazamaji wao"
"Sharing is not just about viewing.","Kushiriki si kutazama tu."
"And you know, I have to get used to everything.","Na unajua, mimi kupata kutumika kwa kila kitu."
"""Oh, my Gard!"" said some one.","""Oh, Gard wangu!"" Alisema mmoja wa baadhi."
"I'm too common an' I talk too much Yorkshire.","Mimi nina kawaida pia 'mimi majadiliano sana Yorkshire."
"You're inviting them to buy, or follow, or contribute right there from the post.","Unawaalika kununua, au kufuata, au kuchangia hapo papo katika chapisho."
"No one comes to watch high school baseball anymore.","Mtu haji kwa kuangalia shule ya sekondari ya baseball tena."
"Maybe the laborers could make their wages go up. And they could eventually accumulate their own capital. And they could eventually start their own small businesses.","Labda vibarua hivyo vitaweza kupata ujira ukaongezwa na wataweza kusanya rasimali ya binafsi na wataweza kuanza biashara ya binafsi"
"I knew I can count on you.","Nilijua unaweza kuhesabu wewe."
"Obey, and go with me; for thou must die.","Kutii, na kwenda na mimi, kwa maana ni lazima kufa."
"Men!!","Wanaume!"
"She noticed that the melting snow that still sprinkled his shoulders dripped upon her carpet.","Aligundua kwamba theluji ya kiwango kwamba bado tuache dripped mabega yake juu ya carpet yake."
"Victory!","Ushindi!"
"But he went feeling excessively annoyed.","Lakini yeye alikwenda hisia annoyed kupita kiasi."
"There now is your insular city of the Manhattoes, belted round by wharves as","Kuna sasa ni yako insular mji wa Manhattoes, belted pande zote na wharves kama"
"There was a faint shimmer of light in the hall, but the study doorway yawned impenetrably black.","Kulikuwa na shimmer kukata tamaa ya mwanga katika ukumbi, lakini mlango utafiti yawned impenetrably nyeusi."
"I quaked to think of it. A peddler of heads too--perhaps the heads of his own brothers.","Mimi ikatetemeka kufikiri. muuza ya vichwa pia - labda wakuu wa ndugu yake mwenyewe."
"Doth make against me, of this direful murder; And here I stand, both to impeach and purge","Je, kufanya juu yangu, ya mauaji direful hii; Na hapa mimi kusimama, wote kwa impeach na asafishe"
"Celine.","Celine."
"Philosophy is written in that great book which ever lies before our eyes","Akasema: ""Falsafa, imeandikwa katika kitabu ile kuu ambayo milele uongo mbele ya macho yetu"
"It's not fair to you.","Si haki na wewe."
"How do I know that you have been getting yourself very wet lately, and that you have a most clumsy and careless servant girl?""","Jinsi gani mimi najua kuwa wewe wamekuwa kupata mwenyewe mvua sana hivi karibuni, na kwamba una a clumsy zaidi na kutojali mtumishi msichana? """
"""Get on!"" said the Voice.","""Get juu!"" Alisema Voice."
"""There must be.""","""Kuna lazima."""
"I'll help thee on with thy clothes if tha'll get out o' bed.","Mimi utakuwa msaada kwako juu na nguo yako kama tha'll kupata nje kitanda o '."
"He thinks he breathes it first; but not so.","Anadhani yeye anapumua kwa mara ya kwanza, lakini si hivyo."
"Is he here?""","Je, hapa? """
"For by how much the more pains ye take to please the world, by so much the more shall ye for ever go thankless!","Kwa maana kwa kiasi gani maumivu zaidi kwenu kwa tafadhali dunia, kwa hivyo si zaidi nanyi milele kwenda thankless!"
"This she did because she had seen something under it--a round knob which had been covered by the leaves hanging over it.","Anafanya hivyo kwa sababu yeye alikuwa ameona kitu chini yake - Knob pande zote ambazo zimekuwa kufunikwa na majani ya kunyongwa juu yake."
"He slipped under the door as she watched him.","Yeye slipped chini ya mlango kama yeye kumwangalia."
"ROMEO Peace, peace, Mercutio, peace,","Romeo Amani, amani, Mercutio, amani,"
"I hope that I have made myself clear?""","Natumaini kwamba mimi mwenyewe alifanya wazi? """
"And it got to like him so it follows him about an' it lets him get on its back.","Na got kama yeye hivyo anamfuata kuhusu 'ni lets naye kupata nyuma yake."
"She is herself the very soul of delicacy.","Yeye ni mwenyewe nafsi sana ya uzuhali."
"lined the floor.","lined sakafu."
"They say that men who have seen the world, thereby become quite at ease in manner, quite self-possessed in company.","Wanasema kwamba watu ambao wameona dunia, na hivyo kuwa kabisa kwa urahisi kwa njia, kabisa taratibu katika kampuni."
"Well there's a couple of ways we can think about this.","Naam, kuna njia tofauti ya kutafuta suluhisho"
"With them goggling eyes and bandaged head, and never going to church of a Sunday.","Pamoja nao goggling macho na kichwa bandaged, na kamwe kwenda kanisa la Jumapili."
"That's what I think~ I don't want things to be too simple~","Hiyo ni nini nadhani ~ Sitaki mambo kuwa rahisi mno ~"
"It was close upon four before the door opened, and a drunken-looking groom, ill- kempt and side-whiskered, with an inflamed face and disreputable clothes, walked into the room.","Ilikuwa ni karibu juu ya nne kabla ya mlango na groom amelewa-kuangalia, mgonjwa kempt na upande-whiskered, na uso inflamed na nguo disreputable, kutembea katika chumba."
"Holmes with a yawn.","Holmes na miayo ya."
"One of the nice little gusts of wind rushed down the walk, and it was a stronger one than the rest.","Moja ya gusts nzuri kidogo ya upepo alikimbia chini kutembea, na ni mwenye nguvu kuliko wengine."
"""All right,"" said the intruder, as it seemed in a low voice curiously different from the huskiness of its first inquiry.","""Sawa,"" alisema intruder, kama ilionekana kwa sauti ya chini ajabu tofauti kutoka huskiness ya uchunguzi wake wa kwanza."
"Paris, though this immense capital annually requires more than three hundred thousand cords, and is surrounded to the distance of three hundred miles by cultivated plains.""","Paris, ingawa hii mtaji mkubwa kila mwaka kamba inahitaji zaidi ya mia tatu elfu, na imezungukwa na umbali wa maili mia tatu na tambarare ya kilimo. """
"She spoke in broad Yorkshire in her amazement.","Aliongea katika Yorkshire mpana katika mshangao wake."
"To live an unstain'd wife to my sweet love.","Kuishi mke unstain'd kwa upendo wangu tamu."
"And I have pretty good news for you.","Nina habari nzuri kwenu."
"- Why?","- Kwa nini?"
"""I don't know anything about him,"" snapped Mary.","""Sijui chochote kuhusu Yesu,"" snapped Maria."
"I'll not to bed to-night;--let me alone; I'll play the housewife for this once.--What, ho!--","Nitakuwa si kwa kitanda na-usiku, - basi mimi pekee yake, mimi itabidi kucheza mama wa nyumbani kwa hii mara moja .-- nini, ho -!"
"The Concord hunter told him what he knew and offered him the skin; but the other declined it and departed.","Wawindaji Concord walimweleza alijua na kumpa ngozi, lakini wengine ulipungua na wakaondoka."
"'Come, THAT'S a good thing!' she said to herself, for she had felt quite unhappy at the number of executions the Queen had ordered.","'Alisema kwa mwenyewe, kwa yeye alikuwa waliona furaha kabisa katika idadi ya kunyonga Malkia alikuwa ameamuru."
"And she thought of herself, 'I wish the creatures wouldn't be so easily offended!'","Na yeye mawazo ya yeye mwenyewe, 'Napenda viumbe bila kuwa na mashaka hivyo kwa urahisi!"
"Go hence, to have more talk of these sad things; Some shall be pardon'd, and some punished;","Go hivyo, kuwa na majadiliano zaidi ya mambo haya ya kusikitisha; Baadhi itakuwa pardon'd, na baadhi ya adhabu;"
"""Well, would you please, sir, march upstairs, where we can get a cab to carry your Highness to the police-station?""","""Sawa, je, tafadhali, sir, maandamano ghorofani, ambako tunaweza kupata Cab kubeba"
"I remember saying with irritation.","Nakumbuka akisema kwa kuwasha."
"- Hey, sew her mouth, shut.","- Hey, kushona kinywa chake, ikafungwa."
"She only knew that people were ill and that she heard mysterious and frightening sounds.","Yeye tu alijua kwamba watu walikuwa wagonjwa na kwamba yeye alisikia ajabu na ya kutisha sauti."
"He was looking up into the sky all the time he was speaking, and this Alice thought decidedly uncivil.","Alikuwa anatafuta juu angani wakati wote alikuwa akizungumza, na hii Alice mawazo decidedly paruparu."
"[Let It Ripple, mobile film for global change] [www.letitripple.org, #letitripple, @tiffanyshlain]","[Natueneze, filamu ya rununu kwa ajili ya mabadiliko ya kimataifa [www.letitripple.org, #letitripple, @tiffanyshlain]"
"""Don't.","Kama majani hufanya shida kuiweka chini katika muswada huo. """
"For his brilliant efforts, he was nearly impeached.","Kwa juhudi zake nzuri, alikuwa karibu avuliwe madaraka."
"It was a very hazy day.","Ni siku hazy sana."
"JULlET Then, window, let day in, and let life out.","Juliet Kisha, dirisha, basi siku katika, na basi maisha nje."
"And he was very, very sorry.","Na aliniomba msamaha."
"Of this--sir-reverence--love, wherein thou stick'st Up to the ears.--Come, we burn daylight, ho.","Ya hii - Mheshimiwa-heshima - upendo, ambayo wewe stick'st Up kwa masikio .-- Njoo, sisi kuchoma mchana, ho."
"You've really grown.","Wewe kweli mzima."
"I can't count on my brother. i don't trust him too.","Mimi hawawezi kuhesabu ndugu yangu. i hawana imani naye pia."
"A Mad Tea-Party","Mad-Tea Party"
"BENVOLlO In love?","BENVOLIO Katika upendo?"
"They were all engaged for the evening.""","Watu wote wanaohusika kwa jioni. """
"Enter ye that have leisure and a quiet mind, who earnestly seek the right road.""","Ingieni kuwa na burudani, na moyo wa utulivu, ambao kwa bidii kutafuta njia ya haki. """
"'What was that?' inquired Alice.","'Ni nini ilikuwa hivyo?' Akauliza Alice."
"Your work is going to fill a large part of your life, and the only way to be truly satisfied is to do what you believe is great work.","Kazi yako hula sehemu kubwa sana ya maisha yako, njia pekee kuridhika nayo ni kufanya ile unayoamini ni kazi muhimu mno."
"Oh, how I wish I could shut up like a telescope!","Oh, jinsi mimi napenda inaweza kufunga kama darubini!"
"FRlAR For doting, not for loving, pupil mine.","FRIAR Kwa zetu wapasavyo, si kwa ajili ya upendo, mwanafunzi wangu."
"""Awfully, Mrs. Lennox.","Tunapaswa kuwa wamekwenda milima miwili wiki iliyopita. """
"The Knave of Hearts, he stole those tarts, And took them quite away!'","Ghulamu ya Hearts, yeye aliiba tarts wale, wakawachukua kabisa mbali! '"
"Ah, where's my man?","Ah, ambapo ni mtu wangu?"
"They all made a rush at Alice the moment she appeared; but she ran off as hard as she could, and soon found herself safe in a thick wood.","Wao yote yaliyotolewa kukimbilia katika Alice sasa yeye alitokea, lakini yeye mbio mbali kama kwa bidii angeweza, na mara alijikuta salama katika mbao nene."
"""He is not well,"" said his mother to the manager, while his father was still talking at the door, ""He is not well, believe me, Mr. Manager.","""Yeye si vizuri,"" alisema mama yake na meneja, wakati baba yake alikuwa bado anasema mlangoni, ""Yeye ni vizuri, unisadiki, Mheshimiwa Meneja."
"I know that.","Najua."
"You do not know her, but she has a soul of steel.","Huwezi kujua yake, lakini hana roho ya chuma."
"I am five times more likely to live within walking distance of a power plant or chemical facility, which I do.","Nina uwezekano mara tano wa kuishi karibu na mtambo au sehemu inayotoa kemikali hatari -- ndiko ninakoishi."
"""I am sure it is.""","""Nina uhakika ni."""
"What is our key output?","Nini ni pato letu muhimu?"
"Mr. Craven, he won't be troubled about anythin' when he's here, an' he's nearly always away.","Mheshimiwa Craven, hawezi kuwa na wasiwasi juu ya anythin 'wakati wa hapa,' yeye ni karibu daima mbali."
"""On my honour,"" said the Voice, ""I will kill you.""","""Kwa heshima yangu,"" alisema sauti, ""Na mimi kukuua."""
"And it could also be written as three times four.","Na pia ingeweza kuandikwa kama: Tatu mara nne"
"But I'm still getting this urge to check my e-mail.","Lakini ningali ninapata hamu ya kuangalia barua zangu pepe."
"The Sermon.","Hotuba."
"He's coming on real strong.","Yeye anakuja juu ya nguvu ya kweli."
"So fairly bound?","Hivyo haki amefungwa?"
"Has only one male visitor, but a good deal of him.","Mume mmoja tu mgeni, lakini mpango mzuri wa kwake."
"It's interesting - you might get the impression that it is free, but it is not.","Ni jambo la kushangaza - unaweza kupata hisia kwamba ni bure, lakini si."
"Whatever...","Chochote..."
"They... you have to think about Boeun's future.","Wao... una kufikiri juu ya hatma ya Boeun."
"He had been writing slackly, and with intervals of abstraction, since the shots.","Alikuwa slackly kuandika, na kwa vipindi kwa ujumla, tangu shots."
"And the beard on his chin was as white as the snow; The stump of a pipe he held tight in his teeth,","Na ndevu kwenye kidevu chake ilikuwa kama nyeupe kama theluji; kisiki cha bomba yeye uliofanyika tight katika meno yake,"
"Withdraw--be alone with his loneliness.","Kuondoa - kuwa peke yake na upweke wake."
"I beg you all.","Nawasihi wote."
"As she said these words her foot slipped, and in another moment, splash! she was up to her chin in salt water.","Kama alisema maneno haya slipped mguu wake, na katika wakati mwingine, Splash! yeye alikuwa juu na kidevu chake katika maji chumvi."
"She wiped them off her mother with mechanical motions of her hands.","Yeye kunipangusa mbali mama yake na mitambo hisia za mikono yake."
"Now, the fascinating things are that the beta-carbolines found within that liana are MAO inhibitors of the precise sort necessary to potentiate the tryptamine.","Na sasa, vitu vya kushangaza ni hizo beta-carbolines zinazopatikana kwenye liana ni vidhibiti vya MAO kwa namna fulani muhimu kuizimua tryptamine."
"To such a greeting.","Kwa salamu kama hizo."
"This is what i groomed you for all these years.","Hii ni nini i groomed wewe kwa miaka yote."
"What's going on?","Nini kinaendelea?"
"Maintains such falsehood, then turn tears to fires; And these,--who, often drown'd, could never die,--","Inao uwongo vile, kisha kugeuka na machozi kwa moto, na hayo, - ambao, mara nyingi drown'd, kamwe kufa, -"
"BALTHASAR Romeo.","Balthasar Romeo."
"Come on.","Njoo."
"Art thou a man? thy form cries out thou art; Thy tears are womanish; thy wild acts denote The unreasonable fury of a beast; Unseemly woman in a seeming man!","Je, wewe ni mtu? fomu yako kulia wewe; machozi yako ni womanish; wako vitendo mwitu kuashiria hasira haina maana ya mnyama wa adabu mwanamke katika mtu Wanajidai!"
"Mr. Henfrey not only took off the hands of the clock, and the face, but extracted the works; and he tried to work in as slow and quiet and unassuming a manner as possible.","Mheshimiwa Henfrey si tu alichukua kutoka katika mikono ya saa, na uso, lakini kuondolewa kazi, na alijaribu kazi kwa njia kama polepole na utulivu na nyenyekevu iwezekanavyo."
"'I must be growing small again.'","'I lazima kuongezeka kidogo tena.'"
"Then they both bowed low, and their curls got entangled together.","Basi wote wawili akainama chini, na curls yao got msikubali pamoja."
"Was it medical?","Ilikuwa ni ya matibabu?"
"We think about aid, like these people here giving aid to these people here.","Tunafikiria kuhusu misaada, kama watu hawa wanatoa misaada kwa watu wale pale."
"""I thank your Majesty.","""Namshukuru utukufu wako."
"'and that's a fact.'","'Na that'sa ukweli.'"
"And much of what I stumbled into by following my curiosity and intuition turned out to be priceless later on.","Mengi niliyowahi kutokana na upekuzi wangu pamoja na uwezo wangu kuelewa yakawa adimu nyakati za baadaye."
"It's a tremendous variation within Africa which we rarely often make -- that it's equal everything.","Ni tofauti kubwa sana katika Afrika ambayo mara nyingi tunaitambua -- kuwa iko sawa kwa kila kitu."
"JULlET Yet let me weep for such a feeling loss.","Juliet Lakini basi mimi kulia kwa hasara vile kuhisi."
"If only, instead of allowing this cleaning woman to disturb him uselessly whenever she felt like it, they had given her orders to clean up his room every day!","Kama tu, badala ya kuruhusu mwanamke huyu naye kusafisha kuvuruga kila mdomo yeye inaonekana kama hayo, walikuwa wametoa amri yake ya kusafisha chumba chake kila siku!"
"He was, I take it, the most perfect reasoning and observing machine that the world has seen, but as a lover he would have placed himself in a false position.","Yeye alikuwa, mimi kuchukua, hoja kamilifu zaidi na mashine ya kuangalia kwamba dunia amemwona, lakini kama angekuwa lover alijitoa mwenyewe katika nafasi ya uongo."
"And she tried to fancy what the flame of a candle is like after the candle is blown out, for she could not remember ever having seen such a thing.","Na yeye alijaribu dhana nini moto wa taa ni kama baada ya mshumaa barugumu nje, kwa ajili ya yeye hakuweza kukumbuka milele baada ya kuona jambo kama hilo."
"To insect millions peopling every wave:","Kwa mamilioni wadudu peopling kila wimbi:"
"CAPULET He shall be endur'd:","CAPULET Yeye atakuwa endur'd:"
"Mr. Thomas Marvel jumped a foot and howled aloud.","Mheshimiwa Thomas Usistaajabu jumped mguu na walipiga makelele kwa sauti."
"The answer to the question is hard for me because, on the one hand, I think that we should feel really great about the fact that the Republican nominee -- certain nominee --","AG: Jibu la swali hilo ni gumu kwangu kwasababu, kwa upande mwingine, nadhani kwamba ni lazima tuone fahari kwa ukweli kwamba mgombea wa Republican - mgombea wa uhakika--"
"Dickon he doesn't mind th' wet.","Dickon hana akili th 'mvua."
"Came he not home to-night?","Alikuja yeye si nyumbani kwa usiku?"
"'It's a mineral, I THlNK,' said Alice.","'It'sa madini, nadhani,' alisema Alice."
"""Why don't I keep sleeping for a little while longer and forget all this foolishness,"" he thought.","""Ni kwa nini mimi kuendelea kulala kwa muda mfupi tu na kusahau yote hii ujinga, ""alifikiri."
"What could be more full of meaning?--for the pulpit is ever this earth's foremost part; all the rest comes in its rear; the pulpit leads the world.","Je, inaweza kuwa zaidi kamili ya maana -? Kwa mimbari ni Mwenye dunia hii ya kwanza sehemu, wengine wote huja katika nyuma yake; mimbari inaongoza duniani."
"In addition to all this, she put down a bowl--probably designated once and for all as Gregor's--into which she had poured some water.","Mbali na yote haya, yeye kuweka chini bakuli - mteule pengine mara moja na kwa wote kama Gregor's - ndani ambayo alikuwa akamwaga baadhi ya maji."
"But think not that this famous town has only harpooneers, cannibals, and bumpkins to show her visitors.","Lakini nadhani si kwamba mji huu maarufu ina harpooneers tu, cannibals, na bumpkins kuonyesha wageni wake."
"'I won't indeed!' said Alice, in a great hurry to change the subject of conversation.","'Mimi si kweli!' Alisema Alice, katika kubwa haraka na mabadiliko ya mada ya mazungumzo."
"Attracted by the playing, Gregor had ventured to advance a little further forward and his head was already in the living room.","Kuvutia na kucheza, Gregor alikuwa ventured mapema zaidi kidogo mbele na kichwa yake ilikuwa tayari katika chumba hai."
"Henceforward I am ever rul'd by you.","Tangu milele rul'd mimi na wewe."
"PARlS That may be must be, love, on Thursday next.","PARIS Hiyo inaweza kuwa ni lazima, upendo, juu ya Alhamisi ijayo."
"The cities supporting Kyoto in the U.S. are up to 780 -- and I thought I saw one go by there, just to localize this -- which is good news.","Miji inayounga mkono mkataba wa Kyoto nchini Marekani imefikia 780 -- na nadhani niliuona mmoja ukipita pale, ukirahisisha hii. Hii ni habari njema."
"When Mary at last decided to get up, the clothes Martha took from the wardrobe were not the ones she had worn when she arrived the night before with Mrs. Medlock.","Basi, Maria mwisho aliamua juu, nguo Martha alichukua kutoka WARDROBE walikuwa si ndio yeye alikuwa huvaliwa alipowasili usiku kabla na Bi Medlock."
"I'm Suh Boeun.","Mimi Suh Boeun."
"Who can predict his comings and goings?","Ambao wanaweza kutabiri comings na matokeo yake?"
"- Invincible!","- Invincible!"
"I'm not kidding.","Mimi si kidding."
"Your right butt has grown bigger.","Kitako wako wa kulia imeongezeka kubwa."
"""Entirely."" ""It is nothing very formidable,"" he said, taking a long cigar-shaped roll from his pocket.","""Kabisa."" ""Ni kitu formidable sana,"" alisema, kuchukua muda mrefu biri-umbo roll kutoka mfukoni mwake."
"To breathe such vows as lovers us'd to swear; And she as much in love, her means much less","Kupumua vile viapo kama wapenzi us'd kuapa; Na yeye kama kiasi katika upendo, maana yake kiasi kidogo"
"She could see nothing, in fact, but a dense darkness on either side.","Yeye hakuweza kuona chochote, kwa kweli, lakini zenye giza kila upande."
"I lay there dismally calculating that sixteen entire hours must elapse before I could hope for a resurrection.","Naweka huko dismally kuhesabu kwamba masaa kumi na sita kabla ya yote lazima elapse mimi inaweza matumaini ya ufufuo."
"""He is, in my judgment, the fourth smartest man in London, and for daring I am not sure that he has not a claim to be third.","""Yeye ni, katika hukumu yangu, smartest mtu wa nne katika London, na kwa daring Sina uhakika kwamba yeye si madai ya kuwa ya tatu."
"You will set cock-a-hoop! you'll be the man!","Wewe kuweka jogoo-a-hoop! wewe utakuwa mtu!"
"What, not a word?--you take your pennyworths now; Sleep for a week; for the next night, I warrant,","Nini, si neno - kuchukua pennyworths yako sasa; Sleep kwa wiki, kwa usiku mwingine, kibali hicho,"
"yes two days","ndio siku mbili"
"I thought thy disposition better temper'd.","Nilidhani disposition wako bora temper'd."
"Several times, when returning from the village at ten or eleven o'clock at night,","Mara kadhaa, wakati anarudi kutoka kijiji katika kumi au 11:00 usiku,"
"""It's broke a'ready,"" said he.","""Ni kuvunja a'ready,"" alisema."
"Trying to run from me?","Kujaribu kukimbia kutoka kwangu?"
"All emotions, and that one particularly, were abhorrent to his cold, precise but admirably balanced mind.","All hisia, na kwamba moja hasa, walikuwa adui wa mawazo kwa baridi yake, sahihi lakini admirably uwiano wa akili."
"""That will do, Mr. Wilson.","""Hao kufanya, Mheshimiwa Wilson."
"He is gonna have a daughter.","Yeye ni gonna na binti."
"She made the physical education teacher transfer to another school.","Alitoa kimwili elimu mwalimu uhamisho wa shule nyingine."
"And a word carries far--very far--deals destruction through time as the bullets go flying through space.","Na neno hubeba mbali - mbali sana - kwa njia ya mikataba ya uharibifu wakati kama risasi kwenda flying kupitia nafasi."
"It was the sensation of a moment: the white-bound head, the monstrous goggle eyes, and this huge yawn below it.","Ilikuwa ni hisia ya dakika, kichwa nyeupe-amefungwa, goggle kuchusha mno macho, na hii yawn kubwa chini yake."
"She stood at the window for about ten minutes this morning after Martha had swept up the hearth for the last time and gone downstairs.","Alisimama katika dirisha kwa muda wa dakika kumi asubuhi ya leo baada ya Martha alikuwa swept juu ya makaa kwa mara ya mwisho na downstairs gone."
"Juliet, the county stays.","Juliet, kata mikono."
"""There's a porpoise close behind us, and he's treading on my tail.","""Pomboo There'sa karibu nyuma yetu, na yeye treading juu ya mkia wangu."
"And he's ashamed of it.","Na ni njia ya kawaida na farasi, kama yoyote mtu anaweza kuona. """
"""What is it?","""Ni kitu gani?"
"From what you have told me I think that it is possible that graver issues hang from it than might at first sight appear."" ""Grave enough!"" said Mr. Jabez Wilson.","Kutokana na yale aliniambia Nadhani inawezekana kwamba graver masuala hutegemea kutoka humo zaidi ili kuonekana mbele kwanza. "" Kaburi kutosha! ""alisema Bw Yabesi Wilson."
"I never introduced myself.","Mimi kamwe ilianzisha mwenyewe."
"The amount of a moderate-to-severe snow melting of an area equivalent to the size of California.","Kiasi cha kuyeyuka barafu kwa kiwango cha kawaida mpaka kikubwa kabisa. kwenye sehemu yenye ukubwa sawa na California."
"She was a stout woman, with very red cheeks and sharp black eyes.","Alikuwa mwanamke magumu, na mashavu nyekundu sana na mkali nyeusi macho."
"Scene ill. A churchyard; in it a Monument belonging to the Capulets.","Onyesho la III. churchyard, siku hiyo Monument mali ya Capulets."
"He came over all the way from Russia to find you.","Kumwona? Yeye alikuja juu njia yote kutoka Urusi kupata wewe."
"Miss Kim!","Miss Kim!"
"There was a song popular at that time called ""The Bogey Man"".","Kuna wimbo maarufu wakati huo unaoitwa ""Man bogey""."
"I shall never get to twenty at that rate!","Mimi kamwe kupata na ishirini kwa kiwango kwamba!"
"- No.","- No nini?"
"Than with that hand that cut thy youth in twain To sunder his that was thine enemy?","Kuliko na kwamba mkono ambao kata ujana wako katika wawili Ili igawa kwamba yake ni adui yako?"
"But there's an easier way and a faster way to count the number of lemons.","lakini kuyo njia rahisi na ya haraka ya kuhesabu Idadi ya malimau haya yote"
"Developments that have the potential to create positive returns for all concerned: the developers, government and the community where these projects go up.","Maendeleo ambayo yanaweza kuleta matokeo chanya kwa wahusika wote: waendelezaji, serikali na jumuia ambayo miradi hii inapelekwa."
"Henceforth I never will be Romeo.","Tangu sasa mimi kamwe kuwa Romeo."
"BENVOLlO See, where he comes: so please you step aside; I'll know his grievance or be much denied.","BENVOLIO Tazama, ametoka wapi, basi tafadhali wewe hatua kando, mimi utakuwa kujua malalamiko yake au kuwa na kiasi alikanusha."
"Pretty please...","Pretty tafadhali..."
"Baker Street, and it still wanted ten minutes to the hour when we found ourselves in Serpentine Avenue.","Mwokaji Street, na bado alitaka kumi dakika ya saa wakati sisi wenyewe kupatikana katika Avenue Serpentine."
"Cupid, on!","Cupid, juu!"
"MERCUTlO You are a lover; borrow Cupid's wings, And soar with them above a common bound.","MERCUTIO Wewe ni mpenzi; kukopa mbawa Cupid, na kuongezeka kwa yao juu ya wajibu wa kawaida."
"I'll warrant you, when I say so, she looks as pale as any clout in the versal world.","Mimi itabidi kibali wewe, wakati mimi kusema hivyo, yeye inaonekana kama pale kama yoyote mshikamano katika ulimwengu versal."
"I am a fairly strong man, and I have the poker handy--besides being invisible.","Mimi ni mtu mwenye haki na nguvu, na mimi kuwa Handy poker - badala ya kuwa asiyeonekana."
"This accomplished, however, he turned round--when, good heavens! what a sight!","Hii yametimia, hata hivyo, aligeuka pande zote - wakati, nzuri mbingu! nini mbele!"
"Martha's face quite lighted up.","Martha uso kabisa lighted up."
"""He's coming back, Bunting!"" he said, rushing in.","""Ni kurudi tena, Bunting!"" Alisema, litakalo in"
"[Drawing.]","[Kuchora.]"
"She will beshrew me much that Romeo Hath had no notice of these accidents;","Yeye beshrew yangu kiasi kwamba Romeo Kwani hakuwa na taarifa ya ajali hizi;"
"And I think this is why the Nairobi National Park lions are few.","Nafikiri hii ndiyo maana mbuga ya wanyama ya Nairobi ina simba wachache."
"""Not at all.","""Si wakati wote."
"Has a white splash of acid upon his forehead.""","Ina Splash nyeupe ya asidi juu ya paji la uso wake. """
"'Gesellschaft,' which is the German for","'Gesellschaft,' ambayo ni ya Ujerumani"
"""My word! that's riches,"" said Martha.","""Neno langu! kwamba utajiri, ""alisema Martha."
"Tha' said it almost like Dickon talks to his wild things on th' moor.""","Tha 'alisema kama mazungumzo ya karibu na mambo yake mwitu Dickon tarehe' Moor. """
"- I've been waiting for you.","- Nimekuwa kusubiri kwa ajili yenu."
"After the prompter, for our entrance:","Baada ya mnong'oni, kwa ajili ya ziara yetu:"
"And so I decided to start over.","Kwa hivyo basi nikaamua kuanzia upya."
"I'm getting up right away.""","Mimi kupata up mara moja. """
"""He's th' only friend I've got.""","""Ni th 'tu rafiki Mimi nimepata."""
"FRlAR Hold, daughter.","FRIAR Hold, binti."
"[World Premiere 2011 Sundance Film Festival]","Tamasha la Filamu la World Premiere 2011 la Sundance]"
"""I know where it is.""","""Mimi najua ni wapi."""
"Thus, Gregor now had to find his father to calm him down, for he had neither the time nor the ability to explain things to him.","Hivyo, Gregor sasa alikuwa na kupata baba yake kumtuliza chini, kwa maana alikuwa na wala wakati wala uwezo wa kuelezea mambo yake."
"LADY CAPULET What, are you busy, ho? need you my help?","LADY CAPULET nini, ni wewe busy, ho? haja wewe msaada wangu?"
"Come on... marriage is out of the question!","Njoo... ndoa ni nje ya swali!"
"When he looked up, coloured patches swam in his eyes.","Wakati Yesu akainuka, patches rangi aliweza kuvuka katika macho yake."
"Al, is there something more than that you would like to be doing?","Al, kuna kitu kingine zaidi ya hicho ambacho utapenda kufanya?"
"We have the databases. It's not the new database you need.","Si masijala mpya ya takwimu unayoihitaji."
"""GRAND CONTESTED ELECTlON FOR THE PRESlDENCY OF THE UNlTED STATES.","""Grand viligombea katika uchaguzi wa urais wa Marekani."
"""I won't insult your intelligence by telling you how I read that, especially as, rather against the strict rules of your order, you use an arc-and-compass breastpin.""","""Mimi si tusi akili yako kwa kuwaambia jinsi ya mimi kusoma kwamba, hasa kama, badala dhidi ya sheria kali wa amri yako, unatumia arc-na-dira breastpin. """
"If there was no one else alive in the hundred rooms there were seven mice who did not look lonely at all.","Kama kulikuwa hakuna mtu mwingine hai katika vyumba mia kulikuwa na panya saba ambao hawakuwa si kuangalia upweke wakati wote."
"But it's not just the developed nations.","Lakini siyo nchi zilizoendelea peke yake."
"And what a treat to be in Hampton Roads, the home of more veterans than just about any place in the world. (Applause)","Ni furaha kuwa Hampton Roads, nyumbani kwa maveteran wengi zaidi ya mahala popote pengine duniani. shangilia"
"Digressing from the valour of a man; Thy dear love sworn, but hollow perjury,","Digressing kutoka vita ya mtu; wapenzi wako upendo ameapa, lakini mashimo kusema uwongo,"
"But I lay perfectly still, and resolved not to say a word till spoken to.","Lakini mimi bado kuweka kikamilifu, na kutatuliwa si kusema neno hata kusema."
"Anon comes one with light to ope the tomb;","Anon huja moja na mwanga kwa ope kaburini;"
"Your hubby must be treating you well.","Hubby wako lazima kutibu wewe pia."
"You're pretty yourself.","Wewe ni pretty mwenyewe."
"But his sister noticed right away with astonishment that the bowl was still full, with only a little milk spilled around it.","Lakini dada yake niliona mara moja na kushangaza kwamba bado bakuli kamili, na maziwa kidogo tu kilichomwagika kuzunguka."
"Neither could I do without them.","Wala hakuna mimi kufanya bila wao."
"She felt as if they were wondering what a little girl from India was doing in their house.","Alihisi kama walikuwa wanashangaa nini msichana mdogo kutoka India alikuwa akifanya katika wao nyumba."
"Thank you Jake for not betraying me and taking care of Demitry.","Asante kwa Jake si kumtoa mimi na kutumia huduma ya Demitry."
"She's not well married that lives married long:","Yeye ni vizuri ndoa kuwa maisha ya ndoa kwa muda mrefu:"
"And it this is zero, one, two, three, four, five.","Na kama hii ni sufuri,moja, mbili, tatu, nne na tano."
"I took a poet to board for a fortnight about those times, which caused me to be put to it for room.","Mimi alichukua mshairi na bodi kwa wiki mbili juu ya nyakati hizo, ambao unasababishwa mimi kuwa kuweka na kwa ajili ya chumba."
"Deny thy father and refuse thy name;","Kukana baba yako na kukataa jina lako;"
"And the manager, this friend of the ladies, would certainly let himself be guided by her.","Na meneja, hii rafiki wa wanawake, bila ya shaka basi mwenyewe kuongozwa na yake."
"But Hall had hardly run a dozen yards before he gave a loud shout of astonishment and went flying headlong sideways, clutching one of the labourers and bringing him to the ground.","Lakini Hall alikuwa vigumu kuendesha yadi kadhaa kabla ya yeye alitoa kelele ya ajabu akaenda flying ingia sideways, clutching moja ya wafanyakazi na kuleta yake chini."
"What happened to you?","Ni nini kilichotokea kwa wewe?"
"Scene V. A Hall in Capulet's House.","Scene V. Hall katika House Capulet ya."
"However, there's a catch. These networks of carbon nanotubes are extremely flimsy. And since they're so delicate, they need to be supported.","lakini kuna jambo la kuzingatia. muunganiko huu wa tybu ndogo za kaboni ni laini sana kwa kuwa ni laini sana,zinahitaji kutegemezwa ndio maana nikachagua karatasi."
"ARE OLD, FATHER WlLLlAM,' to the Caterpillar, and the words all coming different, and then the Mock Turtle drew a long breath, and said 'That's very curious.'","ARE OLD, BABA WILLIAM, 'kwa Caterpillar, na maneno yote kuja tofauti, na kisha Turtle Wamdhihaki akauchomoa pumzi kwa muda mrefu, na alisema 'Hiyo curious sana.'"
"I seed her reported in the offing this morning; a three years' voyage, and a full ship.","Mimi mbegu yake taarifa katika offing leo asubuhi, safari ya miaka mitatu, na kamili meli."
"Near the Isle of Desolation, off Patagonia, November 1st, 1836.","Karibu Isle la uharibifu, mbali Patagonia, 1 Novemba 1836."
"This is Africa. 10% the world population, most in poverty.","Asilimia 10 ya idadi ya watu duniani, wengi wao wako kwenye umaskini."
"He recognised the voice as that of the Invisible Man, and the note was that of a man suddenly infuriated by a painful blow.","Alitambua sauti kama ile ya Adamu Invisible, na kutambua ni kwamba ya mtu ghafla infuriated by pigo chungu."
"Should he remark that the weather was very cold for the time of year?","Je, yeye remark kuwa hali ya hewa ilikuwa ni baridi kwa muda wa mwaka?"
"Our bridal flowers serve for a buried corse, And all things change them to the contrary.","Bridal wetu maua kutumika kwa ajili ya corse kuzikwa, Na kila kitu mabadiliko yao ya kinyume."
"""It is raining,"" I remonstrated, ""and I ...""","""Ni mvua,"" Mimi remonstrated, ""na mimi ... """
"""You don't know anything.","""Ninyi hamjui kitu chochote."
"When I saw how many were waiting, I would have given it up in despair; but Spaulding would not hear of it.","Nilipoona jinsi wengi walikuwa wakisubiri, mimi angekupa up tamaa; lakini Spaulding hakutaka kusikia yake."
"He never mentioned it to you?","Yeye kamwe zilizotajwa ni wewe?"
"She thought the man was very rude to call her father's bungalow ""A place like this!""","Mtu alidhani rude sana kuwaita bungalow baba yake ""mahali kama hili!"""
"He coughed behind his hand.","Yeye coughed nyuma ya mkono wake."
"Sweet, good night!","Tamu, nzuri usiku!"
"ROMEO The exchange of thy love's faithful vow for mine.","Romeo kubadilishana nadhiri yako ya upendo, ni waaminifu kwa mgodi."
"He has a cool side to him.","Yeye ana upande baridi kwake."
"But, when the tide rises and sharks are around,","Lakini, wakati kuongezeka wimbi na papa ni karibu,"
"What am I going to do, mom?","Nini mimi kwenda kufanya, mama?"
"Give me my sin again.","Nipe dhambi yangu tena."
"Nairobi National Park is not fenced in the south widely, which means wild animals like zebras migrate out of the park freely.","Mbuga ya wanyama ya Nairobi haina uzio upande wa kusini, inamaanisha wanyamapori kama pundamilia wanatoka bila shida kwenye mbuga."
"Neither manifested the least disposition to retreat.","Disposition wazi wala mdogo hadi mapumziko."
"""Was you hurt, sir?"" said Fearenside.","""Je, wewe kuumiza, sir?"" Alisema Fearenside."
"Why should we wait until they arrived in the hospital before we started to look?","Kwa nini tusubiri mpaka wanapowasili katika hospitali kabla ya kuanza kuangalia?"
"From this day on, she's Suh Dongku's woman!","Kutoka hii siku, yeye ni mwanamke Suh Dongku ya!"
"Did thy bright gleam mysterious converse hold","Je mwangaza wako mkali ajabu kuzungumza kushikilia"
"""A nice little brougham and a pair of beauties.","""A nice kidogo brougham na jozi ya beauties."
"Let me write capital.","Ninaandika rasimali."
"I'm near dead."" ""It didn't feel so.","Mimi nina karibu kufa. "" Ni haoni hivyo."
"""Was he?"" he said.","""Alikuwa?"" Alisema."
"O, what more favour can I do to thee","O, ni nini zaidi neema nifanye nini ili wewe"
"She went down the path and through the second green door.","Yeye alikwenda chini njia na kupitia mlango pili ya kijani."
"BALTHASAR I will be gone, sir, and not trouble you.","Balthasar nitakuwa kuondoka, sir, na si shida."
"Stones talking.","Mawe ya kuzungumza."
"For Gawd's sake!","Kwa ajili ya Gawd!"
"They drove away in different directions, and I went off to make my own arrangements.""","Wao waliwatokomeza katika mwelekeo tofauti, na mimi akaenda kufanya mipango yangu mwenyewe. """
"""And it made him queerer than ever.","""Na alifanya naye queerer ya milele."
"A hundred and fifty guineas apiece.","Mia na hamsini guineas ziada."
"'Begin at the beginning,' the King said gravely, 'and go on till you come to the end: then stop.' These were the verses the White Rabbit read:--","'Anza mwanzo,' King alisema vikubwa, 'na kwenda mpaka kuja mwisho:. kisha kuacha 'Haya yalikuwa aya Rabbit White kusoma: -"
"I do not recommend this at all.","Sipendekezi hatua hii kwa mtu yeyote"
"'Would it be of any use, now,' thought","'Je, ni ya matumizi yoyote, hivi sasa,' walidhani"
"He did not even flutter his wings; he sat without stirring, and looked at Mary.","Yeye hakuwa na hata papatika mbawa zake; akaketi bila kuchanganya na kumtazama Maria."
"She sobbed so unrestrainedly that good- natured Yorkshire Martha was a little frightened and quite sorry for her.","Yeye sobbed hivyo unrestrainedly kwamba wema asili Yorkshire Martha alikuwa kidogo hofu na kabisa pole kwa ajili yake."
"Finding a solution to that problem has been a key priority to Mozilla.","Ya kutafuta ufumbuzi wa tatizo kwamba imekuwa kipaumbele muhimu kwa Mozilla."
"I have to go to college...","Nina kwenda chuo..."
"Or I shall faint.--A plague o' both your houses!","Au mimi kukata tamaa .-- pigo o 'wote nyumba yako!"
"They had just landed from their boat, and this was the first house they entered.","Walikuwa nanga tu kutoka mashua yao, na hii ilikuwa nyumba ya kwanza, wakaingia."
"You're still going to end up with 5 pieces of fruit.","Utamaliza na matunda 5 tu."
"If I hear about this again, you're dead meat!","Kama mimi kusikia kuhusu hii tena, Wewe ni maiti nyama!"
"We have a trifling foolish banquet towards.-- Is it e'en so? why then, I thank you all;","Sisi trifling wajinga karamu kuelekea .-- Je, ni e'en hivyo? kwa nini basi, nakushukuru kwa wote;"
"Let us now explore the parts which lie behind it."" The road in which we found ourselves as we turned round the corner from the retired","Hebu sasa kuchunguza sehemu ambayo uongo nyuma yake. "" barabara ambayo sisi wenyewe kama sisi kupatikana aligeuka kona kutoka wastaafu"
"""They aren't opening,"" Gregor said to himself, caught up in some absurd hope.","""Wao si wa ufunguzi,"" Gregor akasema moyoni mwake, alijikuta katika matumaini baadhi ujinga."
"Today, I want to tell you three stories from my life. That's it: no big deal, just three stories.","Leo naomba niwasimulie visa vitatu vilivyotokea maishani mwangu."
"When, presently, through all thy veins shall run A cold and drowsy humour; for no pulse","Wakati, kwa sasa, kwa njia ya veins wote wako kukimbia ucheshi baridi na drowsy; kwa mapigo hakuna"
"I think that I am near the end of it.","Nadhani kwamba mimi ni karibu na mwisho wa hayo."
"'What are you thinking of?'","'Je, ni wewe kufikiria?"
"Chubb lock to the door.","Chubb lock ya mlango."
"Is not the help, is just to shoot somebody, come on.","Je, si msaada, ni ya haki kwa risasi mtu, kuja juu."
"""For God's sake,"" cried the mother already in tears, ""perhaps he's very ill and we're upsetting him.","""Kwa ajili ya Mungu,"" kelele mama tayari katika machozi, ""labda yeye ni mgonjwa sana na sisi ni upsetting yake."
"Baker Street.","Baker Street."
"Is nobody I can trust but you.","Ni hakuna siwezi uaminifu lakini wewe."
"THAT'S all wrong, I'm certain!","Hiyo yote mabaya, mimi nina fulani!"
"- The kids are hard to deal with, huh?","- Watoto ni vigumu kukabiliana na, huh?"
"This was in the late 60's, before personal computers and desktop publishing, so it was all made with typewriters, scissors, and polaroid cameras.","Enzi hizo za sitini kabla ya tarakilishi ya kibinafsi na uchapishaji ofisini kwa hivyo lilitengenezwa na mashine ya chapa, mikasi, na kamera za kutoa picha mara moja."
"What hast thou there? the cords","Una nini wewe huko? kamba"
"Cast by their grave beseeming ornaments, To wield old partisans, in hands as old,","Kutupwa na mapambo yao kaburi beseeming, Ili wafuasi wield zamani, katika mikono kama zamani,"
"And I would like to compare Uganda, which is there.","Na ningependa kufananisha Uganda, ambayo iko kule."
"'Elp!","'Elp!"
"""If she were not so sallow and had a nicer expression, her features are rather good.","""Kama yeye si hivyo sallow na alikuwa na kujieleza nicer, makala yake ni badala ya mema."
"[Stanford University - www.stanford.edu]","[Chuo Kikuu cha Stanford - www.stanford.edu]"
"""I am following you closely,"" I answered.","""Mimi zifuatazo wewe kwa karibu,"" Mimi akajibu."
"""I then lounged down the street and found, as I expected, that there was a mews in a lane which runs down by one wall of the garden.","""Halafu lounged chini ya mitaani na kupatikana, kama mimi ilivyotarajiwa, kwamba kulikuwa na Mews katika mstari ambayo inaendesha chini kwa moja ya ukuta wa bustani."
"""Eh! th' art a queer, old-womanish thing,"" she said.","""Eh! th 'sanaa Queer, ya zamani-womanish kitu, ""alisema."
"I end up at five.","Ninafikia nambari tano"
"'Does YOUR watch tell you what year it is?'","'Je, kuangalia YAKO kuwaambia nini mwaka gani?'"
"MERCUTlO A sail, a sail, a sail!","MERCUTIO meli, meli, meli!"
"""You may not be aware that I have royal blood in my veins.","""Unaweza kuwa na ufahamu kwamba mimi kifalme damu katika mishipa yangu."
"So for diversion he acquired the habit of crawling back and forth across the walls and ceiling.","Hivyo kwa diversion yeye alipewa tabia ya kutambaa na kurudi katika kuta na dari."
"'Please come back and finish your story!'","'Tafadhali kuja nyuma na kumaliza hadithi yako!'"
"And Singapore proposes by 2060 to produce [900] million liters per day of desalinated water.","Na Singapore inapendekeza kuwa mpaka mwaka 2060 kutengeneza lita millioni 900 kwa siku za maji yaliyotolewa chumvi"
"They all can't sleep and they come to me because they have problems.","Wote siwezi kulala na wao kuja kwangu kwa sababu wana matatizo."
"I will prosecute YOU.--Come,","Njoo YOU ​​mashitaka .--,"
"Even if it may be just this once~ The feeling's important~","Hata kama inaweza kuwa tu hii mara moja ~ hisia ya muhimu ~"
"I really didn't know what to do for a few months.","Kwa muda wa miezi michache, kweli nilikuwa sikujua la kufanya."
"Hey, Sangmin!","Hey, Sangmin!"
"However, Gregor had become much calmer.","Hata hivyo, Gregor alikuwa kuwa kiasi calmer."
"I began to twitch all over.","Mimi alianza papatika yote juu ya."
"Because of this invention, I was lucky to get a scholarship in one of the best schools in Kenya, Brookhouse International School, and I'm really excited about this.","Sababu ya uvunbuzi,nilipata bahati ya ufadhili wa kimasonmo katika moja ya shule bora Kenya, shule ya kimamtaif ya Brookhouse, ninafurahishwa na jambo hili sana."
"Juliet's Chamber.","Juliet wa Chama."
"With an apology for my intrusion, I was about to withdraw when Holmes pulled me abruptly into the room and closed the door behind me.","Pamoja na kuomba msamaha kwa intrusion yangu, nilikuwa kuhusu kuondoa wakati Holmes alinivuta ghafla ndani ya chumba na alifunga mlango nyuma yangu."
"Oh, I'm not afraid.","Oh, mimi nina hofu."
"""You have the photograph?""","""Una picha?"""
"Governments are trying to keep up. Now we can test the freedom.","Serikali zinajitahidi kuendana na mabadaliko hayo."
"""They wanted to know all about th' blacks an' about th' ship you came in.","""Walitaka kujua yote juu ya th 'weusi' kuhusu meli th 'wewe, aliingia"
"Only yesterday evening everything was fine with me.","Tu jana jioni kila kitu na faini na mimi."
"He paused; the rain fell with redoubled violence.","Yeye paused; mvua ilinyesha kwa vurugu redoubled."
"I was like, Tiffany, stay focused.","Nikajiambia, Tiffany, endelea kuwa makini."
"He's so cross he won't let them, and they wouldn't come if he would let them.","Yeye ni hivyo msalaba yeye si lazima wao, na wao akakataa kuja kama angekuwa waache. ."
"Come on, let's just marry the kids.","Haya, hebu tu kuoa watoto."
"He was smoking greedily in the middle of the room, and though he heard the stir I made, he remained with his back to me for a time.","Alikuwa sigara greedily katikati ya chumba, na ingawa habari koroga mimi alifanya, aliendelea kuwa na nyuma yake kwangu kwa muda."
"When he saw Mary he held up his hand and spoke to her in a voice almost as low as and rather like his piping.","Basi, alipowaona Maria yeye alipoinua mkono wake na kusema kwa sauti karibu yake chini kama na badala yake kama piping."
"PRlNCE We still have known thee for a holy man.--","PRINCE Bado nakujua kwa mtu mtakatifu .--"
"He answered that the name was new to him. ""'Well,' said I, 'the gentleman at No. 4.' ""'What, the red-headed man?' ""'Yes.' ""'Oh,' said he, 'his name was William Morris.","Alijibu kwamba jina lake mpya kwake. ""'Naam,' alisema mimi, 'muungwana katika Namba 4.' ""'Je, mtu red-headed?'"" 'Ndiyo.' ""'Oh,' alisema, 'jina lake William Morris."
"Holmes sat up in his chair in considerable excitement.","Holmes akaketi katika kiti chake katika msisimko mkubwa."
"[Descends.]","[Shuka.]"
"BENVOLlO Tell me in sadness who is that you love?","BENVOLIO Niambie katika huzuni ambaye ni kwamba upendo?"
"But the robin seemed to be quite satisfied and chirped and whistled back at her.","Lakini robin walionekana kuwa ameridhika kabisa na chirped na filimbi ya nyuma saa yake."
"""Janny,"" he said, over the rail of the cellar steps, ""'tas the truth what Henfrey sez.","""Janny,"" alisema, juu ya reli ya hatua pishi, ""'TAS ukweli nini Henfrey sez."
"This is a big surprise.","Wow! Hii ni mshangao mkubwa."
"There was one part of the wall where the creeping dark green leaves were more bushy than elsewhere.","Kulikuwa na sehemu moja ya ukuta ambapo wadudu giza majani ya kijani walikuwa zaidi bushy kuliko mahali pengine."
"""Where you've hid--how you do it--I don't know.","""Wapi ve kujificha - jinsi ya kufanya hivyo - mimi sijui."
"""I think I do, and they think I do,"" he said.","""Nadhani mimi kufanya, na wanadhani mimi kufanya,"" alisema alisema."
"He'll be bound to find out what th' skippin'-rope is.","Yeye utakuwa na wajibu wa kujua nini th 'skippin'-kamba ni."
"The Han River is frozen as well...","Mto Han ni waliohifadhiwa kama vile..."
"""Now, Dasher! now, Dancer! now, Prancer and Vixen!","""Sasa, Dasher! sasa, Dancer! sasa, Prancer na Vixen!"
"I need you to stay focused.","Sina haja ya wewe kuendelea kuwa na malengo."
"Hast thou no letters to me from the friar?","Wewe barua hakuna kwangu kutokana na friar?"
"This night you shall behold him at our feast; Read o'er the volume of young Paris' face,","Hii usiku wewe yatamtazama yake wakati wa sikukuu zetu; Soma o'er kiasi cha uso vijana Paris ',"
"But it was the very uncertainty which distressed the others and excused their behaviour.","Lakini ilikuwa uhakika sana ambayo mashaka wengine na radhi yao tabia."
"""It isn't a quite dead garden,"" she cried out softly to herself.","""Ni wafu bustani isn'ta kabisa,"" alisema kelele softly kwa mwenyewe."
"PRlNCE What fear is this which startles in our ears?","PRINCE nini hofu ni hii ambayo startles katika masikio yetu?"
"Well it's that number again.","Sawa, ni namba ile ile tena"
"Majesty must cross-examine THlS witness.'","Enzi lazima hojihoji THIS shahidi. '"
"'They couldn't have done that, you know,' Alice gently remarked; 'they'd have been ill.' Alice tried to fancy to herself what such an extraordinary ways of living would be","'Wao hakufanya kwamba, unajua,' Alice upole alisema; 'wao wamekuwa d . mgonjwa "" Basi, walikuwa, 'alisema Dormouse;' SANA mgonjwa. '"
"""Let us fly, let us fly!","""Hebu kuruka, basi, sisi kuruka!"
"You pervert!","Wewe kuipotosha!"
"Whose sale is present death in Mantua, Here lives a caitiff wretch would sell it him.","Ambao sasa kuuzwa ni kifo katika Mantua, Hapa maisha ya udhalili caitiff bila ya kuuza yake."
"- Don't say that about my hobby!","- Je, si kusema kwamba kuhusu hobby yangu!"
"'And where HAVE my shoulders got to?","Na wapi mabega yangu got?"
"JULlET I will not fail: 'tis twenty years till then.","Juliet mimi havunji: 'tis miaka ishirini hadi hapo."
"The baseball field's empty.","Uwanja baseball ya tupu."
"ROMEO Is the day so young?","Romeo Je, siku hiyo vijana?"
"Doth with their death bury their parents' strife. The fearful passage of their death-mark'd love,","Je, na mauti yao kuzika ugomvi wazazi wao. kifungu hofu ya upendo wao kifo-mark'd,"
"I don't want to use the word times too much in a video on multiplication-- where each row of lemons, instead of having three, maybe they have one hundred lemons!","- ambapo kila zefe la malimau badala ya kuwa na tatu, pengine kila zefe lina malimau mia moja!"
"""Was the photograph a cabinet?"" ""It was.""","""Ilikuwa picha ya baraza la mawaziri?"" ""Ilikuwa."""
"Is just You know who to trust, just don't count on me. I'm not gonna do it.","Unajua ni nani kwa uaminifu, si tu kuhesabu juu yangu."
"It is peculiarly strong and stiff."" ""Peculiar--that is the very word,"" said","Ni peculiarly imara na ngumu. "" Pekee - kuwa ni neno sana, ""alisema"
"Four good things had happened to her, in fact, since she came to Misselthwaite","Nne mambo mema yaliyotokea yake, kwa kweli, kwa vile yeye alikuja Misselthwaite"
"What WlLL become of me?'","Mtakuwa kitu gani nami?"
"Then I'll make the big break.","Basi mimi itabidi kufanya kuvunja kubwa."
"'Leave off that!' screamed the Queen.","'Toka mbali kwamba!' Screamed Queen."
"larboard--larboard gangway to starboard!","larboard - larboard simile kwa starboard!"
"But I wondered, what if there could be no boundary at all?","Lakini nilishangaa,ingekuwaje kusingekuwa na mipaka kabisa?"
"It was taken from him.","Ni kitachukuliwa."
"He carried three books bound together by some sort of ornamental elastic ligature, and a bundle wrapped in a blue table-cloth.","Alibeba vitabu vitatu amefungwa pamoja na baadhi ya aina ya mapambo ligature elastic, na kifungu amevikwa nguo ya rangi ya bluu-meza."
"- And No.","- Na No 22!"
"It also told me, with staring emphasis, when he died; which was but an indirect way of informing me that he ever lived.","Pia aliniambia, kwa msisitizo staring, alipokufa; ambayo ilikuwa lakini njia ya moja kwa moja ya taarifa yangu kwamba aliyewahi kuishi."
"""It is a most mysterious business.""","""Ni biashara ya ajabu."""
"They were too phantasmal and extravagant to enter into any one's fate.","Walikuwa pia na fujo phantasmal kuingia katika hali yoyote ya mtu."
"Anyway, I'm happy that you're here, Mr.","Anyway, mimi nina furaha kwamba wewe ni hapa, Mheshimiwa"
"His eyes how they twinkled! his dimples how merry!","Macho yake jinsi twinkled! dimples wake jinsi merry!"
"'We quarrelled last March--just before HE went mad, you know--' (pointing with his tea spoon at the March Hare,) '--it was at the great concert given by the Queen of","'Sisi wakawa mwisho Machi - tu kabla ya kwenda wazimu, unajua -' (akizungumzia kwa wake chai kijiko katika Hare Machi,) '- ilikuwa katika tamasha kubwa aliyopewa na Malkia wa"
"For instance, if you were INSlDE, you might knock, and I could let you out, you know.'","Kwa mfano, kama walikuwa ndani, unaweza kubisha, na mimi nilikuwa basi wewe nje, unajua. '"
"Then I, rather imprudently, wished you good-night, and started for the Temple to see my husband.","Basi mimi, badala imprudently, taka wewe nzuri za usiku, na kuanza kwa ajili ya hekalu na kuona mume wangu."
"We thought it was far south over the woods- -we who had run to fires before--barn, shop, or dwelling-house, or all together.","Sisi walidhani ilikuwa mbali kusini juu ya Woods--sisi ambao walikuwa kukimbia kwa moto kabla - ghalani, duka, au maskani nyumba, au wote kwa pamoja."
"The Chinese objected, and so the compromise was","Wachina walipinga, kwa hiyo muafaka ulikuwa"
"-CHAPTER XV THE MAN WHO WAS RUNNlNG","-SURA MAN WHO XV alikuwa akikimbia"
"Mr. Manager!","Mheshimiwa Meneja!"
"ROMEO Why, such is love's transgression.--","Romeo nini, kama ni makosa ya upendo, ni .--"
"Euroclydon, nevertheless, is a mighty pleasant zephyr to any one in-doors, with his feet on the hob quietly toasting for bed.","Euroclydon, hata hivyo, ni nguvu mazuri zephyr yeyote milango, na miguu yake juu ya hob toasting kimya kimya kwa kitanda."
"If you're a mayor, you can do something about that.","Uwapo meya, waweza kufanya kitu fulani."
"Have you been skipping meals?","Umekuwa kuruka kumeza chakula?"
"And why the devil not?","Na kwa nini shetani si?"
"As you see, it expands to the dark blue -- that's the annual ice in winter, and it contracts in summer.","Kama mnavyoona, inatanuka kuelekea rangi ya bluu iliyokolea. Hiyo ni barafu ya mwaka wakati wa masika. Na inasinyaa wakati wa kiangazi."
"'Exactly so,' said the Hatter: 'as the things get used up.'","'Hasa hivyo,' alisema Sungura: 'kama mambo kupata kutumika up.'"
"It won't stop you from watching it again!","Ni si kuacha wewe kutoka kuangalia tena!"
"Men, drink up!","Wanaume, kunywa up!"
"FRlAR That's a certain text.","FRIAR That'sa baadhi ya maandishi."
"She told me, she was praying with me one night and she told me.","Aliniambia, alikuwa kuomba na mimi moja usiku na yeye aliniambia."
"'I'm a--I'm a--' 'Well!","'Nina - I'm -' 'Naam!"
"Do you know who I met there?","Unajua nani nilikutana huko?"
"[Enter Juliet.]","[Enter Juliet.]"
"Tha' looked like a young plucked crow when tha' first came into this garden.","Tha 'inaonekana kama jogoo vijana kung'olewa wakati tha' kwanza kufika katika bustani hii."
"""It is quite a pretty little problem,"" said he.","""Ni pretty kidogo kabisa tatizo,"" alisema."
"The only crime she's committed was granting her sick grandfather's last wish.","Uhalifu tu yeye ni nia ilikuwa kupeana babu yake mgonjwa wa mwisho unataka."
"Take your choice!'","Kuchukua uchaguzi wako! '"
"And it was very clear.","Na ilikuwa wazi"
"Do you have a sister or something?","Je, una dada au kitu?"
"I also heard the whooping of the ice in the pond, my great bed-fellow in that part of","Nikasikia whooping ya barafu katika bwawa, yangu kubwa kitanda-wenzao katika sehemu hiyo ya"
"Whence comest thou?","Comest wapi wewe?"
"It was already the end of March.","Ilikuwa tayari mwisho wa Machi."
"It's hard to say his age.","Ni vigumu kusema umri wake."
"JULlET Wash they his wounds with tears: mine shall be spent, When theirs are dry, for Romeo's banishment.","Juliet Osha wao majeraha yake kwa machozi: mgodi utakuwa umepita, wakati wao ni kavu, kwa ajili ya uhamisho wa Romeo ya."
"But how would things go if now all tranquillity, all prosperity, all contentment should come to a horrible end?","Lakini jinsi gani mambo kwenda kama sasa wote utulivu, wote mafanikio, yote ridhaa afike mwisho ya kutisha?"
"So they just want us to simplify this.","Kwa hivyo wanataka turahisishe hii"
"She will not stay the siege of loving terms","Yeye si kukaa kuzingirwa ya maneno ya upendo"
"She skipped at last into the kitchen-garden and saw Ben Weatherstaff digging and talking to his robin, which was hopping about him.","Yeye skipped mwisho katika bustani jikoni-na kuona Ben Weatherstaff kuchimba na kuzungumza na robin yake, ambayo ilikuwa hopping juu yake."
"""You have but to name it.""","""Una lakini kwa jina hilo."""
"What I'm after ain't no invisibility,--it's burglary.","Nini mimi baada ya si no kutoonekana, - ni wizi."
"MONTAGUE Not Romeo, prince; he was Mercutio's friend; His fault concludes but what the law should end, The life of Tybalt.","Si Montague Romeo, mkuu, hakuwa rafiki wa Mercutio; kosa lake anahitimisha lakini kile sheria lazima mwisho, maisha ya Tybalt."
"And where is Cadiz, shipmates?","Na ambapo ni Cadiz, shipmates?"
"But I've got to see that the mouse doesn't get out.""","Lakini Mimi nimepata kuona kwamba panya haina kupata nje. """
"Has it been a year already?","Je, ilikuwa ni mwaka tayari?"
"Marry Sangmin?","Marry Sangmin?"
"Red-lining was used by banks, wherein certain sections of the city, including ours, were deemed off-limits to any sort of investment.","Red-lining ilikuwa inatumiwa na mabenki, katika baadhi ya maeneo ya jijini, ikiwa pamoja na kwetu, ilikuwa haijapewa kipaumbele kwa uwekezaji wa aina yeyote ile."
"""There was some one crying--there was-- there was!"" she said to herself.","""Kuna baadhi ya kilio moja - kulikuwa - kuna"" alisema kwa mwenyewe."
"When you drove home after the concert I called upon Scotland Yard and upon the chairman of the bank directors, with the result that you have seen.""","Wakati alimfukuza nyumbani baada ya tamasha mimi Scotland Yard kuitwa na juu ya mwenyekiti wa wakurugenzi wa benki, na matokeo uliyoyaona. """
"We now have a culture of distraction.","Sasa tuna utamaduni wa ukinzani."
"I quickly followed suit, and descending into the bar-room accosted the grinning landlord very pleasantly.","Mimi haraka ikifuatiwa nyayo, na kushuka ndani ya chumba bar-accosted grinning mwenye nyumba kwa furaha sana."
"Video: ♪♫ Frosty the coal man is a jolly, happy soul.","Bila bashasha Kaa-jiwe-mtu ni mchangamfu, akiishi kwa furaha."
"So it's necessary to try to link local situations to the broader and more international issues.","Kwa hiyo, ni muhimu kuhusianisha kinachotokea kwenye eneo moja nchini na mahali pengine katika mataifa mengine."
"Myself condemned and myself excus'd.","Mwenyewe na mwenyewe kuhukumiwa excus'd."
"""Did I not tell you how quick and resolute she was?","""Je, sikukwambia jinsi ya haraka na ushujaa yeye alikuwa nani?"
"I hear some noise within: dear love, adieu!-- [Nurse calls within.]","Mimi kusikia kelele ndani ya: dear upendo, adieu - [Muuguzi wito ndani.]"
"It's really hard to be an intern you know.","Ni kweli ni vigumu kuwa Intern unajua."
"If they made their bows of it, we make our gun-stocks of it.","Kama alifanya pinde zao yake, sisi kufanya wetu hifadhi ya bunduki yake."
"That's how I think it probably happened.","Hivyo ndivyo ninavyofikiria ilivyotokea."
"Scene Il.","Onyesho la II."
"I rose, and, making my excuses, escaped from the house.","Mimi rose, na, kutoa udhuru kwa nia yangu, alitoroka na kukimbilia nyumba."
"We shall have a consensus on terms and concepts of disasters and how disasters affect the districts Day 2:","Tutafika makubaliano kuhusu dhana ya majanga na namna majanga huathiri wilaya"
"""It is an ordinary plumber's smoke-rocket, fitted with a cap at either end to make it self-lighting.","""Ni kawaida fundi bomba la moshi-roketi, zimefungwa cap mwisho ama kwa kufanya hivyo self-taa."
"Once his mother had undertaken a major cleaning of Gregor's room, which she had only completed successfully after using a few buckets of water.","Mara baada ya mama yake alikuwa uliofanywa kusafisha kubwa ya chumba Gregor, ambayo yeye alikuwa tu baada ya kukamilika kwa mafanikio kwa kutumia ndoo kadhaa ya maji."
"Okay, then I'll show you my cooking talents tonight!","Okay, kisha Mimi nitakuonyeshea kupikia talanta yangu leo!"
"ROMEO O, wilt thou leave me so unsatisfied?","Romeo O, Je, wewe kuondoka hivyo aibu?"
"Oil is a problem, and coal is the most serious problem.","Mafuta ni tatizo, na makaa ya wawe ni tatizo kubwa kuliko yote."
"His face was eloquent of physical suffering.","Uso wake hai wa kimwili mateso."
"He saw a stretch of empty downs with the wind swaying the remote green-pointed furze bushes.","Aliona kunyoosha ya Downs tupu na upepo Nikicheza alisema mbali ya kijani furze misitu."
"And so did I; well, we were born to die.","Na hivyo, mimi; vizuri, sisi walizaliwa kufa."
"LADY CAPULET We follow thee.","LADY CAPULET Sisi kufuata."
"It's strange but when you were around, I hated your guts, but your absence has me missing you.","Ni ajabu lakini wakati walikuwa karibu, mimi kuchukia guts yako, lakini kutokuwepo yako ina mimi kukosa wewe."
"An' she was just a bit of a girl an' there was an old tree with a branch bent like a seat on it.","'Yeye alikuwa tu kidogo ya msichana' kulikuwa na mti wa kale pamoja na tawi bent kama kiti cha juu yake."
"You, of course, saw that everyone in the street was an accomplice.","Wewe, bila shaka, alipoona kwamba kila mtu katika mitaani ni accomplice."
"She had already cried while Gregor was still lying quietly on his back.","Alikuwa tayari kelele wakati Gregor alikuwa bado amelala kimya kimya juu ya mgongo wake."
"Let's continue the class!","Hebu kuendelea darasa!"
"His son was but a ward two years ago.","Mwanawe alikuwa lakini kata ya miaka miwili iliyopita."
"""Art tha' th' little wench from India?"" he asked. Tha'It be lonlier before tha's done,"" he said.","Tha'lt kuwa tha lonlier kabla ya kufanyika, "" alisema."
"But he could not help me in any way.","Lakini hakuweza kusaidia mimi kwa njia yoyote."
"And my idea is also being used now all over Kenya for scaring other predators like hyenas, leopards, and it's also being used to scare elephants away from people's farms.","Wazo linatumika pia Kenya nzima kuogopesha wanyama wengine kama mbwa mwitu na chui, na pia inatumika kuogopesha tembo kutoka katika mashamba ya watu."
"What's her name?","Nini jina lake?"
"Is loathsome in his own deliciousness, And in the taste confounds the appetite:","Ni loathsome katika deliciousness yake mwenyewe, Na katika ladha confounds hamu ya kula:"
"2 SERVANT When good manners shall lie all in one or two men's hands, and they unwash'd too, 'tis a foul thing.","2 mtumishi Wakati tabia njema akilala yote katika mikono moja au mbili ya watu, na wao unwash'd pia, 'tis kitu mchafu."
"But the spatial arrangement of the images here is actually meaningful.","Lakini hapa mpangalio wa mahusiano ya picha unaleta maana zaidi."
"You don't know anything about natives!","Hujui chochote kuhusu wenyeji!"
"Jonah!","Yona!"
"For thou wilt lie upon the wings of night Whiter than new snow upon a raven's back.--","Kwa maana uongo utakavyo juu ya mbawa za usiku weupe kuliko theluji mpya juu ya mgongo wa kunguru .--"
"Thus, he had a long time to think undisturbed about how he should reorganize his life from scratch.","Hivyo, yeye alikuwa na muda mrefu kufikiri undisturbed kuhusu jinsi anapaswa kujipanga vizuri maisha yake kuanzia mwanzo."
"And I discovered that lions are afraid of a moving light. So I had an idea.","Na nikagundua kwamaba simba wanaogopa mwanga unaotembea. nikapata wazo."
"I had the best education basically.","Mimi nilikuwa na elimu bora kimsingi."
"And that's hard to -- that's hard to create -- but it is coming.","Na hii ni ngumu ku -- ni ngumu kuijenga -- lakini inakuja."
"BENVOLlO Of love?","BENVOLIO ya upendo?"
"""Nor running a chance of arrest?"" ""Not in a good cause.""","""Wala kugombea nafasi ya kukamatwa?"" ""Si kwa sababu nzuri."""
"I can see it's different,"" she answered almost sympathetically.","Naona ni tofauti, ""yeye akajibu karibu sympathetically."
"Father Mapple enjoyed such a wide reputation for sincerity and sanctity, that","Baba Mapple walifurahia sifa kubwa kwa vile usafi na utakatifu, kwamba"
"I didn't even dream that one day I will be sitting in one of the most expensive restaurants.","Sikujua hata ndoto kwamba siku moja nitakuwa kukaa katika moja ya migahawa ya gharama kubwa."
"""So fire with water to compare, The ocean serves on high,","""Hivyo moto na maji kulinganisha, bahari mtumishi juu,"
"Not truly in their hearts, but in their eyes.","Si kweli katika nyoyo zao, lakini katika macho yao."
"Just back me up.","Tu nyuma me up."
"For the most part what went on now was very quiet.","Kwa sehemu kubwa nini aliendelea sasa ni kimya."
"With Cupid's arrow,--she hath Dian's wit; And, in strong proof of chastity well arm'd,","Na mshale Cupid wa, - yeye ana yaani Dian ya; Na, katika ushahidi imara wa moyo vizuri arm'd,"
"Scene I. An open place adjoining Capulet's Garden.","Scene I. mahali wazi adjoining Garden Capulet ya."
"When I was 13, a close family friend who was like an uncle to me passed away from pancreatic cancer.","Nilipokuwa na miaka 13, rafiki wa karibu wa familia ambaye alikuwa kama mjomba kwangu alifariki kwa kansa ya kongosho."
"I wonder what his exuberant imagination would have made of Walpole islet--that most hopelessly forsaken crumb of dry land on the face of the waters.","Mimi ajabu nini mawazo yake exuberant Ingekuwa na ya Walpole islet - kwamba wengi hopelessly umeacha chembe ya nchi kavu juu ya uso wa maji."
"This old man's grandfather refused to go.","Babu yake alikataa kwenda."
"I suppose that you have been watching the habits, and perhaps the house, of Miss","Nadhani umekuwa kuangalia tabia, na labda nyumba ya Miss"
"From the time that I heard of the assistant having come for half wages, it was obvious to me that he had some strong motive for securing the situation.""","Tangu wakati huo mimi kuwa msaidizi wa habari za kuja kwa nusu mshahara, ni dhahiri kwangu kwamba yeye alikuwa na baadhi ya nia imara kwa kupata hali hiyo. """
"So they kill the lions.","Kwa hiyo wanaua simba."
"And you have to do your work and Ben Weatherstaff won't speak to me often.","Na kufanya kazi yako na Ben Weatherstaff hawawezi kuzungumza na mimi mara kwa mara."
"I do not wish to be disturbed in my work.","Sipendi kuwa inasikitishwa katika kazi yangu."
"'Omne ignotum pro magnifico,' you know, and my poor little reputation, such as it is, will suffer shipwreck if I am so candid.","'Omne ignotum pro magnifico, unajua, na mdogo wangu maskini sifa, kama vile ni, kuteseka shipwreck kama mimi hivyo wazi."
"ROMEO In faith, I will.--Let me peruse this face:-- Mercutio's kinsman, noble County Paris!--","Romeo Katika imani, mimi .-- Hebu peruse uso hii: - Mercutio wa jamaa, mtukufu County Paris -!"
""" Tis the voice of the Lobster; I heard him declare,",""" Tis sauti ya lobster, nilimsikia kutangaza,"
"She was almost afraid to answer.","Alikuwa karibu na hofu ya kujibu."
"He left the door open behind him, and without looking at her strode across the hall and went down the steps, and she heard his feet hurrying along the road.","Aliacha mlango wazi nyuma yake, na bila kuangalia yake strode katika ukumbi na alikwenda hatua, na yeye alisikia miguu yake kuharakisha kando ya barabara."
"He was not like an Indian bird and she liked him and wondered if she should ever see him again.","Yeye hakuwa kama ndege ya Hindi na yeye walipenda yeye na kujiuliza kama yeye anapaswa milele kumwona tena."
"She wondered if they were all really locked and what she would find if she could get into any of them.","Yeye kujiuliza kama kweli wote walikuwa imefungwa na nini angeweza kupata kama yeye kupata ndani ya yeyote kati yao."
"Actually, he wanted to open the door.","Kweli, alitaka kufungua mlango."
"Without any great surprise he found it had the stickiness and colour of drying blood.","Bila ya mshangao wowote kubwa aliliona alikuwa kunata na rangi ya kukausha damu."
"He soon made the discovery that he could no longer move at all.","Yeye hivi karibuni alifanya ugunduzi kwamba hakuweza tena hoja wakati wote."
"Dunder and Blitzen--","Dunder na Blitzen -"
"Poison, I see, hath been his timeless end:-- O churl! drink all, and left no friendly drop","Sumu, naona, amekuwa mwisho wake timeless: - O churl! kunywa wote, na kushoto hakuna tone kirafiki"
"I don't believe this.","Siamini hii."
"What else do you want from me?","Mwingine kufanya nini unataka kutoka kwangu?"
"Good!","Good!"
"As to the photograph, your client may rest in peace.","Kama kupiga picha, na mteja wako wapate kupumzika kwa amani."
"This came towards us, open-mouthed, raising the waves on all sides, and beating the sea before him into a foam.""","Hii ilikuja kwetu, open-mouthed, kuongeza mawimbi ya pande zote, na kumpiga bahari mbele yake ndani ya povu ""-."
"She left this morning with her husband by the 5:15 train from Charing Cross for the","Yeye kuondoka leo asubuhi na mume wake kwa treni kutoka Msalaba 5:15 Charing kwa"
"He told me Paris should have married Juliet:","Aliniambia Paris awe na ndoa Juliet:"
"So if I said, if I just moved over three to the right, where do I end up?","Kama ningesema, kama ningesonga mara tatu kuelekea Upande wa kulia, nitafikia wapi?"
"Misselthwaite Manor would end by teaching her a number of things quite new to her-- things such as putting on her own shoes and stockings, and picking up things she let fall.","Misselthwaite Manor ingekuwa mwisho na ufundishaji wake idadi ya mambo yake mpya kabisa - mambo kama vile kuvaa viatu yake mwenyewe na soksi, na kuokota vitu yeye basi kuanguka."
"We'll see about that...","Tutaweza kuona juu ya kwamba..."
"So we have to have a change in consciousness.","Kwahiyo inatubidi tuwe na mabadiliko katika ufahamu."
"She supposed that perhaps this was the","Yeye walidhani kwamba labda hii ilikuwa"
"Martha grinned a little as if at some homely recollection.","Martha grinned kidogo kama ikiwa katika baadhi ya kumbukumbu homely."
"""It's like she says: 'A woman as brings up twelve children learns something besides her A B C.","""Ni kama anasema: 'mwanamke kama huleta juu watoto kumi na mbili kijua kitu badala ya AB yake C."
"Which to the high top-gallant of my joy Must be my convoy in the secret night.","Ambayo kwa juu juu-gallant ya furaha yangu Lazima convoy wangu katika siri usiku."
"[Kisses him.]","[Kisses yake.]"
"That's like three plus one, and I would say three plus one is equal to four.","Hiyo ni kama tatu uongeze moja Na ningemjibu kuwa tatu ongeze moja unapata nne."
"You are prettier than anything else in the world!""","Wewe ni prettier kuliko kitu kingine chochote duniani! """
"And slay thy lady, too, that lives in thee, By doing damned hate upon thyself?","Na kuua mwanamke wako, pia kwamba, katika maisha yako, Kwa kufanya chuki kesi sahihi juu ya nafsi yako?"
"It's high time you were all in bed!'","Ni wakati muafaka walikuwa wote katika kitanda '!"
"We're doing the best we can.","Sisi ni kufanya bora tunaweza."
"""What do you really think about the world?""","""Nini mnafikiri kuhusu dunia?"""
"""It is so long a chain, and yet every link rings true.""","""Ni muda mrefu mnyororo, na pete lakini kila kiungo kweli."""
"ROMEO By love, that first did prompt me to enquire;","Romeo Kwa upendo, kwamba kwanza alifanya haraka mimi kuuliza;"
"Just in her case!","Tu katika kesi yake!"
"Mrs. Hall was left almost in a fainting condition in Mr. Hall's arms on the landing.","Hall Bi akabaki karibu katika hali watazirai katika mikono Mheshimiwa Hall juu inatua."
"'Who are YOU?' said the Caterpillar.","""Wewe ni nani?"" Alisema Caterpillar."
"Now, why is this story important? Because from a planning perspective, economic degradation begets environmental degradation, which begets social degradation.","Sasa, kwanini hii hadithi ni muhimu? kwasababu ya mipango, kutetereka kwa uchumi kunasababisha uharibifu wa mazingira, ambao unasababisha mmomonyoko wa jamii."
"""I know the chap that started the lie.","""Najua chap ambao ulianza uongo."
"PARlS Have I thought long to see this morning's face,","PARIS Je, mimi mawazo ya muda mrefu ya kuona uso asubuhi hii ya,"
"NURSE Go, you cot-quean, go, Get you to bed; faith, you'll be sick to-morrow","Muuguzi Nenda, wewe kitanda-quean, kwenda, Get wewe kwa kitanda, imani, wewe utakuwa mgonjwa kesho"
"She was moving them about as she spoke, but no result seemed to follow, except a little shaking among the distant green leaves.","Alikuwa kusonga yao kuhusu kama yeye alisema, lakini hakuna matokeo walionekana kufuata, ila kidogo kutetereka kati ya majani ya kijani ya mbali."
"Then they came to a stop and stood with eyes interrogating each other.","Basi, wakafika kuacha na kusimama kwa macho interrogating kila mmoja."
"How could our field trip be at the same time?","Inakuwaje uwanja wetu safari kuwa wakati huo huo?"
"The Anglo-Saxon genius for parliamentary government asserted itself; there was a great deal of talk and no decisive action.","Anglo-Saxon genius kwa serikali ya bunge ilisema yenyewe, kulikuwa na kubwa mpango wa kuzungumza na hakuna hatua maamuzi."
"So he jumps in and kills the animals.","Kwa anaruka na kuwala simba"
"And then, turning to the rose-tree, she went on, 'What HAVE you been doing here?'","Na kisha, kwa kurejea kwenye mti rose, yeye aliendelea, 'una nini wamekuwa wakifanya hapa?'"
"""It'd flight 'em.""","""Ni ndege d 'em."""
"Earth's diameter is about 400 kilometers larger, but essentially the same size.","Kipenyo cha dunia ni takriban kilometa 400 zaidi, lakini ni ukubwa sawa."
"Good night, good night! as sweet repose and rest Come to thy heart as that within my breast!","Usiku nzuri, nzuri usiku! kama tamu mapumziko na wengine Njoo kwa moyo wako kama kwamba ndani ya kifua changu!"
"I loathe that place.","Mimi loathe kwamba mahali."
"Mary Ann!' said the voice.","Mary Ann '! Alisema sauti."
"Don't be stupid guys.","Msiwe wajinga guys."
"O, much I fear some ill unlucky thing.","O, kwa mimi hofu baadhi ya wagonjwa unlucky kitu."
"I think is important.","Nadhani ni muhimu."
"For never was a story of more woe Than this of Juliet and her Romeo.","Kwa kamwe mara hadithi ya ole zaidi kuliko hii ya Romeo Juliet na yake."
"So I'm sure they'll have a good version ready for the official launch.","Kwa hiyo mimi nina uhakika itabidi version nzuri tayari kwa ajili ya uzinduzi rasmi."
"But since a child's brain is activated by everything it encounters, it can also be overwhelmed, which causes stress.","Lakini kwa kuwa ubongo wa mtoto unaamilishwa na kila kitu kichokutana nacho inaweza kuwa balaa ambayo husababisha msongo"
"He's just a guy I know.","Yeye ni guy mimi kujua."
"The richest 20 percent of Ugandans are there.","Asilimia 20 ya matajiri zaidi wa Uganda wako pale."
"Mary hesitated a moment and thought it over.","Mary mkasitasita sasa na mawazo yake juu ya."
"""Nothing belongs to me.","""Hakuna kitu ni mali yangu."
"Of course, it's not a sin to be married.","Bila shaka, ni si dhambi kuolewa."
"No man, I'm the only son.","Hakuna mtu, mimi nina mtoto wa pekee."
"He wore a furry silk hat, and the frequent substitution of twine and shoe-laces for buttons, apparent at critical points of his costume, marked a man essentially bachelor.","Alivaa kofia furry hariri, na badala ya mara kwa mara ya kamba na kiatu laces-kwa vifungo, dhahiri katika maeneo muhimu ya vazi lake, ilikuwa mtu kimsingi bachelor."
"It is remarkable what a value is still put upon wood even in this age and in this new country, a value more permanent and universal than that of gold.","Ni ajabu nini thamani bado ni kuweka juu ya mti hata katika ulimwengu huu na katika hii mpya nchi, thamani ya zaidi ya kudumu na wote kuliko ile ya dhahabu."
"LADY MONTAGUE O, where is Romeo?--saw you him to-day?--","LADY Montague O, ambapo ni Romeo -? Nilikuona yake leo? -"
"'And how did you manage on the twelfth?'","Na jinsi gani wewe kusimamia juu ya kumi na mbili?"
"But responses can actually make a huge difference in the poor countries.","Lakini muitikio unaweza kuleta tofauti kubwa sana katika nchi maskini."
"She's my wife.","Yeye ni mke wangu."
"Inside drives me blind with one look from you","Ndani ya anatoa mimi kipofu kwa moja kuangalia kutoka kwenu"
"NURSE Tybalt is gone, and Romeo banished;","Muuguzi Tybalt ni kuondoka, na Romeo wametengwa;"
"You have helped me.","Mlivyonisaidia."
"""Do you?"" inquired Mary.","""Je wewe?"" Akauliza Maria."
"Blimey."" ""But how 'bout this paper?","Blimey ""."" Lakini jinsi 'bout jarida hili?"
"In addition, one small leg had been seriously wounded in the course of the morning incident--it was almost a miracle that only one had been hurt--and dragged","Aidha, mguu mmoja mdogo alikuwa vibaya sana katika kipindi cha asubuhi tukio - ilikuwa karibu ishara hiyo moja tu alikuwa kuumiza - na dragged"
"Which none but they that feel can tell-- Oh, I was plunging to despair.","Ambayo hakuna lakini kwamba kujisikia wanaweza kuwaambia - Oh, nilikuwa porojo kukata tamaa."
"It was so new and big and wonderful and such a heavenly color.","Ilikuwa ni mpya na kubwa na ya ajabu na Michezo kama mbinguni."
"Somebody in full flight trod heavily on his finger.","Kuna mtu katika ndege full trod sana kidole."
"'I've tried the roots of trees, and I've tried banks, and I've tried hedges,' the","'Nimekuwa walijaribu mizizi ya miti, na nimekuwa walijaribu benki, na nimekuwa walijaribu Ua,'"
"(There were three weeks and five days' pay owing him as mate of the Patna.)","(Kulikuwa na wiki tatu na siku tano 'kulipa Kutokana yeye kama mate ya Patna)."
"Thank you for going out with me.","Asante kwa ajili ya kwenda nje na mimi."
"And oh, I wish you could see her after the birds!","Na oh, napenda unaweza kuona wake baada ya ndege!"
"It was clear to Gregor that his father had badly misunderstood Grete's short message and was assuming that Gregor had committed some violent crime or other.","Ni wazi kwa Gregor kwamba baba yake vibaya vibaya Grete ya ujumbe mfupi na kuchukua kwamba alikuwa na nia ya Gregor baadhi ya uhalifu au nyingine."
"""If you're satisfied, of course--""","""Kama wewe ni kuridhika, bila shaka -"""
"Pig and Pepper","Nguruwe na Pepper"
"Yes, 17 King Edward Street, near St. Paul's.'","Ndiyo, 17 Mfalme Edward Street, karibu na St Paulo. '"
"Now the question is, Where are we to find the photograph?""","Sasa swali ni, wapi sisi kupata picha? """
"Do you think the archangel Gabriel thinks anything the less of me, because I promptly and respectfully obey that old hunks in that particular instance?","Je, unafikiri Gabriel malaika mkuu anadhani kitu chochote chini ya mimi kwa sababu mara moja na heshima kutii hunks kwamba zamani katika mfano husika?"
"Once in a while I got a little of this.","Mara moja kwa wakati mimi got kidogo ya hii."
"This program is brough to you by Stanford University.","Kipindi hiki kimewaletea na Chuo Kikuu cha Stanford."
"So then which of these networks is more complex?","Basi ni gani kati ya mitandao iliyo tata zaidi?"
"And he whistled, and shouted, and called them by name;","Na yeye filimbi, na kelele, akawaita kwa jina;"
"At the sight he stopped, gaping, then with the bottle still in his hand went upstairs again.","Mbele yeye kusimamishwa, gaping, basi kwa chupa bado katika mkono wake walikwenda ghorofani tena."
"This drying around the world has lead to a dramatic increase in fires.","Huku kukauka kwa dunia kumepelekea Ongezeko kubwa la mioto."
"She would have closed the door to the apartment and talked him out of his fright in the hall.","Yeye ingekuwa alifunga mlango na ghorofa na kuongea naye nje ya hofu yake katika ukumbi."
"Whatever the candidates say has to be laid alongside what the people say.","Chochote watakachosema wagombea lazima kiwe sambamba na watakachosema watu."
"I have told the circumstances of the stranger's arrival in Iping with a certain fulness of detail, in order that the curious impression he created may be understood by the reader.","Nimekwisha hali ya kuwasili mgeni katika Iping na baadhi ya utimilifu wa kina, ili hisia curious alivyo umba inaweza kuwa kueleweka na msomaji."
"""But she will refuse.""","""Lakini yeye kukataa."""
"If not, I should much prefer to communicate with you alone.""","Kama siyo, ni lazima sana wanapendelea kuwasiliana na wewe peke yake. """
"And she broke out into such a crying fit that her tears flowed out down onto her mother's face.","Na yeye kuanza katika fit kilio kiasi kwamba machozi yake ikatoka nje chini yake kwenye uso wa mama."
"I'll find Romeo","Mimi utapata Romeo"
"'Signior Martino and his wife and daughters;","[Ukisoma.] 'Signior Martino na mke wake na binti;"
"""I've heard that voice before,"" said Holmes, staring down the dimly lit street.","""Nimesikia kwamba sauti kabla,"" alisema Holmes, staring chini ya mitaani dimly lit."
"There was nothing else to do.","Hakuna kitu kingine cha kufanya."
"Perhaps he lived in the mysterious garden and knew all about it.","Labda aliishi katika bustani ya siri na alijua yote kuhusu hilo."
"King of Bohemia, when we had all three read this epistle.","Mfalme wa Bohemia, wakati tulikuwa wote watatu kusoma barua hii."
"What?!","Nini?"
"Chapter IX.","Sura ya IX."
"-What, have you dined at home?","-Je, na wewe kula nyumbani?"
"""The one on the other side of the wall,"" answered Mistress Mary.","""Mmoja wa upande wa pili wa ukuta,"" alijibu bibi Maria."
"ok in short is so many things I cant say so many things you know its because","yani kwa kifupi ni vingi siwezi nkavitaja nivingi kwa sababu nafikiri kila mtu anafahamu mwanadamu jinsi unavyo kuwa na maendeleo basi kila kitu unataka kufanya"
"Tybalt, that murderer, which way ran he?","Tybalt, kwamba muuaji, ambayo njia ya mbio yeye?"
"'Off with their heads!' and the procession moved on, three of the soldiers remaining behind to execute the unfortunate gardeners, who ran to Alice for protection.","'Off kwa vichwa vyao!' Na maandamano wakiongozwa juu, tatu cha askari iliyobaki nyuma ya kutekeleza bustani bahati mbaya, ambaye aligombea kwa Alice kwa ajili ya ulinzi."
"The other side of WHAT?' thought Alice to herself.","'Upande mmoja wa NINI? upande wa pili wa NINI? mawazo Alice kwa mwenyewe."
"His administration attacked several typical urban problems at one time, and on a third-world budget, at that.","Uongozi wake ulipigana na matatizo mbalimbali ya mijini moja baada ya jingine, na katika bajeti ya dunia ya tatu."
"""The man who wrote it was presumably well to do,"" I remarked, endeavouring to imitate my companion's processes.","""Mtu ambaye aliandika ni vizuri labda kufanya, ""Mimi alivyosema, tukijaribu kuiga rafiki yangu taratibu."
"""Just listen for a moment,"" said the manager in the next room; ""he's turning the key.""","""Kama kusikiliza kwa muda,"" alisema meneja katika chumba cha pili; ""yeye kugeuka muhimu ""."
"""I then lounged down the street and found, as I expected, that there was a mews in a","""Mimi kisha lounged chini ya mitaani na kupatikana, kama mimi ilivyotarajiwa, kwamba kulikuwa na mews a katika"
"But the thing about tryptamines is they cannot be taken orally because they're denatured by an enzyme found naturally in the human gut called monoamine oxidase.","Lakini kuhusu tryptamines haziwezi kunywewa kwakuwa zimeathiriwa na kimeng'enya vinavyopatikana kiasilia katika utumbo wa binadamu na huitwa monoamine oxidase"
"""The weather--"" he began.","""Hali ya hewa -"" yeye kuanza."
"""Listen to th' wind wutherin' round the house,"" she said.","""Sikiliza pande zote th 'upepo wutherin' nyumba,"" alisema."
"Look at this, great isn't it?","Angalia katika hili, kubwa si hivyo?"
"--""NARRATlVE OF THE GLOBE,"" BY LAY AND HUSSEY SURVlVORS.","- ""Maelezo ya dunia,"" waathirika wa Lay na Hussey."
"Can Herr Alexander perform a feat like that?","Je, Herr Alexander kufanya feat kama kuwa?"
"I'm kidding.","Mimi kidding."
"ok thanks","haya akhsante"
"""Why was I forgotten?""","""Kwa nini mimi wamesahau?"""
"Suppose to meet people they love.","Tuseme kukutana na watu wao upendo."
"I've read in papers of en.","Nimepata kusoma katika magazeti ya sw."
"""That's better.","""Hayo ni bora zaidi."
"You won't see much because it's a dark night, but you can see something.""","Huwezi kuona mengi kwa sababu usiku it'sa giza, lakini unaweza kuona kitu. """
"Once or twice I saw a ripple where he approached the surface, just put his head out to reconnoitre, and instantly dived again.","Mara moja au mbili nikaona alika ambapo akakaribia uso, tu ya kuweka kichwa chake nje kwa reconnoitre, na papo hapo dived tena."
"They sent Millie across the street through the golden five o'clock sunshine to rouse up Mr. Sandy Wadgers, the blacksmith.","Waliwatuma Millie katika mitaani kwa njia ya mwanga wa jua kwa dhahabu 05:00 wahimize up Mheshimiwa Sandy Wadgers, mbini."
"Dinting his breast, had bred his restless paine,","Dinting matiti yake, alikuwa bred Paine wake, hakitawaliki,"
"""No,"" he answered, ""generally he's an early bird--airley to bed and airley to rise-- yes, he's the bird what catches the worm.","""Hapana,"" yeye akajibu, ""ujumla yeye ndege mapema - airley kwa kitanda na airley kupanda - ndiyo, yeye ni ndege gani mdudu upatikanaji wa samaki."
"And if we did that we get: Three plus three is six.","Tukifanya hivyo tunapata twapata kuwa tatu ukiongeza tatu nyinine, jibu ni sita"
"'You'll see me there,' said the Cat, and vanished.","'Utaona yangu huko, ""alisema Cat, na kutoweka kabisa."
"One day a man came to my hut from Lexington to inquire after his hound that made a large track, and had been hunting for a week by himself.","Siku moja mtu mmoja alimwendea kibanda wangu kutoka Lexington kuuliza baada ya hound yake kwamba alifanya kubwa ya kufuatilia, na amekuwa uwindaji kwa wiki kwa nafsi yake."
"""Now the Lord had prepared a great fish to swallow up Jonah.""","""Sasa Bwana alikuwa tayari samaki mkubwa kwa kula Yona."""
"For example, if we added 3 + 2 we could imagine that if maybe I had three lemons -- 1, 2, 3 -- and if I were to add to those three lemons maybe two lime-- Is it lime or limes?","Kwa mfano tunapojumlisha 3+2 tunaweza kufikiri malimao tatu --- 1, 2, 3 --- na lazima kujumlisha ndimu mbili"
"Did we paint that much?","Je sisi rangi kwamba mengi?"
"- I know I can trust you.","- Ninajua wanaweza kuamini wewe."
"""Absolutely?""","""Kabisa?"""
"Because windows and files have a position in the real space, selecting them is as easy as grabbing a book off your shelf.","Kwa sababu madirisha na makabrasha yana nafasi katika uhalisia, kuyachagua ni rahisi kama vile kutoa kitabu toka kabatini."
"He became another man altogether.","Akawa mtu mwingine kabisa."
"Where are you going Mr. Park?","Unakwenda wapi Mheshimiwa Park?"
"""Don't 'good woman' me,"" said Mrs. Hall.","""Je, si 'nzuri mwanamke mimi,"" alisema Bi Hall."
"Good Romeo, hide thyself.","Romeo nzuri, ujifiche."
"I warrant th' foxes shows him where their cubs lies an' th' skylarks doesn't hide their nests from him.""","Mimi kibali th 'Mbweha humwonyesha ambapo cubs yao ya uongo' th 'skylarks haina kujificha viota vyao kutoka kwake ""."
"Marvel, stared at the smashed window, and came round to the two other men.","Ajabu, stared katika dirisha smashed, akaenda pande zote kwa watu wengine wawili."
"London is the capital of Paris, and Paris is the capital of Rome, and Rome--no,","London ni mji mkuu wa Paris, na Paris ni mji mkuu wa Roma, na Roma - hapana,"
"One night--it was on the twentieth of","Usiku mmoja - ilikuwa ni siku ya ishirini ya"
"Poor, Latino, surrounded by runaway gun violence and drug trafficking; a reputation not unlike that of the South Bronx.","Masikini, Latino, imezungukwa na wahalifu wenye silaha na uuzaji wa madawa ya kulevya: sifa si kama ile ya Bronx Kusini."
"I observe that there is a good deal of German music on the programme, which is rather more to my taste than Italian or French.","Mimi ni kuona kwamba kuna mpango mzuri wa muziki wa Kijerumani katika mpango, ambayo ni badala zaidi kwa ladha yangu ya Italia au Kifaransa."
"Iping youth presently joined him.","Iping vijana sasa wakajiunga naye."
"Come here.","Kuja hapa."
"And that includes all the children of the foreign workers who are in the country.","Na hii inajumuisha watoto wa raia wa kigeni ambao wapo nchini."
"During that week of sunshine, she became more intimate with Ben Weatherstaff.","Wakati kwamba wiki ya mwanga wa jua, akawa zaidi ya karibu sana na Ben Weatherstaff."
"Now, by the stock and honour of my kin, To strike him dead I hold it not a sin.","Sasa, kwa hisa na heshima ya jamaa yangu, wampige wafu mimi kushikilia kuwa si dhambi."
"[Exeunt all but Juliet and Nurse.]","[Exeunt wote lakini Juliet na muuguzi.]"
"I want to start a new life.","Mimi nataka kuanza maisha mapya."
"It's me.","Ni mimi."
"Then it was withdrawn as suddenly as it appeared, and all was dark again save the single lurid spark which marked a chink between the stones.","Basi ni kuondoka kama ghafla kama ilivyoonekana, na wote ilikuwa giza tena kuokoa lurid cheche moja ambayo ilikuwa chink kati ya mawe."
"Other travelling salesmen live like harem women.","Nyingine kusafiri salesmen kuishi kama Harem wanawake."
"They'll hear you.","Wao utasikia wewe."
"Teacher!","Mwalimu!"
"It stood on a sharp bleak corner, where that tempestuous wind Euroclydon kept up a worse howling than ever it did about poor Paul's tossed craft.","Ni alisimama kwenye kona kali na giza, ambapo upepo tempestuous Euroclydon naendelea up kuomboleza mbaya zaidi kuliko hapo alifanya kuhusu ufundi maskini Paulo kuchafuka."
"'The time was coming when I should see him loved, trusted, admired, with a legend of strength and prowess forming round his name as though he had been the stuff of a hero.","'Wakati alikuwa anakuja wakati mimi lazima kuona, akampenda, kuaminiwa, admired, na hadithi ya nguvu na uwezo na kutengeneza raundi ya jina yake kama alikuwa mambo ya shujaa."
"Have a drink, men!","Je kunywa, watu!"
"Stop the car.","Kuacha gari."
"It doesn't make any difference because the only thing that ought to limit the performance of a system like this one is the number of pixels on your screen at any given moment.","Haileti tofauti yeyote kwasababu kitu pekee kitakachoweza kuzuia ufanisi wa mfumo kama huu ni idadi ya vipandepicha kwenye skrini yako wakati wowote."
"'I don't think it's at all a pity.","'Sidhani ni kwa huruma zote."
"There never is but one opportunity of a kind.","Kuna lakini kamwe ni moja nafasi ya aina."
"[Enter Sampson and Gregory armed with swords and bucklers.]","[Enter Sampson na Gregory wenye mapanga na ngao.]"
"(Applause)","(Makofi)"
"Don't tell me that we don't have the capacity to do it.","Usiniambie kuwa hatuna uwezo wa kulifanya."
"""Don't be a fool,"" said the Voice.","""Usiwe mpumbavu,"" alisema Voice."
"Or, if I live, is it not very like The horrible conceit of death and night, Together with the terror of the place,--","Au, kama mimi ni hai, si sana kama majivuno ya kutisha ya kifo na usiku, Pamoja na hofu ya mahali, -"
"I shall be all anxiety.""","Nitakuwa wote wasiwasi. """
"He'll crack a crib in Scotland one week, and be raising money to build an orphanage in Cornwall the next.","Atatoa ufa Crib katika Scotland wiki moja, na kuwa na kuongeza fedha kujenga kituo cha watoto yatima katika Cornwall ijayo."
"He slid back again into his earlier position.","Yeye slid tena katika nafasi yake ya awali."
"Then, again, I have heard it is no use your applying if your hair is light red, or dark red, or anything but real bright, blazing, fiery red.","Kisha, tena, nimesikia ni hakuna matumizi kutumia wako kama nywele yako ni nyekundu, au giza nyekundu, au kitu chochote lakini mkali kweli, mkali, moto nyekundu."
"""Is it your bill you're wanting, sir?"" she said.","""Je, ni bili yako wewe ni kutaka, sir?"" Alisema."
"How! will she none? doth she not give us thanks?","Jinsi! itakuwa yeye hakuna? anajua yeye si kutupa shukrani?"
"Or shall we on without apology?","Au tutakuwa sisi bila kuomba msamaha?"
"We were fain to button up our monkey jackets, and hold to our lips cups of scalding tea with our half frozen fingers.","Sisi Wanatafuta kwa kifungo juu yetu jackets tumbili, na kushikilia kwa vikombe wetu midomo ya scalding chai kwa vidole wetu nusu hao."
"However, she laid her finger to her lips and then quickly and silently indicated to the lodgers that they could come into Gregor's room.","Hata hivyo, yeye aliweka kidole chake kwa midomo yake na kisha haraka na kimya unahitajika kwa lodgers waweze kuja katika chumba Gregor ya."
"[Enter Watch, with the Page of Paris.]","[Enter Watch, na wa Kwanza wa Paris.]"
"It's a ghost, a ghost!","Ni mzimu, mzimu!"
"Nor what is mine shall never do thee good:","Wala yaliyo yangu kamwe kufanya yako nzuri:"
"PETER Pretty!--What say you, Hugh Rebeck?","PETER Pretty - kusema nini, wewe, Hugh Rebeck?"
"And yet it would be the blackest treachery to Holmes to draw back now from the part which he had intrusted to me.","Na bado itakuwa khiana blackest kwa Holmes kuteka nyuma sasa kutoka sehemu ambayo alikuwa intrusted kwangu."
"I get my day out once a month same as th' rest.","Mimi kupata siku yangu nje mara moja kwa mwezi sawa na wengine th '."
"I have held them in my open hand at such a time, and still their only care, obedient to their mother and their instinct, was to squat there without fear or trembling.","Mimi kuwaweka katika mkono wangu wa wazi kwa wakati huo, na bado wao tu huduma, mtiifu kwa mama yao na silika yao, ilikuwa squat huko bila hofu au kutetemeka."
"Presently a rioting noise was heard without.","Hivi sasa kelele maandamano bila ilisikika."
"Candy, sir?","Pipi, sir?"
"At last extinguishing the fire, he took the idol up very unceremoniously, and bagged it again in his grego pocket as carelessly as if he were a sportsman bagging a dead woodcock.","Wakati wa mwisho kuzimia moto, alichukua sanamu unceremoniously up sana, na walichukua ni tena katika mfuko wake grego kama ovyo kama angekuwa amekufa sportsman bagging woodcock."
"To hear true shrift.--Come, madam, let's away, [Exeunt Montague and Lady.]","Kusikia shrift kweli .-- Njoo, bibie, hebu mbali, [Exeunt Montague na Lady.]"
"Folding back the counterpane, I stooped over the bed.","Folding nyuma counterpane, mimi akainama juu ya kitanda."
"I have been feasting with mine enemy; Where, on a sudden, one hath wounded me","Nimekuwa karamu na adui yangu; wapi, kwa ghafla, na mmoja aliye na waliojeruhiwa mimi"
"It was not enough love from my dad, he was always busy and that kind of stuff, so.","Ni upendo wa kutosha kutoka kwa baba yangu, alikuwa siku zote busy na kwamba aina ya mambo, hivyo."
"Though news be sad, yet tell them merrily;","Ingawa habari kuwa na huzuni, lakini kuwaambia merrily;"
"'And washing?' said the Mock Turtle.","'Na kuosha?' Alisema Turtle Wamdhihaki."
"How can you reach inside and interact with the digital information using the full dexterity of our hands?","Unawezaje kufika ndani na kucheza na taarifa za kidigitali kwa kutumia miondoko kamili ya mikono yetu?"
"Mary cried.","Mary kelele."
"They would be different from the birds in India and it might amuse her to look at them.","Wawe tofauti na ndege katika India na inaweza amuse yake kuangalia yao."
"Baker Farm.","Baker Farm."
"The city has some of the most beautiful architecture in the world, but it also has one of the highest amounts of abandoned properties in America.","Mji huu una baadhi ya majengo ambayo ni mazuri sana katika dunia,lakini pia una namba kubwa ya majengo yaliyotelekezwa katika nchi ya Marekani"
"'I said pig,' replied Alice; 'and I wish you wouldn't keep appearing and vanishing so suddenly: you make one quite giddy.'","'I alisema nguruwe,' Alice alijibu; 'na napenda bila kuweka kuonekana na kutoweka hivyo ghafla: kufanya moja giddy kabisa."
"But then, when I found how I had betrayed myself, I began to think.","Lakini basi, mimi sikuona jinsi mimi alikuwa atakayemsaliti mwenyewe, mimi alianza kufikiri."
"They heard Marvel squeal like a caught leveret, and forthwith they were clambering over the bar to his rescue.","Usistaajabu waliposikia squeal kama leveret hawakupata, na mara walikuwa clambering juu ya bar ya kuwaokoa yake."
"We call it the 'Western Roman Empire'","Tunaiita Dola ya Kirumi ya Magharibi."
"Well, then, let's be off.","Vizuri, basi, hebu kuwa mbali."
"Dickon's curious blue eyes grew rounder and rounder.","Curious Dickon ya macho ya bluu ilikua rounder na rounder."
"I thought, as I have my living to get, and have not eaten to-day, that I might go a- fishing.","Mimi mawazo, kama mimi na uhai wangu, kupata, na si kuliwa hadi siku, ili go- uvuvi."
"Be in your chamber then at that hour, and do not take it amiss if your visitor wear a mask.""","Kuwa katika chumba yako basi katika saa ile, na wala kuchukua ni kibaya kama mgeni wako kuvaa mask. """
"So I put the lights. You can see at the back, those are the lion lights.","Niliweka hizo taa.unaweza kuona kwa nyuma,hizo ni taa za simba."
"""And I had never seen,"" he shouted; then suddenly bit his lip and frowned.","""Na sijawahi kuona,"" alisema kelele, kisha ghafla kidogo mdomo wake na kipaji."
"So I decided to drop out and trust that it would all work out OK.","Basi nikakata shauri kuachana na masomo nikiamini mambo yatakuwa shwari."
"The cell phone you are tring to reach is off.","Kiini simu wewe ni tring kufikia ni mbali."
"Alice did not much like keeping so close to her: first, because the Duchess was VERY ugly; and secondly, because she was exactly the right height to rest her chin upon","Alice hakuwa na kiasi kama kuweka hivyo karibu yake: kwanza, kwa sababu Duchess sana mbaya, na pili, kwa sababu alikuwa hasa urefu haki ya kupumzika kidevu yake juu ya"
"He remained staring about him, rotating slowly backwards.","Alikaa staring juu yake, kupokezana polepole nyuma."
"To be left till called for.""","Na kuwa kushoto mpaka kuitwa kwa ajili ya. """
"PARlS Beguil'd, divorced, wronged, spited, slain!","PARIS Beguil'd, talaka, kudhulumiwa, spited, wameuawa!"
"ROMEO 'Tis the way To call hers, exquisite, in question more:","Romeo 'tis njia na wito wa kwake, exquisite, katika swali zaidi:"
"""What happened to the roses?"" Mary asked again, more interested than ever. ""They was left to themselves.""","""Ni nini kilichotokea kwa roses?"" Mariamu akamwuliza tena, zaidi ya nia ya milele."
"""Who's moving on?"" said Mr. Marvel.","""Nani kuhama?"" Alisema Bw Usistaajabu."
"His grandfather was a royal duke, and he himself has been to Eton and Oxford.","Babu yake alikuwa duke wa kifalme, na yeye mwenyewe imekuwa Eton na Oxford."
"But why, after displaying so much cunning, did he invariably betray himself the moment he came up by that loud laugh?","Lakini kwa nini, baada ya kuonyesha kiasi ujanja, alifanya yeye mwenyewe invariably kumsaliti wakati yeye alikuja na kucheka kuwa kubwa?"
"This precious book of love, this unbound lover,","Hii kitabu thamani ya upendo, hii lover unbound,"
"""He is dead,"" cried several voices.","""Yeye ni wafu,"" kelele sauti kadhaa."
"In another moment Mr. Cuss was back in the parlour.","Wakati mwingine Mheshimiwa mzaha alikuwa nyuma katika Parlor."
"Martha said, going back to her hearth.","Martha alisema, kurejea makaa yake."
"On Venus, most of it is in the atmosphere.","Katika Zuhura, kaboni nyingi bado iko angani."
"Let this be a lesson to you never to lose YOUR temper!'","Basi hii ni fundisho kwa kamwe kupoteza hasira yako! '"
"And then I got fired.","Kisha nikafukuzwa kazini."
"Farewell, dear father.","Farewell, dear baba."
"Alas! it was too late to wish that!","Ole! ilikuwa ni kuchelewa mno na unataka kuwa!"
"The United States is one of the two largest emitters, along with China.","Marekani ni moja ya nchi mbili kubwa zinazotoa gesi joto, sambamba na China."
"Then there is no more to be done in the matter.","Basi hakuna zaidi ya kufanywa katika jambo."
"She worked and dug and pulled up weeds steadily, only becoming more pleased with her work every hour instead of tiring of it.","Alifanya kazi na kuchimbwa na vunjwa juu magugu kasi, tu kuwa zaidi radhi na kazi yake kila saa badala ya chovu yake."
"'It's the oldest rule in the book,' said the King.","'Ni utawala wa zamani katika kitabu,' alisema Mfalme."
"I protest unto thee,--","Mimi kupinga kwa kwako -"
"She gave me a good character, But said I could not swim.","Yeye alinipa tabia nzuri, Lakini alisema sikuweza kuogelea."
"Surely all this is not without meaning.","Hakika yote hii si isiyo na maana."
"But people like you really make college look undesirable.","Lakini watu kama wewe kweli kufanya chuo kuangalia undesirable."
"He pointed to the middle of the page.","Alisema katikati ya ukurasa."
"Perhaps his father noticed his good intentions, for he did not disrupt Gregor in this motion, but with the tip of the cane from a distance he even directed","Labda baba yake niliona dhamira yake nzuri, kwa hakuwa na kuharibu Gregor katika mwendo huu, lakini kwa ncha ya miwa kutoka umbali hata kwa madhumuni"
"NURSE Madam!","Muuguzi Madam!"
"Chapter I. Down the Rabbit-Hole","Sura ya I. Down Rabbit Hole-"
"I turned round from eyeing the bed, but he had disappeared.","Mimi aligeuka kutoka yakiangalia kitandani, lakini alikuwa na kutoweka."
"WALLEN; A.S. WALW-IAN, to roll, to wallow.""","WALLEN; AS WALW-Ian, kwa roll, kwa wallow ""-."
"It's colder here, right?","Ni baridi hapa, sawa?"
"""There now!"" she exclaimed, ""if that wasn't one of th' things mother said.","""Kuna sasa!"" Yeye akasema, ""kama kwamba hakuwa mmoja wa mama th 'vitu alisema."
"She's not going far away.","Yeye si kwenda mbali."
"""Here he is!"" said the barman.","""Hapa!"" Alisema barman."
"""Five attempts have been made.","""Majaribio Five yamefanywa."
"After that, tap on your keyboard to sync them with the video.","Swahili"
"You see, Mr. Manager, I am not pig-headed, and I am happy to work.","Unaweza kuona, Mheshimiwa Meneja, mimi si nguruwe-headed, na mimi ni furaha ya kufanya kazi."
"It looked as if the pair might take an immediate departure, and so necessitate very prompt and energetic measures on my part.","Ilikuwa inaonekana kama jozi inaweza kuchukua kuondoka mara moja, na hivyo mashurti haraka sana na juhudi hatua kwa upande wangu."
"Making them women of good carriage:","Maamuzi yao wanawake wa gari nzuri:"
"Dr. Kemp's scientific pursuits have made him a very observant man, and as he recrossed the hall, he noticed a dark spot on the linoleum near the mat at the foot of the stairs.","Dk Kemp wa shughuli za kisayansi kuwa alifanya naye mtu mwangalifu sana, na kama yeye recrossed ukumbi, yeye niliona giza doa linoleum karibu kitanda katika mguu wa ngazi."
"We will work together!""","Sisi kazi pamoja! """
"I'm glad that I understand you guys.","Nina furaha kwamba mimi kuelewa guys wewe."
"I'm a bit behind than the other girls, but being an idiot that you are, you won't understand what I mean, will you?","Mimi ni kidogo nyuma ya wasichana wengine, Lakini kuwa idiot kwamba wewe ni, huwezi kuelewa ninachomaanisha, je?"
"To comfort thee, though thou art banished.","Kwa faraja yako, ingawa wewe wametengwa."
"Do cats eat bats?' and sometimes,","Je paka kula bats '? Na wakati mwingine,"
"It was because it had been shut up so long that she wanted to see it.","Ni kwa sababu ilikuwa imefungwa juu ya muda mrefu kuwa anataka kuona."
"PETER Anon.","PETER Anon."
"I suppose I ought to eat or drink something or other; but the great question is, what?' The great question certainly was, what?","Mimi nadhani ni lazima kula au kunywa kitu au nyingine, lakini swali kubwa ni, nini swali kubwa alikuwa hivyo nini?"
"""Nothing to complain of, sir.","""Hakuna wa kulalamika, Mheshimiwa."
"That your eye was as steady as ever;","Kwamba jicho lako ni kama steady kama milele;"
"156 nations carry our television channel.","Nchi 156 zinarusha matangazo ya televisheni yetu."
"Some say the lark and loathed toad change eyes; O, now I would they had chang'd voices too!","Wengine wanasema Lark na waliowachukia macho mabadiliko ya chura; O, sasa napenda walikuwa chang'd sauti pia!"
"""I have nothing to do to-day.","""Nina kitu cha kufanya kwa siku."
"PRlNCE Then say at once what thou dost know in this.","PRINCE Kisha kusema mara moja unajua nini wewe katika hili."
"'Of course,' the Dodo replied very gravely.","'Bila shaka,' Dodo alijibu vikubwa sana."
"But it was the best part of two hours before any human being ventured out again into the desolation of Iping street. &gt;","Lakini ilikuwa ni sehemu bora ya saa mbili kabla ya binadamu yoyote ventured nje tena ukiwa wa Iping mitaani. &gt;"
"Say you are in the country; in some high land of lakes.","Sema wewe ni katika nchi, katika nchi baadhi ya juu ya maziwa."
"""Gondibert.""","""Gondibert."""
"Aye, well mightest thou fear the Lord God","Aye, pamoja na wewe uweze kujionea mwenyewe Bwana Mungu"
"Appear thou in the likeness of a sigh:","Wewe kuonekana katika mfano wa sigh:"
"SAMPSON Is the law of our side if I say ay?","Sampson Je, Sheria ya upande wetu kama mimi kusema ay?"
"So we need to question how to balance large projects, or what people believe to be development, with improving the quality of people's lives.","Kwa hiyo, tunataka kuhoji jinsi ya kuleta uwiano katika miradi mikubwa, au kile watu wanachoamini kuwa ndiyo maendeleo, kwa kukuza ubora wa maisha yao."
"I surprised you by beating upon the pavement with my stick.","Mimi kushangazwa na wewe kwa kumpiga juu ya lami na fimbo yangu."
"His manner was very sober and set; his bearing was that of a naturally taciturn man possessed by an idea.","Namna yake ilikuwa sana kiasi na kuweka; kuzaa wake ulikuwa ni wa kawaida nyamafu mtu mwenye wazo."
"Go, waken Juliet; go and trim her up; I'll go and chat with Paris:--hie, make haste,","Kwenda, waken Juliet; kwenda na trim yake juu; nitakwenda na kuzungumza na Paris: - hie, kufanya haraka,"
"If that thy bent of love be honourable, Thy purpose marriage, send me word to-morrow,","Kama hiyo bent wako wa upendo kwa heshima, wako madhumuni ndoa, tuma mimi neno kesho,"
"Give it a try at translate.google.com.","Jaribu kwenye translate.google.com."
"""How far off?""","Jinsi mbali mbali """
"Ben Weatherstaff laughed outright.","Ben Weatherstaff alicheka kabisa."
"I knew that this forgotten little street-end, abandoned like the dog that brought me there, was worth saving.","Nilijua kuwa huu mtaa mdogo uliosahauliwa, uliotupwa kama mbwa wangu aliyenileta hapaleo, ulikuwa na haki ya kusaidiwa."
"I have no joy of this contract to-night; It is too rash, too unadvis'd, too sudden;","Sina furaha ya hii ya mkataba na-usiku; Ni pia upele, pia unadvis'd, pia ghafla;"
"Well, we are both young and hopefully we will get along together well, because we need more experience.","Naam, sisi ni vijana na hopefully tutakuwa kupata pamoja pamoja pia, kwa sababu tunahitaji zaidi uzoefu."
"""Yesterday.""","""Jana."""
"For all his tattooings he was on the whole a clean, comely looking cannibal.","Kwa tattooings wake wote alikuwa juu ya wote safi, inafaa kuangalia cannibal."
"No matter how hard he threw himself onto his right side, he always rolled again onto his back.","Hakuna jambo jinsi ngumu akatupa mwenyewe kwenye upande wake wa kulia, daima akavingirisha tena kwenye nyuma yake."
"It was as he expected. The bed, the room also, was empty.","Ni kama ilivyotarajiwa. kitanda, chumba pia, ilikuwa tupu."
"I will go along: An if you leave me so, you do me wrong.","Nitakwenda pamoja: kama wewe kuondoka hivyo, kufanya mimi vibaya."
"Everything is affected.","Kila kitu kinaathirika."
"He made a sweeping bow to the three of us and walked quietly off in the custody of the detective.","Yeye alifanya upinde yanayojitokeza kwa sisi watatu na kutembea kimya kimya mbali katika ulinzi wa upelelezi."
"So the idea with online stores is to make it easier to find the right applications, and to make it easier for the developers to make money.","Hivyo wazo na maduka online ni kufanya iwe rahisi kupata maombi ya haki, na ili iwe rahisi kwa watengenezaji na kufanya fedha."
"How can you be so selfish?","Unawezaje kuwa hivyo ubinafsi?"
"She would rush to secure it. The alarm of fire was admirably done.","Angeweza kukimbilia kwa salama yake. kengele ya moto admirably kufanyika."
"It was against her will to marry me.","Ilikuwa dhidi yake mapenzi kuoa mimi."
"""Can tha' sew?""","""Je, tha 'kushona?"""
"Stay but a little, I will come again.","Kukaa lakini kidogo, nitakuja tena."
"'I--I'm a little girl,' said Alice, rather doubtfully, as she remembered the number of changes she had gone through that day.","'I - Mimi ni msichana mdogo,' alisema Alice, badala doubtfully, kama alikumbuka idadi ya mabadiliko alikwenda kwa njia ya siku hiyo."
"Put a price on carbon.","Weka bei kwenye kaboni."
"The only two countries that didn't ratify","Nchi mbili pekee ambazo hazikuridhia"
"Alice looked all round her at the flowers and the blades of grass, but she did not see anything that looked like the right thing to eat or drink under the circumstances.","Alice akatazama pande zote wake kwa vile maua na nyasi, lakini yeye hakuwa na kuona kitu kwamba inaonekana kama jambo la haki ya kula au kunywa chini ya mazingira."
"We started Universal Subtitles because we believe every video on the web should be subtitle-able.","Swahili 1 Swahili 2"
"There is really no basis for the criticisms which you're now making against me, and really nobody has said a word to me about that.","Kuna kweli hakuna msingi wa upinzani ambao uko sasa kufanya juu yangu, na kweli hakuna mtu amesema neno na mimi kuhusu hilo."
"One more round, okay?","Moja zaidi pande zote, okay?"
"Perhaps it was because she had nothing whatever to do that she thought so much of the deserted garden.","Pengine ni kwa sababu yeye hakuwa na kitu chochote kwa kufanya hivyo alidhani kiasi ya bustani faragha."
"- Grandpa!","- Babu!"
"This is what's happened in the last 28 years.","Haya ndio yaliyotokea miaka 28 iliyopita."
"After six months, I couldn't see the value in it.","Baada ya muda wa miezi sita sikuona thamani ya masomo hayo."
"He chuckled to himself and rubbed his long, nervous hands together.","""Yeye mwenyewe na chuckled rubbed muda wake, neva mikono pamoja."
"SERVANT God gi' go-den.--I pray, sir, can you read?","Mtumishi wa Mungu GI 'go-pango .-- mimi kuomba, sir, unaweza kusoma?"
"""Very,"" he said.","""Sana,"" alisema."
"But Jaffers lay quite still, face upward and knees bent, at the foot of the steps of the inn. &gt;","Lakini Jaffers kuweka bado kabisa, zaidi uso na magoti bent, katika mguu wa hatua ya nyumba ya wageni. &gt;"
"In bespeaking his sea-outfit, he orders bell-buttons to his waistcoats; straps to his canvas trowsers.","Bespeaking wake katika bahari-outfit, yeye amri kengele kifungo kwa waistcoats yake; straps kwa canvas yake trowsers."
"""Then you may entirely rely on me.""","""Basi unaweza kabisa kutegemea yangu."""
"JULlET O God!--O nurse! how shall this be prevented?","Juliet Ee Mungu - O muuguzi! jinsi huyu atakuwa kuzuiwa?"
"That's three times."" ""My word!","Hiyo ni mara tatu. "" Neno langu!"
"'Sentence first--verdict afterwards.'","'Sentensi ya kwanza -. Uamuzi baadaye'!"
"45) has cut the debt has remained the same? the only ones I still have my doubts","45) zile ata mtu kwamba hajalipa alafu kakatwa vilevile hapo tu ndio mimi bado wasiwasi wangu"
"And the coal industries and the oil industries spent a quarter of a billion dollars in the last calendar year promoting clean coal, which is an oxymoron.","Na viwanda vya makaa ya mawe na viwanda vya mafuta vilitumia dola robo bilioni katika mwaka wa kalenda uliopita kutangaza makaa safi ya mawe, ambayo ni utatanishi."
"--BLACKSTONE.","- Blackstone."
"-some of them.""","-Baadhi yao. """
"No doubt there was a slight uneasiness in the air, but people for the most part had the sense to conceal whatever imaginative qualms they experienced.","Bila shaka kulikuwa na shaka kidogo katika hewa, lakini watu kwa sehemu kubwa na maana kuficha chochote kinyongo ubunifu wao na uzoefu."
"Nothing visible for miles except the bosom of Nature.","Hakuna inayoonekana kwa maili ila kifuani ya Nature."
"With Tybalt's slander,--Tybalt, that an hour Hath been my kinsman.--O sweet Juliet,","Pamoja na kashfa ya Tybalt, - Tybalt, kwamba saa amekuwa jamaa yangu .-- O tamu Juliet,"
"Pray, what is the reason of that?'","Kuomba, ni nini sababu ya kwamba?"
"Not at present, certainly.","Si kwa sasa, bila ya shaka."
"The community created an alternative transportation plan that allows for the removal of the highway.","Jumuia ilitengenza mpango wa mbadala wa usafiri ambao uliruhusu kuondolewa kwa njia kubwa."
"What d'yer mean by letting a man make a fool of himself like that for?","Nini d'yer maana kwa kuruhusu mtu kufanya mjinga wa nafsi yake kama kwamba kwa?"
"It was of a dark, purplish, yellow colour, here and there stuck over with large blackish looking squares.","Ni rangi ya giza, purplish, njano, hapa na pale juu ya kukwama kwa mraba kubwa blackish kuangalia."
"'Stolen!' the King exclaimed, turning to the jury, who instantly made a memorandum of the fact.","'Stolen!' Mfalme akasema, kugeuka kwa jury, ambaye mara moja alifanya mkataba la ukweli."
"She led him round the laurel path and to the walk where the ivy grew so thickly.","Yeye wakampeleka pande zote na kwa njia Laurel kutembea ambapo ivy ilikua hivyo thickly."
"Mary felt as if the drive would never come to an end and that the wide, bleak moor was a wide expanse of black ocean through which she was passing on a strip of dry land.","Mary waliona kama kama gari kamwe kuja na mwisho na kwamba kote, Moor na giza ilikuwa tandiko ya bahari nyeusi kwa njia ambayo yeye anapita juu ya ukanda wa nchi kavu."
"I'm in charge here now.","Mimi nina katika malipo hapa sasa."
"And let's think.","Na tufikirie"
"'But perhaps he can't help it,' she said to herself; 'his eyes are so VERY nearly at the top of his head.","'Lakini labda hawezi kusaidia, ""alisema na yeye mwenyewe;' macho yake ni karibu sana katika juu ya kichwa chake."
"She skipped down the walk toward him and he lifted his head and looked at her with a curious expression.","Yeye skipped chini kutembea kwake na alipoinua kichwa yake na kuangalia saa yake na curious kujieleza."
"Some word there was, worser than Tybalt's death, That murder'd me: I would forget it fain;","Baadhi ya neno kuna, worser kuliko kifo Tybalt, ili murder'd mimi napenda kusahau ni Wanatafuta;"
"'Keep your temper,' said the Caterpillar.","'Keep hasira yako, 'alisema Caterpillar."
"Later, however, they had to hold her back forcefully, and when she then cried ""Let me go to Gregor.","Baadaye, hata hivyo, walikuwa na kushikilia yake ya nyuma kwa nguvu, na wakati yeye basi kelele ""Acha! kwenda Gregor."
"Good night, good night! parting is such sweet sorrow","Usiku nzuri, nzuri usiku! zimefunguliwa ni tamu huzuni vile"
"Gottsreich Sigismond von Ormstein, Grand Duke of Cassel-Felstein, and hereditary","Gottsreich Sigismond von Ormstein, Grand Duke wa Cassel-Felstein, na hereditary"
"O dear account! my life is my foe's debt.","O wapenzi akaunti! maisha yangu ni deni adui yangu."
"He started me off upon the letter A, and then he left me; but he would drop in from time to time to see that all was right with me.","Alianza mimi mbali juu ya barua, na kisha yeye kushoto kwangu, lakini bila kushuka katika kutoka mara kwa mara ili kuona kwamba yote yalikuwa sahihi na mimi."
"That Romeo bid thee fetch?","Kwamba Romeo jitihada yako kuchota?"
"china china light from china battery light","mchina mchina taa za kichina hizi betri"
"What's this, a flower garden?","Ni nini hii, bustani ya maua?"
"You pervert!","You kuipotosha!"
"""The door's shut.","""Mlango wa kufunga."
"""Griffin?"" said Kemp.","""Griffin?"" Alisema Kemp."
"She had wandered about long enough to feel too tired to wander any farther, and she turned back.","Alikuwa tanga kuhusu muda wa kutosha kwa kuhisi pia amechoka tanga yoyote mbali zaidi, na yeye akageuka nyuma."
"No. I'm not angry.","No mimi nina hasira."
"Unto my cell.","Kwa kiini yangu."
"Thy head is as full of quarrels as an egg is full of meat; and yet thy head hath been beaten as addle as an egg for quarrelling.","Kichwa chako ni kama kamili ya ugomvi kama yai ni kamili ya nyama, na bado kichwa yako ana imekuwa kupigwa kama addle kama yai kwa ugomvi."
"GREGORY Do you quarrel, sir?","Gregory Je, ugomvi, sir?"
"Nothing in the world is quite as adorably lovely as a robin when he shows off--and they are nearly always doing it.","Hakuna chochote katika dunia kabisa kama adorably lovely kama robin wakati inaonyesha mbali - na wao ni karibu mara nyingi kufanya hivyo."
"I must compliment you."" ""And I you,"" Holmes answered.","Mimi lazima pongezi wewe. "" Na mimi wewe, ""Holmes akajibu."
"Finis! the potent word that exorcises from the house of life the haunting shadow of fate.","Tamati! neno potent kwamba exorcises kutoka nyumba ya maisha kivuli haunting ya hatima."
"Sergei YOU ARE NOT GOlNG TO AMERlCA","Sergei Wewe si kwenda na Marekani"
"He knows my father.","Yeye anajua baba yangu."
"... and The Hand.... [audience applauses]","Utaona: Mimi! na Mkono!"
"To her surprise the surly old weather- beaten face actually changed its expression. A slow smile spread over it and the gardener looked quite different.","Kwa mshangao runda umri wa hali ya hewa-kupigwa uso kweli iliyopita yake kujieleza. tabasamu polepole kuenea juu yake na mkulima inaonekana tofauti kabisa."
"What happened.","Kile kilichotokea."
"The King looked anxiously at the White Rabbit, who said in a low voice, 'Your","Mfalme akatazama anxiously katika Rabbit White, ambaye alisema kwa sauti ya chini, 'yako"
"""Here they saw such huge troops of whales, that they were forced to proceed with a great deal of caution for fear they should run their ship upon them.""","""Hapa waliona askari hayo makubwa ya nyangumi, kwamba walikuwa wanalazimika kuendelea na kubwa mpango wa tahadhari kwa hofu wanapaswa kuendesha meli zao juu yao. """
"He invited me over at his house.","Akamwalika yangu juu katika nyumba yake."
"I'm just teaching my wife a lesson, like a real man!","Mimi tu kufundisha somo mke wangu, kama mtu halisi!"
"Yeah, he does look familiar.","Yeah, hajui kuangalia familiar."
"Here is the lower atmosphere.","Hapa ni anga za chini."
"He will be here any minute.","Yeye atakuwa hapa dakika yoyote."
"I think so too.","Nadhani hivyo pia."
"""It's time for thee to get up now,"" she said.","""Ni wakati wa wewe kupata hadi sasa,"" alisema alisema."
"Cool roofs are highly-reflective surfaces that don't absorb solar heat, and pass it on to the building or atmosphere.","Paa nzuri ambazo hazinyonyi joto la jua na kuipitsha kwenye jengo au hewa."
"I've had enough"" or something like that.","Nimepata kutosha ""au kitu kama hicho."
"To produce a district level disaster response plan.","Kuanzisha mpango wa kukabiliana na majanga katika ngazi ya wilaya"
"I'm gonna pray to God that our marriage is gonna last forever and we are going to spend to death and die in the same day.","Mimi nina gonna kuomba kwa Mungu kwamba ndoa yetu ni gonna mara milele na sisi ni kwenda kutumia kifo na kufa siku hiyo hiyo."
"Go visit the Prairies in June, when for scores on scores of miles you wade knee- deep among Tiger-lilies--what is the one charm wanting?--Water--there is not a drop of water there!","Kwenda kutembelea Prairies katika Juni, wakati kwa alama juu ya alama ya maili wade goti- kina kati ya maua-Tiger - nini charm moja kutaka - Maji - kuna hata tone ya maji hapo!"
"On the white wonder of dear Juliet's hand, And steal immortal blessing from her lips;","On ajabu nyeupe ya mkono wapenzi Juliet, na kuiba baraka milele kutoka midomo yake;"
"Thou wilt be taken.--Stay awhile;--Stand up; [Knocking.]","Utakacho kuchukuliwa Kukaa muda .--, - Simama, [. Kugonga]"
"'Ah! then yours wasn't a really good school,' said the Mock Turtle in a tone of great relief.","'Ah! basi yako wasn'ta mzuri shule, 'alisema Turtle Wamdhihaki katika sauti ya kubwa ya misaada."
"I'm just 17~","I am just 17 ~"
"""Spain--a great whale stranded on the shores of Europe.""","""Hispania - nyangumi kubwa stranded katika mwambao wa Ulaya."""
"And I started in our medical university, Karolinska Institute, an undergraduate course called Global Health.","Na nilianzia kwenye chuo chetu cha utabibu, Taasisi ya Karolinska, kozi ya shahada ya kwanza iliyoitwa Afya ya Ulimwengu."
"Miss Kim...","Miss Kim..."
"He sits here with us at the table and reads the newspaper quietly or studies his travel schedules.","Ameketi hapa kwetu katika meza ya wasomaji na gazeti kimya kimya au masomo ya kusafiri yake ratiba."
"Indian servants were commanded to do things, not asked.","Watumishi Hindi waliagizwa kufanya mambo, si aliuliza."
"Bohemia, not far from Carlsbad.","Bohemia, mbali na Carlsbad."
"But to himself so secret and so close, So far from sounding and discovery,","Lakini kwa mwenyewe hivyo siri na hivyo karibu, hivyo mbali na sounding na ugunduzi,"
"In 1957, five missionaries attempted contact and made a critical mistake.","Mnamo mwaka 1957, wamishonari watano walijaribu kuwatembelea na wakafanya kosa kubwa."
"'A likely story indeed!' said the Pigeon in a tone of the deepest contempt.","'Hadithi uwezekano kweli!' Alisema Pigeon katika sauti ya dharau kamili."
"Alice was silent.","Alice alikuwa kimya."
"ROMEO A thousand times the worse, to want thy light!-- Love goes toward love as schoolboys from their books;","Romeo mara elfu zaidi kwa kutaka nuru yako - Love huenda katika upendo kama schoolboys kutoka katika vitabu vyao!;"
"I smiled to think that, after all, it was yet he, of us two, who had the light.","I smiled kufikiri kwamba, baada ya yote, bado na yeye, ya sisi wawili, ambao walikuwa na nuru."
"I asked. ""'Oh, merely a couple of hundred a year, but the work is slight, and it need not interfere very much with one's other occupations.'","Mimi aliuliza. ""'Oh, mia kadhaa tu kwa mwaka, lakini kazi ni kidogo, na haja ya kuingilia sana na kazi ya mtu mwingine. '"
"""You needn't be so vexed.","""Unapaswa kuwa hivyo wanasumbuliwa."
"Stay away from me.","Kaa mbali na mimi."
"PRlNCE Rebellious subjects, enemies to peace, Profaners of this neighbour-stained steel,--","PRINCE waasi masomo, maadui kwa amani, Profaners ya chuma jirani-kubadilika, -"
"- Now!","- Sasa!"
"""I know how to write,"" Mary answered.","""Najua jinsi ya kuandika,"" Maria akasema."
"You know nothing about India.","Unajua chochote kuhusu India."
"'Sit down, all of you, and listen to me!","'Kaa chini, ninyi nyote, na sikilizeni!"
"But he was wrong.","Demitry alidhani anaweza kuja hapa na kutuambia nini cha kufanya? Lakini alikuwa wrong.G"
"For human society I was obliged to conjure up the former occupants of these woods.","Kwa jamii ya binadamu mimi alilazimika conjure juu ya wakazi wa zamani wa Woods haya."
"Martha, the young housemaid, who had just risen to her feet, looked and pointed also.","Martha, housemaid vijana, ambao ndiyo tu kufufuka kwa miguu yake, na inaonekana pia alisema."
"Jeez...","Jeez..."
"It's named Soot because it's so black, an' it hops an' flies about with him everywhere."" The time had come when Mary had forgotten to resent Martha's familiar talk.","Ni jina masizi kwa sababu ni hivyo nyeusi, 'ni humle' nzi pamoja naye kuhusu kila mahali. ""muda umewadia wakati Maria walikuwa wamesahau kwa atapewa Martha wa ukoo majadiliano."
"Oh! most contemptible and worthy of all scorn; with slouched hat and guilty eye, skulking from his God; prowling among the shipping like a vile burglar hastening to cross the seas.","Oh! mnyonge zaidi na unastahili yote dharau; na kofia slouched na jicho na hatia, skulking kutoka kwa Mungu wake; prowling kati ya meli kama burglar mbovu mbio kwa msalaba bahari."
"So I am happy tonight, I am not worried about anything.","Kwa hivyo, leo usiku nina furaha, sina wasiwasi kuhusu kitu chochote."
"Martha looked reflective again.","Martha inaonekana kutafakari tena."
"""Then, as to money?"" ""You have carte blanche.""","""Ama fedha?"" ""Una carte Blanche."""
"And she brings news; and every tongue that speaks But Romeo's name speaks heavenly eloquence.--","Na yeye hutoa habari, na kila ulimi kinasema Lakini jina Romeo ya anaongea ufasaha mbinguni .--"
"This idea sprang from the brain of Mr. Teddy Henfrey.","Wazo hili ulianza kutoka kwenye ubongo wa Mheshimiwa Teddy Henfrey."
"But we have to be careful, for we have twice been deceived by wigs and once by paint.","Lakini tunatakiwa kuwa makini, kwa kuwa sisi mara mbili wamekuwa kudanganywa na wigs na mara moja na rangi."
"Anyway, what brings you here?","Anyway, kile huleta wewe hapa?"
"""Ow!"" he said.","""Ow!"" Alisema."
"Perhaps his parents were sitting with the manager at the table whispering; perhaps they were all leaning against the door listening.","Labda wazazi wake walikuwa wamekaa na meneja wa whispering meza, labda wote walikuwa leaning dhidi ya kusikiliza mlango."
"""They're boots, anyhow,"" said the Voice.","""Wao ni viatu, anyhow,"" alisema Voice."
"""Aye, he knows thee,"" said Dickon in his low voice again.","""Aye, anajua wewe,"" alisema Dickon katika sauti yake ya chini tena."
"CHORUS Two households, both alike in dignity,","CHORUS mbili kaya, wote sawa katika utu,"
"As it is, parts of her back country are enough to frighten one, they look so bony. The town itself is perhaps the dearest place to live in, in all New England.","Kama ilivyo, sehemu ya nchi yake ya nyuma ni wa kutosha kuitisha moja, wao kuangalia hivyo bony. mji yenyewe ni mahali pengine wapendwa wangu kuishi, katika yote New England."
"And after that, as his peculiar qualities allowed, he passed out of human perceptions altogether, and he was neither heard, seen, nor felt in Iping any more.","Na baada ya kuwa, kama sifa zake pekee kuruhusiwa, akapita nje ya maoni ya binadamu kabisa, na alikuwa kamwe kusikia, kuona, wala waliona katika Iping yoyote zaidi."
"Mary listened to her with a grave, puzzled expression. The native servants she had been used to in India were not in the least like this.","Mary kusikiliza yake na kujieleza kaburi, puzzled. watumishi uliotokea yeye alikuwa kutumika katika India hawakuwa katika angalau kama hii."
"'Point out my state-room, Sir,' says Jonah now, 'I'm travel-weary; I need sleep.'","'Point nje wangu hali ya chumba, Bwana,' anasema Yona hivi sasa, 'mimi nina kusafiri-kuchoka, mimi haja ya kulala.'"
"On the contrary, it's a complex metaphysical worldview. It's interesting.","Kinyume chake, ni mtazamo fulani wa ulimwengu nje ya maumbile. inashangaza."
"So I don't have a problem with developers making money. There's enough precedent out there to show that a sustainable, community-friendly development can still make a fortune.","Kuna precedent ya kutosha huko kuonyesha kuwa maendeleo endelevu ya jumuia bado yanaweza kuleta utajiri."
"- To Sangmin!","- Ili Sangmin!"
"What brought you to LA?","Kuletwa kwa nini wewe LA?"
"As we said, a baby is born with 100 billion neurons, but those quadrillion connections, they're not there yet.","Tulivyosema, mtoto huzaliwa na neuroni billioni 100 lakini mahusiano hayo quadrillioni hayamo akilini"
"Soon gave me to know I had nothing to dread.","Hivi karibuni alinipa kujua mimi hawakuwa na hofu."
"""I never thought of that.","""Mimi kamwe mawazo ya kwamba."
"How will Boeun paint that huge wall by herself?","Vipi Boeun rangi kwamba ukuta mkubwa kwa mwenyewe?"
"Boeun, Miss Kim's at the door!","Boeun, Miss Kim ni mlangoni!"
"Mrs. Medlock came and looked at her every day or two, but no one inquired what she did or told her what to do.","Bi Medlock Alikuja na kumwangalia siku yake ya kila moja au mbili, lakini hakuna mtu akauliza nini yeye gani au aliiambia yake nini cha kufanya."
"""Put on tha' things and run an' skip out o' doors,"" said Martha.","""Vaa tha 'vitu na kukimbia' ruka nje o ' milango, ""alisema Martha."
"The game was ne'er so fair, and I am done.","Mchezo ulikuwa ne'er wazuri, na mimi ni kosa."
"But what you'll find is that there are times, and there are actually many times--","Lakini ambacho utagundua ni kuwa kuna kuzidisha na kuzidisha kwingi na sitaki kulitumia hilo neno mara nyingi katika video ya kuzidisha"
"Did murder her; as that name's cursed hand Murder'd her kinsman.--O, tell me, friar, tell me,","Je, mauaji yake, kama kwamba jina la walaani mkono Murder'd jamaa yake .-- O, niambie, friar, niambie,"
"She may be married, but she's still a 15 year old high school girl.","Anaweza kuolewa, lakini yeye bado ni miaka 15, shule ya sekondari ya msichana."
"I often take advantage of the freedom which it gives.","Mimi mara nyingi kuchukua faida ya uhuru ambayo anatoa."
"Give me a break!","Nipe mapumziko!"
"Only a woodpecker tapping.","Tu gogota tapping."
"It is her carriage.","Ni carriage yake."
"But observe his prayer, and learn a weighty lesson.","Lakini kuangalia maombi yake, na kujifunza somo nzito."
"Sub-Subs!","Sub-subs!"
"Towards him I made; but he was ware of me, And stole into the covert of the wood:","Upande wake nililofanya, lakini alikuwa walipogundua yangu, na kuiba katika sitara ya kuni:"
"Get a grip on your wife.","Kupata mtego juu ya mke wako."
"""yes--the Greek, of course, may furnish a clue.""","""Ndiyo - Kigiriki, bila shaka, inaweza furnish kidokezo."""
"BENVOLlO Tut, you saw her fair, none else being by, Herself pois'd with herself in either eye:","BENVOLIO Tut, unaona haki yake, kwa kuwa hakuna mwingine, yeye mwenyewe pois'd na yeye mwenyewe katika jicho ama:"
"Mrs. Hall, nothing loath, answered his questions and developed a conversation.","Bi Hall, kitu chukia, akajibu maswali yake na maendeleo ya mazungumzo."
"- Wow, he's so cute.","- Wow, ni cute."
"Bring forth the parties of suspicion.","Kuzaa vyama ya tuhuma."
"The runners of their sleds were originally made of fish wrapped in caribou hide.","Mikokoteni ya kuteleza kwenye barafu ilitengenezwa kwa samaki na kufunikwa kwa ngozi ya swala."
"[Enter several of both Houses, who join the fray; then enter","[Enter kadhaa ya Nyumba wote, ambaye kujiunga Fray; kisha kuingia"
"He walked swiftly and in silence for some few minutes until we had turned down one of the quiet streets which lead towards the","Akatembea snabbt na kukaa kimya kwa baadhi ya dakika chache mpaka sisi akageuka chini moja ya mitaani na utulivu ambayo risasi kuelekea"
"Don't let him know she liked them best, For this must ever be A secret, kept from all the rest, Between yourself and me.'","Je, si basi yeye kujua yeye walipenda wao bora, Kwa hili lazima daima siri, naendelea na wengine wote, kati yako na mimi. '"
"let me write this-- this is four zeros.","Hii ni nne-- hebu niandike-- hi ni sufuri-nne"
"We can't go back.","Hatuwezi kurudi nyuma."
"""Shut the doors,"" said the policeman.","""Shut milango,"" alisema polisi."
"Black and portentous must this humour prove,","Black na portentous lazima ucheshi hii kuthibitisha,"
"Thinks I, I'll wait awhile; he must be dropping in before long.","Anadhani mimi nitangoja muda, ni lazima kuacha katika kabla ya muda mrefu."
"'Oh, as to the whiting,' said the Mock Turtle, 'they--you've seen them, of course?'","'Oh, kama kwa choki,' alisema Turtle Wamdhihaki, 'wao - you've kuonekana yao, ya"
"In our age of increasing distractions, it's more important than ever to find ways to maintain perspective, and remember that life is brief and tender.","Katika wakati huu ambao kuna mambo mengi ya kututoa katika mambo muhimu, Ni muhimu sana kutafuta njia za kudumu katika mambo muhimu na kukumbuka kuwa maisha ni mafupi na mepesi"
"Riddling confession finds but riddling shrift.","Riddling hupata kukiri lakini riddling shrift."
"No, he didn't.","Hapana, hakusema hivyo."
"""Invisible Man,"" he said.","""Man siri,"" alisema."
"With swords, saws, spiral horns, or hooked fangs.""","Kwa mapanga, saw, pembe ond, au fangs yatakuwapo ""."
"However, as if to give a rough answer to this question, the manager now, with a squeak of his polished boots, took a few determined steps in the next room.","Hata hivyo, kama kutoa jibu mbaya kwa swali hili, meneja wa sasa, na squeak ya buti yake polished, alichukua hatua chache amedhamiria katika chumba ijayo."
"ROMEO O single-soled jest, solely singular for the singleness!","Romeo O single-soled mzaha, tu umoja wa fanyeni!"
"Nor was it much better by the carriage road from Brister's Hill.","Wala si bora zaidi kwa njia ya barabara gari kutoka Hill Brister ya."
"""What did I tell you?"" ""I turned round the wrong corner,"" explained Mary.","""Ni nini nawaambieni?"" ""Mimi aligeuka kona mbaya,"" alieleza Maria."
"'I know SOMETHlNG interesting is sure to happen,' she said to herself, 'whenever I eat or drink anything; so I'll just see what this bottle does.","""Najua kitu kuvutia ni uhakika wa kutokea,"" alisema moyoni mwake, 'wakati mimi kula au kunywa kitu chochote, basi mimi itabidi kuona nini chupa hii."
"Mauritius is up there.","Mauritus iko pale juu."
"It won't change anything.","Itakuwa si mabadiliko ya kitu chochote."
"Alice did not quite know what to say to this: so she helped herself to some tea and bread-and-butter, and then turned to the Dormouse, and repeated her question.","Alice haikuweza kujua nini cha kusema kwa hili: hivyo yeye mwenyewe kwa kusaidiwa na baadhi ya chai mkate-na-siagi, na kisha akageuka na Dormouse, na mara kwa mara swali lake."
"You have private property, private ownership of land.","Unakuwa na mali binafsi"
"And I laughed when I saw him in spite of myself. A wink of his eye, and a twist of his head,","Na mimi alicheka nilipomwona licha ya mwenyewe. wink ya macho yake, na twist ya kichwa chake,"
"His uncle killed his father so he can take over the family business.","Mjomba wake kuuawa baba yake ili aweze kuchukua juu ya biashara ya familia."
"Mary would have liked to ask some more questions.","Mary ingekuwa walipenda kuuliza baadhi zaidi maswali."
"He never spoke of the softer passions, save with a gibe and a sneer.","Yeye kamwe alisema tamaa laini, ila kwa gibe na sneer."
"That's why I don't want to jump in. Because if I jump in, there is no way out.","Hiyo ndiyo maana hawataki kuruka in sababu kama mimi kuruka katika, hakuna njia ya kutoka."
"Then, with a gesture of desperation, he tore the mask from his face and hurled it upon the ground.","Kisha, kwa ishara ya kukata tamaa, alirarua mask na uso wake na hurled ni juu ya ardhi."
"NURSE God in heaven bless her!--","Muuguzi Mungu mbinguni baraka yake! -"
"""Pray continue your very interesting statement.""","""Ombeni kuendelea na maelezo ya kuvutia sana."""
"Whales, sharks, and monsters, arm'd in front or jaw,","Nyangumi, papa, na monsters, arm'd mbele au taya,"
"She doesn't hold with black hersel'."" ""I hate black things,"" said Mary. The dressing process was one which taught them both something.","Yeye hana na nyeusi hersel '""."" I hate mambo weusi, ""alisema Maria. mchakato dressing ambayo ilikuwa moja kuwafundisha wote kitu."
"It is quite as much as I can do to take care of myself, without taking care of ships, barques, brigs, schooners, and what not.","Ni kabisa kama vile mimi unaweza kufanya ya utunzaji wa mwenyewe, bila kutumia huduma ya meli, barques, brigs, schooners, na kile si."
"'""Jove!"" he gasped out.","'""Jove!"" Yeye gasped nje."
"[Enter Romeo and Balthasar with a torch, mattock, &amp;c.]","[Enter Romeo na Balthasar na tochi, jembe, &amp; c.]"
"Thank you. (Applause)","Asante Sana (Makofi)"
"To speak plainly, the matter implicates the great House of Ormstein, hereditary kings of Bohemia.""","Kusema waziwazi, jambo implicates House kubwa ya Ormstein, hereditary wafalme wa Bohemia ""."
"It was universally felt in the bar that Mrs. Hall had the better of him.","Ni kwa wote waliona katika bar kwamba alikuwa bora Bi Hall yake."
"And in she went.","Na katika yeye alikwenda."
"""It sounds like the sea just now."" ""That's the wind blowing through the bushes,"" Mrs. Medlock said.","""Inaonekana kama bahari tu sasa."" ""Hiyo ni upepo unavuma kupitia misitu, ""alisema Bi Medlock."
"There's not the slightest doubt that I could kill you both and get away quite easily if I wanted to--do you understand?","Kuna mashaka kidogo kwamba mimi inaweza kuua wewe wote na kupata mbali kabisa urahisi kama nilitaka - mnaelewa?"
"Ugh, Serpent!' 'But I'm NOT a serpent, I tell you!' said","Ugh, nyoka! "" Lakini nina nyoka, nawaambieni!"
"Funny thing, that round trip around the globe took 20 milliseconds less than it takes for that brainstorm to leave its head, the head of the monkey, and reach its own muscle.","Cha kuchekesha ni kwamba, safari hiyo ilichukua milisekunde ishirini chini ya wakati dhoruba bongo inayochukua kutoka kichwani mwake, kichwa cha nyani, hadi kwenye msuli wake."
"He's th' head gardener, he is."" The robin hopped about busily pecking the soil and now and then stopped and looked at them a little.","Yeye ni kichwa th 'bustani, ni yeye. "" robin hopped kuhusu busily pecking udongo na sasa na kisha kusimamishwa na inaonekana katika yao kidogo."
"In spite of his condition he had no timidity about inching forward a bit on the spotless floor of the living room.","Licha ya hali yake hakuwa na woga juu ya inakaribia mbele kidogo juu ya asiye na doa sakafu ya chumba hai."
"I am aware that I have been on many a man's premises, and might have been legally ordered off, but I am not aware that I have been in many men's houses.","Ninatambua kuwa nimekuwa katika majengo mengi ya mtu, na pengine huenda alikuwa na kisheria amri ya mbali, lakini mimi sina ufahamu kwamba nimekuwa katika nyumba nyingi za watu."
"I give him the slip.","Mimi kumpa kuingizwa."
"In the studio Henrik Føhns and Anders Høgh Nissen.","Katika studio Henrik FĂ¸hns na Anders HĂ¸gh Nissen. Asante na kwaheri."
"We have no excuse in this country, I'm sorry.","Hatuna visingizio kwenye nchi hii. Samahani."
"You have to train health staff.","Inabidi kuwafunza wafanyakazi wa afya."
"Abruptly the figure sat down, and before any one could realise was was being done, the slippers, socks, and trousers had been kicked off under the table.","Takwimu ghafla akaketi chini, kabla ya mtu kutambua inaweza ilikuwa ilikuwa ikifanywa, slippers, soksi, na suruali alikuwa ilianza chini ya meza."
"In India the natives spoke different dialects which only a few people understood, so she was not surprised when Martha used words she did not know.","Katika India wenyeji alisema lahaja mbalimbali ambayo watu wachache tu kueleweka, hivyo yeye hakuwa kushangaa wakati Martha alitumia maneno hakujua."
"'You'll do.","'Wewe utakuwa kufanya."
"- Let them watch.","- Waache kuangalia."
"Hast thou slain Tybalt? wilt thou slay thyself?","Wewe waliouawa Tybalt? Je, wewe mwenyewe kuua?"
"Grit in a sensitive instrument, or a crack in one of his own high-power lenses, would not be more disturbing than a strong emotion in a nature such as his.","Changarawe katika chombo nyeti, au ufa katika moja ya lenses yake mwenyewe high-nguvu, ingekuwa kuwa zaidi ya vurugu zaidi kuliko hisia kali katika asili kama vile wake."
"""Tha' does know how to get at a chap--tha' does!","""Tha 'haina kujua jinsi ya kupata katika chap - tha' gani!"
"It goes off in a night like it was pretendin' it had never been here an' never meant to come again.","Ni huenda mbali katika usiku kama ilikuwa pretendin 'alikuwa na kamwe kuwa hapa' kamwe maana ya kuja tena."
"'Do I look like it?' he said.","'Je, mimi kuangalia kama hili? ""Alisema."
"I am writing to a man of whom I've never asked a favour, and I am writing about you in terms that one only ventures to use when speaking of an intimate friend.","Mimi ni kuandika kwa mtu ambaye sijawahi aliuliza neema, na mimi kuandika kuhusu wewe katika suala kwamba ubia moja tu kwa matumizi ya wakati kuongea na rafiki wa karibu."
"'I couldn't help it,' said Five, in a sulky tone; 'Seven jogged my elbow.'","'Sikuweza kusaidia,' alisema tano, kwa sauti ya kimwa; 'Saba jogged elbow yangu.'"
"'Never!' said the Queen furiously, throwing an inkstand at the Lizard as she spoke.","'Hapana!' Alisema Malkia furiously, kutupa inkstand katika mjusi kama yeye alisema."
"They kill our livestock.","Wanaua mifugo yetu."
"The White Rabbit put on his spectacles.","Rabbit White kuvaa miwani yake."
"""Which are?""","""Hayo ni?"""
"Then her glance met Gregor's from the wall.","Basi jicho lake lilikutana Gregor kutoka ukuta."
"Those photos become linked, and they make something emergent that's greater than the sum of the parts.","Picha zote zinaunganishwa pamoja, na zinafanya kitu kutokea ambacho ni kubwa zaidi ya jumla ya sehemu ndogondogo."
"That's it!","Hiyo ni!"
"I've got a call.","Mimi nimepata simu."
"About noon he suddenly opened his parlour door and stood glaring fixedly at the three or four people in the bar.","Yapata saa sita mchana yeye ghafla alifungua mlango na chumba yake alisimama dhahiri fixedly saa tatu au watu wanne katika bar."
"--THE FAERlE QUEEN.","- Malkia FAERIE."
"I'm so unlucky being stuck with a boys only high school!","Mimi hivyo unlucky kuwa kukwama na wavulana wa shule ya sekondari tu!"
"It is introspective, and I want to introspect.","Ni introspective, na mimi nataka introspect."
"When chestnuts were ripe I laid up half a bushel for winter.","Wakati chestnuts walikuwa tayari mimi wameliweka pishi nusu kwa majira ya baridi."
"Yet here they all unite.","Hata hivyo hapa wote kuungana."
"""Don't it?","""Je, si hivyo?"
"It quite makes my forehead ache!'","Ni kabisa paji la uso wangu hufanya ache! '"
"To find fault in our wall painting.","Ili kupata kosa katika ukuta uchoraji yetu."
"Wilt thou not, Jule?' it stinted, and said 'Ay.'","Je, wataka si, Jule? 'Ni stinted, akasema' Ay. '"
"Capulet's Garden.","Capulet ya Garden."
"They're dreadfully fond of beheading people here; the great wonder is, that there's any one left alive!'","Wao ni dreadfully uzoefu wa beheading watu hapa, ajabu kubwa ni, kwamba kulikuwa na moja kushoto hai! '"
"But we are working ..","Lakini sisi ni kazi .."
"- Yes, auntie.","- Ndiyo, shangazi."
"It would be a pity to miss it.""","Itakuwa ni huruma na miss it. """
"All her clothes were thin and floating, and Mary said they were ""full of lace.""","Nguo zake wote walikuwa nyembamba na floating, na Maria kusema walikuwa ""kamili ya Lace."""
"'A mouse--of a mouse--to a mouse--a mouse-- O mouse!')","'Mouse - ya panya - kwa mouse - mouse - O mouse!')"
"""Well, if tha' doesn't go out tha'It have to stay in, an' what has tha' got to do?""","""Naam, kama tha 'haina kwenda nje tha'lt kukaa katika,' nini tha 'got nini?"""
"He is very busy with his job.","Yeye ni busy sana na kazi yake."
"I must hear from thee every day i' the hour,","Mimi lazima kusikia kutoka kwako kila siku i 'saa,"
"True enough, thought I, as this passage occurred to my mind--old black-letter, thou reasonest well.","Kweli kutosha, walidhani mimi, kama fungu hili yalitokea kwa akili yangu - zamani nyeusi-barua, wewe reasonest vizuri."
"I lived with that diagnosis all day.","Nilikaa na utambuaji huo siku nzima."
"looked like she had a kind face. I thought nothing of it until I saw from the corner of my eye she was walking from the opposite direction, also just staring at me.","Sikufikiria lolote kuhusu hilo mpaka nilipoona kutoka upande mmoja wa macho yangu alikuwa akielekea upande mwingine huku akinishangaa."
"Having once got hold they never let go, but struggled and wrestled and rolled on the chips incessantly.","Baada ya mara moja got kushikilia kamwe basi kwenda, lakini alijitahidi na aliyepigana na akavingirisha juu ya chips incessantly."
"I was a very public failure, and I even thought about running away from the Valley.","Kushindwa kwangu kulijulikana na wengi hata nilifikiri kukimbia Bonde."
"These bubbles are from an eightieth to an eighth of an inch in diameter, very clear and beautiful, and you see your face reflected in them through the ice.","Hawa Bubbles ni kutoka kwa eightieth ya nane ya inchi katika kipenyo, wazi na nzuri, na unaweza kuona uso wako inaonekana katika yao kwa njia ya barafu."
"Excuse me, but where is the faculty office?","Excuse me, lakini ambapo ni ofisi ya kitivo?"
"- Stop it, stop it!","- Stop hiyo, kuacha ni!"
"""Did you get Martha's letter?"" she asked.","""Je, Martha ya kupata barua?"" Aliuliza."
"The 4 pounds a week was a lure which must draw him, and what was it to them, who were playing for thousands?","Paundi 4 Juma itavutia ambayo lazima kuteka yake, na ni ipi kwa wao, ambao walikuwa kucheza kwa maelfu?"
"Let't get to work.","Let't kufanya kazi."
"Gomorrah, or belike, one of the missing murderers from Sodom.""","Gomora, au belike, mmoja wa wauaji kutokuwepo kwa Sodoma. """
"""Raise up your wheel.","""Kuongeza up gurudumu yako."
"This is a completely unsustainable pattern.","Huu ni mpangilio usio endelevu kabisa."
"This 2(7x+1) or we can even say -2(7x+1) so then this becomes 5x plus","Hii 2(7x+1) ama tunaweza sema -2(7x+1) Halafu itakuwa 5X ukiongeza na"
"'I don't believe it,' said the Pigeon; 'but if they do, why then they're a kind of serpent, that's all I can say.'","'Siamini hivyo,' alisema Pigeon, 'lakini kama hawana, kwa nini basi wao ni aina ya nyoka, kwamba ni yote ninayoweza kusema. '"
"Separate rooms until you graduate, okay?","Tenga vyumba mpaka kuhitimu, okay?"
"He eyed his interlocutor, and then glanced about him.","Yeye eyed interlocutor yake, kisha akapiga juu yake."
"But the little devil did not seem to fancy such dry sort of fare at all; he never moved his lips.","Lakini shetani kidogo hawakuwa wanaonekana dhana vile kavu aina ya nauli wakati wote, yeye kamwe wakiongozwa midomo yake."
"Romeo, hist!--O for a falconer's voice","Romeo, hist - O kwa sauti ya Falconer"
"Once we realized that, we decided it was time to do our own planning.","Mara tulipogundua hilo, tuliamua kuwa ni muda muafaka wa kupanga mipango yetu."
"He never troubles himself about no one.""","Yeye kamwe matatizo mwenyewe juu ya mtu yeyote."
"An' there you was,"" disappointedly, ""no more black than me--for all you're so yeller.""","'Hapo alikuwa, ""disappointedly,"" tena mweusi kuliko mimi - kwa ajili ya wote wewe ni hivyo yeller ""."
"I've had some great meals at cafeterias.","Nimefanikiwa kula vyakula vizuri sana katika migahawa."
"Like when you do a web search for images, you type in phrases, and the text on the web page is carrying a lot of information about what that picture is of.","Kwa mfano ukiwa unatafuta picha kwenye mtandao, unaandika vifungu vya maneno na maandishi katika ukurasa wa tovuti inabeba taarifa kuhusu picha hiyo ni ya nini."
"And that gave women the right to vote.","Na kuwapa wanawake haki ya kupiga kura."
"I have the honour to wish you a very good- morning.""","Mimi kuwa na heshima na wewe unataka asubuhi wema sana. """
"High school is not a crown, you know.","High shule si taji, unajua."
"In order to solve the climate crisis, we have to solve the democracy crisis.","Ili kuweza kutatua matatizo ya mabadiliko ya hali ya hewa, inabidi tutatue matatizo ya demokrasia."
"""There was ten year' ago,"" he mumbled.","""Kulikuwa na miaka kumi 'iliyopita,"" alisema mumbled."
"""It isn't mine.","""Ni si yangu."
"FRlAR Saint Francis be my speed! how oft to-night Have my old feet stumbled at graves!--Who's there?","FRIAR Saint Francis kuwa kasi wangu! jinsi mara nyingi hadi usiku Je, miguu yangu ya zamani mashaka katika makaburi - Nani huko?"
"And there is a suspicion he was not clear to himself either.","Na kuna dhana hakuwa wazi mwenyewe pia."
"Sometimes life is going to hit you in the head with a brick.","Wakati mwingine unapigwa kichwani na maisha."
"So 3 + 2 = 5. And we also saw that that's the exact same thing as if we add 2 + 3.","Na tumeona kuwamba hii ni sawa na kujumlisha 2+3"
"""In black distress, I called my God, When I could scarce believe him mine,","""Katika shida nyeusi, mimi kuitwa Mungu wangu, wakati mimi nilikuwa chache kuamini yangu,"
"Chapter 2.","Sura ya 2."
"""I am immensely indebted to you.","""Mimi ni mkubwa mzigo mkubwa wa madeni na wewe."
"""If tha' likes.","""Kama anapenda tha '."
"Tybalt's death Was woe enough, if it had ended there:","Tybalt ya kifo ilikuwa ole kutosha, kama alikuwa kumalizika huko:"
"This young man's father had been ascribed to the Panchen Lama.","Baba wa kijana huyu alitawazwa kuwa naibu wa Lama."
"Alice's shoulder as she added, 'and the moral of THAT is--""Take care of the sense, and the sounds will take care of themselves.""'","Alice bega kama aliongeza, 'na maadili ya kwamba ni - ""Tunza na akili, na sauti itachukua huduma ya wenyewe "". '"
"What do you mean?","Nini maana?"
"'Do you play croquet with the Queen to- day?' 'I should like it very much,' said Alice,","'Je, kucheza croquet na Malkia wa- siku '?' mimi lazima kama ni mengi sana, 'alisema Alice,"
"""Why did Mr. Craven hate the garden?"" she said.","Aliwaambia baada ya yeye alipomaliza karamu yake na wakawa wameketi juu ya rug makaa- kabla ya moto. ""Kwa nini Mheshimiwa Craven chuki bustani?"" Yeye alisema."
"Yes, your gun.","Ndiyo, bunduki yako."
"He snatched my hand as though he had just then seen it for the first time, and dropped it at once.","Yeye tutanyakuliwa mkono wangu kama ingawa yeye alikuwa tu kisha kuonekana ni kwa mara ya kwanza, na imeshuka hiyo kwa mara moja."
"The Carpet-Bag.","Carpet-Bag."
"At the church door, however, they separated, he driving back to the Temple, and she to her own house.","Katika mlango wa kanisa, hata hivyo, kutengwa, yeye kuendesha gari nyuma ya Hekalu, na yeye na nyumba yake mwenyewe."
"Now will we let the Gulf Coast languish for a decade or two,","Sasa tutaacha pwani ya Gulf iteketee kwa muongo mmoja au miwili kama ilvyokuwa kwa Bronx Kusini?"
"Whom have I the honour to address?""","Ambaye mimi heshima ya kushughulikia? """
"Thank you for coming.","Asante kwa kuja."
"This is actually a poster of Notre Dame that registered correctly.","Hii hakika ni picha ya Notre Dame ambayo imesajiliwa kwa usahihi."
"I don't think he understood that I wasn't asking for funding.","Sidhani kama alielewa kuwa nilikuwa siombi msaada."
"Being spoke behind your back than to your face.","Kuwa alizungumza nyuma yako kuliko kwa uso wako."
"""I'm an Invisible Man.","""Mimi Man Invisible."
"Wow, look at all this food.","Wow, kuangalia hii yote ya chakula."
"Come with me then.","Kuja na mimi basi."
"I would watch them for a while.","Napenda kuangalia yao kwa muda."
"He took a few steps here and there.","Alichukua hatua chache hapa na pale."
"- Ouch, it hurts!","- Ouch, inaumiza!"
"'A nice muddle their slates'll be in before the trial's over!' thought Alice.","'Mvurugo nzuri slates'll yao katika kabla ya kesi ya juu!' Walidhani Alice."
"Think true love acted simple modesty.","Fikiria upendo wa kweli alitenda heshima rahisi."
"What are you going to do with that?","Nini ni wewe kwenda kufanya na kwamba?"
"And let me sit quiet for a minute."" He sat up and felt his neck.","Na ningependa kukaa kimya kwa dakika. ""Yesu akaketi juu na waliona shingo yake."
"'I make you a present of everything I've said as yet.'","'I kufanya wewe sasa wa kila kitu wamesema bado.'"
"The King took a heavy chamois leather bag from under his cloak and laid it on the table.","Mfalme alichukua mfuko wa ngozi nzito chamois kutoka chini ya vazi lake na kuweka juu ya meza."
"Now, briefly, here's an image you've seen, as one of the only old images, but I show it because I want to briefly give you CSl:","Sasa, kwa ufupi hii hapa ni picha ambayo mmeiona kama moja ya picha za zamani, lakini ninaionyesha kwasababu ninataka kuwapa CSI:"
"""But it has twice been burgled."" ""Pshaw!","""Lakini inapaswa mara mbili wamekuwa burgled."" ""Pshaw!"
"Of mortals that fall back to gaze on him When he bestrides the lazy-pacing clouds","Ya binaadamu kwamba kuanguka nyuma kutazama juu yake Baada ya bestrides mawingu wavivu-pacing"
"Everyone was too panic-stricken to think of a little girl no one was fond of.","Kila mtu alikuwa pia kuchanganyikiwa kufikiri ya msichana mdogo hakuna mtu anapenda."
"Not as the myth is.","Sio kama tunavyofikiria."
"He goes to school where he can meet his pretty wife, and be surrounded by young high school girls.","Anaenda shule ambapo anaweza kukutana mkewe pretty, kuwa amezungukwa na na wasichana wadogo wa shule ya sekondari."
"What does it matter?""","Je, jambo? """
"That we may call it early by and by.-- Good night.","Kwamba tunaweza kuwaita kuwa ni mapema na kwa .-- na usiku mwema."
"ROMEO Pardon, good Mercutio, my business was great; and in such a case as mine a man may strain courtesy.","Romeo usamehe, nzuri Mercutio, biashara yangu ilikuwa kubwa, na katika vile kesi kama yangu mwanaume anaweza mnachuja heshima."
"When it reaches 1.38 times the mass of our Sun, gravity wins and the material can no longer stop from falling inwards so the star tries to starts to collapse.","Inapofikia uzito wa mara 1.38 wa Jua letu, nguvu ya uvutano inashinda. na maada zinashindwa kuzijuia kuingia ndani na nyota inaanza kujaribu kujisambaratisha."
"""I love you!""","""Nakupenda!"""
"Hey, wait!","Hey, kusubiri!"
"It doesn't look like one, but it is.'","Haionekani kama moja, lakini ni. '"
"""A sailor, I should judge,"" said Mr. Bunting.","""Baharia, mimi lazima hakimu,"" alisema Bw Bunting."
"And see how one another lends content; And what obscur'd in this fair volume lies","Na kuona ni jinsi gani mtu mwingine lends maudhui; Na nini obscur'd kwa kiasi hii haki ya uongo"
"You're such a loser!","Wewe ni loser vile!"
"- The kids are watching.","- Watoto ni kuangalia."
"See that man right there.","Kuona kwamba mtu hapo."
"Fie, fie, thou sham'st thy shape, thy love, thy wit;","Aibu, Aibu, wewe sham'st sura yako, upendo wako, yaani wako;"
"Over 2000 Free Full Movies www.YouTube.com/AntonPictures","Zaidi ya 2000 Bure Kamili Movies www.YouTube.com / AntonPictures"
"And this is a movement where -- this is started by a psychologist in Virginia, who says that you should never, ever lie, except maybe during poker and golf, his only exceptions.","Na huu ni muunganiko wa watu ulioanzishwa na mwanasaikolojia katika mji wa Virginia Ambaye anasema usiseme uongo kabisa. labda tu wakati unacheza kamari au mchezo wa golf."
"'Then the eleventh day must have been a holiday?'","'Basi, siku ya kumi na moja lazima kuwa likizo? '"
"""It looks nice,"" she said.","""Inaonekana nzuri,"" alisema."
"Great.","Mkuu."
"Well, when the first star runs out of nuclear fuel and collapses down into a tiny little star the second star can start dumping material onto it.","Sawa, pale nyota ya kwanza inapomaliza nishati yake ya nyuklia na kutawanyika katika nyota ndogo ndogo nyota ya pili itaanza kuipatia maada zake."
"Which is why that Ivy League degree and the Wall Street job and his bright shiny future meant so much to him.","Ndiyo sababu hiyo shahada yake kutoka zile shule bora zaidi Marekani, na kazi yake Wall Street na maisha yake mazuri siku za usoni zilikuwa za umuhimu mkubwa sana kwake."
"But I got a dreaming and sprawling about one night, and somehow, Sam got pitched on the floor, and came near breaking his arm.","Lakini mimi got dreaming na lenye juu ya usiku mmoja, na kwa namna fulani, Sam got akapiga juu ya sakafu, na alikuja karibu na kuvunja mkono wake."
"HVALT is arched or vaulted.""","HVALT ni arched au vaulted ""-."
"That reminded Mary of the first time she had seen him.","Aliwakumbusha kwamba Maria wa mara ya kwanza alikuwa mwona."
"How silver-sweet sound lovers' tongues by night, Like softest music to attending ears!","Jinsi fedha-tamu sauti wapenzi 'lugha kwa usiku, kama muziki softest kwa masikio kuhudhuria!"
"""I wonder where you found it,"" said Mrs. Hall.","""Nashangaa ambapo kupatikana,"" alisema Bi Hall."
"She was bound to have me in.","Yeye alikuwa amefungwa na mimi ndani"
"- Yes!","- Ndiyo!"
"BENVOLlO By my head, here come the Capulets.","BENVOLIO By kichwa changu, kuja hapa Capulets."
"She was not frightened, because he was a harmless little thing who would not hurt her and he seemed in a hurry to get out of the room.","Alikuwa si kuogopa, kwa sababu alikuwa wapole kidogo jambo ambao si kuumiza yake na alionekana na haraka ya kutoka nje ya chumba."
"She had a lot in a place she was fond of, an' she loved 'em like they was children-- or robins.","Yeye alikuwa na mengi katika mahali yeye alikuwa anapenda, 'yeye kupendwa' em kama wao ni watoto - au Robins."
"I walked round it and examined it closely from every point of view, but without noting anything else of interest.","Mimi kutembea pande zote na kuchunguza kwa karibu kutoka katika kila hatua ya maoni, lakini bila akibainisha kitu kingine chochote ya riba."
"Next came an angry voice--the Rabbit's-- 'Pat!","Next alisikia sauti hasira - Rabbit's - 'Pat!"
"Please, today.","Tafadhali, leo."
"If I split South Africa, it's like this.","Iwapo nikiigawa Afrika Kusini, iko kama hivi."
"""Do you hear any one crying?"" she said.","""Je, kusikia kilio moja?"" Alisema."
"And the United States up there is getting for longer life, keeping family size.","Na Marekani pale juu wanakuwa na maisha marefu, wanabaki na ukubwa wa familia."
"I am the youngest of that name, for fault of a worse.","Mimi ni mdogo wa kwamba jina, kwa kosa la kuwa mbaya zaidi."
"Karl Marx himself viewed Communism as kind of a progression from Capitalism through Socialism to Communism.","Karl Marx aliona ukomunisti kama maendeleo kutoka ukapitalisti mpaka ukoministi kupitia usocialisti"
"But the students are not there.","Lakini wanafunzi hawapo huko."
"But stop; does it not bear a faint resemblance to a gigantic fish? even the great leviathan himself?","Lakini kuacha; gani kuvumilia kufanana kukata tamaa kwa samaki mkubwa? hata kubwa leviathan mwenyewe?"
"And once this path is constructed, it'll connect the South Bronx with more than 400 acres of Randall's Island Park.","Na mara hii njia ikishajengwa, itaunganisha Bronx Kusini na zaidi ya ekari 400 za bustani ya mapumziko ya Randall's Island."
"'A cat may look at a king,' said Alice.","'Paka inaweza kuangalia mfalme,' alisema Alice."
"Unless that husband send it me from heaven By leaving earth?--comfort me, counsel me.--","Kama mume kutuma mimi kutoka mbinguni kwa kuacha dunia -? Faraja yangu, shauri yangu .--"
"Well, what does that mean?","Vema, hiyo ina maana gani?"
"There are a lot of ways the people around us can help improve our lives.","Kuna njia nyingi ambazo watu wanaotuzunguka wanaweza kuboresha maisha yetu"
"PRlNCE Where are the vile beginners of this fray?","PRINCE wapi Kompyuta mbovu wa Fray hii?"
"She thought of the robin and of the way he seemed to sing his song at her, and as she remembered the tree-top he perched on she stopped rather suddenly on the path.","Yeye mawazo ya robin na ya njia alionekana kuimba wimbo wake katika wake, na kama yeye ikumbukwe mti-juu yeye perched juu ya yeye kusimamishwa badala ghafla juu ya njia."
"Stop staring.","Stop staring."
"He turned his head and looked at her over his shoulder.","Yeye akageuka kichwa yake na kuangalia saa yake juu ya bega lake."
"It's something amazing what happened to me.","Ni kitu cha kushangaza kile kilichotokea kwangu."
"Your father won't let you do this in a million years.","Baba yako si basi wewe kufanya hii katika miaka milioni."
"Antony! and Potpan!","Antony! na Potpan!"
"'We had the best of educations--in fact, we went to school every day--'","'Tulikuwa na bora ya elimu - kwa kweli, sisi akaenda shule kila siku - '"
"Hey, is it a black or white girl?","Hey, ni msichana mweusi au mweupe?"
"A change in commitment.","Mabadiliko katika malengo."
"""I think, Watson, that you have put on seven and a half pounds since I saw you.""","""Nadhani, Watson, kwa kuwa kuweka kwenye saba na nusu tangu paundi nilikuona. """
"I can only go up to twenty."" ""Tha' keep on,"" said Ben.","Naweza kwenda ishirini. "" Tha 'kuendelea, ""alisema Ben."
"'I told you butter wouldn't suit the works!' he added looking angrily at the","'Niliwaambieni siagi bila suti kazi!' Aliongeza kuangalia kwa hasira katika"
"Your grandpa was your principal's military senior.","Yako babu alikuwa mkuu wako wa kijeshi wa mwandamizi."
"Lebanon, Pennsylvania, U. S. A., there is now another vacancy open which entitles a member of the League to a salary of 4 pounds a week for purely nominal services.","Lebanon, Pennsylvania, USA, sasa kuna nafasi nyingine ya wazi ambayo entitles mwanachama wa Ligi ya mshahara wa paundi 4 wiki kwa ajili ya huduma rena nominella."
"- Sit, sit and eat.","- Keti, kukaa na kula."
"Aurora is trying to find the target, no matter where it is.","Aurora anajaribu kufikia hatua, popote ilipo."
"ROMEO Alack, there lies more peril in thine eye","Romeo Alack, ndipo kuna hatari zaidi katika jicho lako"
"""Oh, no,"" said he, looking a sort of diabolically funny, ""the harpooneer is a dark complexioned chap.","""Oh, no,"" alisema yeye, kuangalia aina ya funny diabolically, ""harpooneer ni giza complexioned chap."
"NURSE See where she comes from shrift with merry look.","Muuguzi Angalia ambapo yeye huja kutoka shrift na kuangalia sherehe."
"ROMEO Not having that which, having, makes them short.","Kutokufanya Romeo hayo, kuwa, inawafanya mfupi."
"ROMEO I warrant thee, my man's as true as steel.","Romeo mimi hati yako, mtu wangu kama kweli kama chuma."
"It's all cypher, Bunting.""","Ni wote cypher, Bunting. """
"Bedford, ere I could embark for my destined port, it became a matter of concernment where I was to eat and sleep meanwhile.","Bedford, kabla ya kuwafikia mimi naweza kuanza kwa bandari yangu zinazopelekwa, ilikuwa suala la concernment ambako nilikuwa kula na kulala wakati huo huo."
"Alice was thoroughly puzzled.","Alice alikuwa kabisa puzzled."
"They have a pamphlet that says,","Wana kijarida ambacho kinasema,"
"Jaffers got up also and produced a pair of handcuffs.","Jaffers got up pia na zinazozalishwa jozi ya pingu."
"As he had approached Mr. Marvel he had heard a sound like the dropping of coins into a pocket.","Kama yeye alikuwa akakaribia Mheshimiwa Usistaajabu alikuwa amesikia sauti kama kuacha ya sarafu ndani ya mfukoni."
"Delight is to him, who gives no quarter in the truth, and kills, burns, and destroys all sin though he pluck it out from under the robes of Senators and Judges.","Furaha ni yule ambaye anatoa hakuna robo katika kweli, na unaua, nzito, na kuharibu dhambi zote ingawa ling'oe kutoka chini ya mavazi ya Maseneta na Waamuzi."
"He struck at it.","Akampiga saa yake."
"On others he would rise late, pace his room, fretting audibly for hours together, smoke, sleep in the armchair by the fire.","Kwa wengine kufufuliwa marehemu, kasi chumba yake, fretting audibly kwa saa pamoja, moshi, kulala katika armchair kwa moto."
"He does not appear to have been either very much frightened or very greatly surprised at the moment.","Yeye si kuonekana kuwa aidha sana hofu au kushangazwa sana sana kwa sasa."
"Somebody ran by outside.","Mtu mbio na nje."
"TYBALT Thou, wretched boy, that didst consort him here,","TYBALT Wewe, maskini kijana, kwamba ulipo mke naye hapa,"
"She was not sure she had heard him, and was about to repeat her question.","Yeye hakuwa na uhakika alikuwa na habari zake, na alikuwa karibu kurudia swali lake."
"NURSE Out upon you! what a man are you!","Muuguzi Kati juu yenu! nini mtu ni wewe!"
"Shalt with him hence.","Utakuwa pamoja naye hapa."
"Pennyworth only of beautiful Soup?","Fedha dinari tu ya Soup nzuri?"
"An alligator stuff'd, and other skins Of ill-shaped fishes; and about his shelves A beggarly account of empty boxes, Green earthen pots, bladders, and musty seeds,","Alligator stuff'd, na ngozi nyengine ya samaki mgonjwa-umbo, na juu ya rafu zake beggarly akaunti ya masanduku tupu, Green udongo vyungu, bladders, na mbegu musty,"
"'I'm too stiff. And the Gryphon never learnt it.' 'Hadn't time,' said the Gryphon:","Na Gryphon kamwe kujifunza ni 'Kama si muda,' alisema Gryphon: nilikwenda"
"It is most refreshingly unusual.","Ni wengi refreshingly kawaida."
"Boeun!","Boeun!"
"Killing that love which thou hast vow'd to cherish; Thy wit, that ornament to shape and love,","Mauaji ya kwamba upendo uliyo vow'd Cherish; wako yaani, kwamba pambo kwa sura na upendo,"
"""Who's coming?"" he said, so startled that his costume narrowly escaped disintegration.","""Nani inayokuja?"" Alisema, hivyo startled kwamba Costume yake narrowly alitoroka kutengana."
"""Spurted, sir,"" said Dr. Kemp.","""Spurted, sir,"" alisema Dk Kemp."
"She wakes; and I entreated her come forth And bear this work of heaven with patience:","Yeye vilio, na mimi vibaya wake watatoka Na kubeba kazi ya mbinguni pamoja na uvumilivu:"
"- No, I can handle them.","- Hapana, siwezi kushughulikia yao."
"JULlET Thou knowest the mask of night is on my face;","Juliet Wewe unajua mask ya usiku ni juu ya uso wangu;"
"Pest, how can you do this to me...","Wadudu, jinsi gani unaweza kufanya hili kwangu..."
"What you will notice is that the user interface, the appearance of Firefox 4, will have evolved significantly.","Nini utakuwa taarifa ni kwamba interface user, muonekano wa Firefox 4, itakuwa tolewa kwa kiasi kikubwa."
"leaning over sadly.","leaning juu ya huzuni."
"He commenced dressing at top by donning his beaver hat, a very tall one, by the by, and then--still minus his trowsers--he hunted up his boots.","Alianza dressing kwa juu na donning Beaver kofia yake, mtu mrefu sana, na kwa, na basi - bado minus trowsers yake - yeye kuwindwa up buti yake."
"They can only be taken orally if taken in conjunction with some other chemical that denatures the MAO.","Vinaweza kunywewa tu iwapo vitachanganywa na kemikali nyinginezo zinazoweza kuathiri vimeng'enya vya MAO"
"What's it all about?""","Nini yote juu ya nani? """
"Come, let's along.","Njoo, hebu pamoja."
"""Sartain, and that's the very reason he can't sell it, I guess.""","""Sartain, na hiyo ni sababu sana hawezi kuuza, mimi nadhani."""
"NURSE Weeping and wailing over Tybalt's corse:","Muuguzi kilio na maombolezo juu ya corse Tybalt ya:"
"Unfortunately it seemed that he had no real teeth.","Kwa bahati mbaya ilionekana kuwa alikuwa na meno hakuna halisi."
"""His face fell immediately. ""'Dear me!' he said gravely, 'that is very serious indeed!","""Uso wake akaanguka mara moja. ""Ndugu yangu!"" Alisema vikubwa, 'ambayo ni mbaya sana kwa kweli!"
"--Mind that loose slate--Oh, it's coming down!","- Mind kwamba slate huru - Oh, inatokea chini!"
"That in gold clasps locks in the golden story; So shall you share all that he doth possess,","Kwamba katika kufuli dhahabu vifungo katika hadithi ya dhahabu; Ndivyo wewe kushiriki yote mwenye kumiliki,"
"How are you hid?""","Habari gani kujificha? """
"Derision.'","Dhihaka. '"
"Basically where I grew up is same thing like in New York city.","Kimsingi ambapo mimi ikakua ni sawa kitu kama katika New York mji."
"The Byzantine Empire, on the other hand, would last another thousand years.","Umoja ni wa Kanisa la Katholiki na Papa yake tu. Kwa upande mwingine, Dola ya Kibizantini ilidumu kwa miaka elfu moja."
"He was just enough civilized to show off his outlandishness in the strangest possible manners.","Yeye alikuwa tu kutosha kistaarabu kuonyesha mbali outlandishness wake katika strangest inawezekana tabia."
"""I heerd that, Mrs. Hall,"" said Henfrey.","""Mimi heerd kwamba, Bibi Hall,"" alisema Henfrey."
"Boeun has a lop-sided butt!","Boeun ina kitako lop-SIDED!"
"What says he of our marriage? what of that?","Nini anasema ya ndoa yetu? yale ya kwamba?"
"""Stop thief!"" and he ran obliquely across the oblong towards the yard gates, and vanished.","""Stop mwizi!"" Na yeye mbio obliquely katika mviringo kwa milango yard, na zilipotea."
"There, she found more walls and winter vegetables and glass frames, but in the second wall there was another green door and it was not open.","Huko, yeye amepata kuta na mboga zaidi ya majira ya baridi na muafaka kioo, lakini katika pili ukuta kulikuwa na mlango mwingine kijani na haikuwa wazi."
"She had never known it to be so silent before.","Hajawahi inayojulikana tu iwe hivyo kwa kimya kabla ya."
"Use your influence in support of comprehensive, sustainable change everywhere.","Tumieni utashi wenu kuunga mkonomabadiliko endelevu madhubiti kila mahali."
"- Ah, delicious.","- Ah, ladha."
"Yes; all these brave houses and flowery gardens came from the Atlantic, Pacific, and Indian oceans.","Ndio, nyumba hizi zote jasiri na bustani flowery alifika kutoka Atlantiki, Pasifiki na bahari ya Hindi."
"""That I wonder where you found it,"" said","""Hiyo mimi ajabu ambapo kupatikana,"" alisema"
"How can the scholar, who dwells away in the North West Territory or the Isle of Man, tell what is parliamentary in the kitchen?","Jinsi gani msomi, ambaye anaishi mbali katika Wilaya ya Kaskazini Magharibi au Isle of Man, kuwaambia nini ni ubunge katika jikoni?"
"Alike bewitched by the charm of looks; But to his foe suppos'd he must complain,","Sawa rogwa na charm ya inaonekana; Lakini mpinzani wake wa suppos'd lazima kulalamika,"
"She was quite a beauty.","Alikuwa uzuri kabisa."
"Woe to him whose good name is more to him than goodness!","Ole kwa yule ambaye jina lake ni nzuri zaidi naye kuliko wema!"
"SAMPSON Well, sir.","Sampson Naam, Mheshimiwa."
"Thou shall not stereotype.","Usilidharau"
"Harry Gill; in most parts of the world the prince and the peasant, the scholar and the savage, equally require still a few sticks from the forest to warm them and cook their food.","Harry Gill, katika sehemu nyingi za dunia mkuu na wakulima, msomi na savage, sawa bado zinahitaji vijiti chache kutoka misitu na joto yao na kupika yao chakula."
"""Now perhaps I can actually turn myself around,"" thought Gregor and began the task again.","""Sasa labda mimi kweli anaweza kugeuka mwenyewe kote,"" mawazo Gregor na kuanza kazi tena."
"One dollar, 10 dollars or 100 dollars per day.","Dola moja, dola 10 au dola 100 kwa siku."
"On the contrary, for a small street in a quiet neighbourhood, it was remarkably animated.","Kinyume chake, kwa ajili ya barabara ndogo katika kitongoji utulivu, ilikuwa inashangaza animated."
"Being a divine, a ghostly confessor, A sin-absolver, and my friend profess'd,","Ni Mungu, confessor ghostly, dhambi absolver, na rafiki yangu profess'd,"
